customer_id,customer_name,customer_segment,region,signup_date,order_id,order_amount,order_status,order_date
1,Customer_1,B2C,West,2023-01-01,51464.0,69.54,completed,2024-02-15
1,Customer_1,B2C,West,2023-01-01,51870.0,186.35,completed,2024-02-28
1,Customer_1,B2C,West,2023-01-01,52077.0,169.4,completed,2024-03-05
1,Customer_1,B2C,West,2023-01-01,52475.0,40.42,completed,2024-03-18
1,Customer_1,B2C,West,2023-01-01,53609.0,187.75,shipped,2024-04-22
1,Customer_1,B2C,West,2023-01-01,53680.0,183.93,shipped,2024-04-24
1,Customer_1,B2C,West,2023-01-01,53737.0,181.81,completed,2024-04-26
2,Customer_2,Enterprise,East,2023-01-01,52559.0,180.38,cancelled,2024-03-20
3,Customer_3,SMB,Central,2023-01-01,50143.0,20.43,completed,2024-01-05
3,Customer_3,SMB,Central,2023-01-01,50733.0,286.26,shipped,2024-01-23
3,Customer_3,SMB,Central,2023-01-01,52754.0,490.45,completed,2024-03-27
3,Customer_3,SMB,Central,2023-01-01,53912.0,16.18,completed,2024-05-02
4,Customer_4,B2C,North,2023-01-02,50894.0,40.1,completed,2024-01-28
4,Customer_4,B2C,North,2023-01-02,50918.0,59.12,completed,2024-01-29
4,Customer_4,B2C,North,2023-01-02,51910.0,405.84,completed,2024-02-29
5,Customer_5,B2B,Central,2023-01-02,50395.0,104.13,completed,2024-01-13
5,Customer_5,B2B,Central,2023-01-02,51023.0,25.79,completed,2024-02-01
5,Customer_5,B2B,Central,2023-01-02,52024.0,104.15,completed,2024-03-04
5,Customer_5,B2B,Central,2023-01-02,52942.0,165.66,completed,2024-04-01
6,Customer_6,B2B,North,2023-01-02,51150.0,200.9,completed,2024-02-05
6,Customer_6,B2B,North,2023-01-02,51286.0,54.9,completed,2024-02-10
6,Customer_6,B2B,North,2023-01-02,51405.0,181.44,pending,2024-02-13
6,Customer_6,B2B,North,2023-01-02,52276.0,378.27,completed,2024-03-12
6,Customer_6,B2B,North,2023-01-02,52716.0,58.67,cancelled,2024-03-25
6,Customer_6,B2B,North,2023-01-02,53147.0,445.32,completed,2024-04-08
7,Customer_7,B2B,South,2023-01-03,51683.0,20.23,completed,2024-02-22
7,Customer_7,B2B,South,2023-01-03,51711.0,109.04,completed,2024-02-23
7,Customer_7,B2B,South,2023-01-03,53019.0,82.15,shipped,2024-04-04
7,Customer_7,B2B,South,2023-01-03,53022.0,224.43,shipped,2024-04-04
7,Customer_7,B2B,South,2023-01-03,53831.0,158.08,completed,2024-04-29
8,Customer_8,SMB,North,2023-01-03,50382.0,443.66,completed,2024-01-12
8,Customer_8,SMB,North,2023-01-03,50901.0,123.08,pending,2024-01-29
8,Customer_8,SMB,North,2023-01-03,50919.0,236.93,completed,2024-01-29
8,Customer_8,SMB,North,2023-01-03,52135.0,74.34,completed,2024-03-07
8,Customer_8,SMB,North,2023-01-03,52409.0,207.37,completed,2024-03-16
8,Customer_8,SMB,North,2023-01-03,52493.0,253.93,pending,2024-03-18
8,Customer_8,SMB,North,2023-01-03,53338.0,27.56,shipped,2024-04-14
8,Customer_8,SMB,North,2023-01-03,54155.0,162.78,completed,2024-05-09
9,Customer_9,B2C,West,2023-01-03,50099.0,221.34,shipped,2024-01-04
9,Customer_9,B2C,West,2023-01-03,52818.0,26.19,completed,2024-03-29
10,Customer_10,SMB,East,2023-01-04,50016.0,110.37,shipped,2024-01-01
10,Customer_10,SMB,East,2023-01-04,50055.0,81.43,shipped,2024-01-02
10,Customer_10,SMB,East,2023-01-04,51200.0,66.44,completed,2024-02-07
10,Customer_10,SMB,East,2023-01-04,53660.0,185.91,completed,2024-04-24
10,Customer_10,SMB,East,2023-01-04,53847.0,24.12,completed,2024-04-30
10,Customer_10,SMB,East,2023-01-04,54412.0,209.64,completed,2024-05-17
11,Customer_11,B2B,South,2023-01-04,51802.0,84.34,completed,2024-02-26
11,Customer_11,B2B,South,2023-01-04,54764.0,285.81,completed,2024-05-28
12,Customer_12,Enterprise,North,2023-01-04,50372.0,218.64,completed,2024-01-12
12,Customer_12,Enterprise,North,2023-01-04,50820.0,421.16,completed,2024-01-26
12,Customer_12,Enterprise,North,2023-01-04,52263.0,400.34,completed,2024-03-11
12,Customer_12,Enterprise,North,2023-01-04,52377.0,83.3,pending,2024-03-15
12,Customer_12,Enterprise,North,2023-01-04,52454.0,181.96,completed,2024-03-17
12,Customer_12,Enterprise,North,2023-01-04,52801.0,49.31,completed,2024-03-28
12,Customer_12,Enterprise,North,2023-01-04,53342.0,64.74,completed,2024-04-14
12,Customer_12,Enterprise,North,2023-01-04,54007.0,22.98,completed,2024-05-05
13,Customer_13,SMB,Central,2023-01-05,50373.0,296.17,completed,2024-01-12
13,Customer_13,SMB,Central,2023-01-05,50578.0,32.56,completed,2024-01-19
13,Customer_13,SMB,Central,2023-01-05,50598.0,226.46,shipped,2024-01-19
13,Customer_13,SMB,Central,2023-01-05,50936.0,63.83,shipped,2024-01-30
13,Customer_13,SMB,Central,2023-01-05,50960.0,59.89,completed,2024-01-30
13,Customer_13,SMB,Central,2023-01-05,51895.0,78.94,cancelled,2024-02-29
13,Customer_13,SMB,Central,2023-01-05,52026.0,76.94,completed,2024-03-04
13,Customer_13,SMB,Central,2023-01-05,52040.0,176.01,pending,2024-03-04
13,Customer_13,SMB,Central,2023-01-05,52845.0,130.01,completed,2024-03-29
13,Customer_13,SMB,Central,2023-01-05,53345.0,226.63,shipped,2024-04-14
14,Customer_14,B2B,South,2023-01-05,50153.0,65.86,completed,2024-01-05
14,Customer_14,B2B,South,2023-01-05,50360.0,163.13,pending,2024-01-12
14,Customer_14,B2B,South,2023-01-05,53106.0,227.87,completed,2024-04-07
14,Customer_14,B2B,South,2023-01-05,54407.0,17.94,completed,2024-05-17
15,Customer_15,B2B,South,2023-01-05,50503.0,35.23,shipped,2024-01-16
15,Customer_15,B2B,South,2023-01-05,52064.0,270.39,completed,2024-03-05
15,Customer_15,B2B,South,2023-01-05,52138.0,214.04,completed,2024-03-07
15,Customer_15,B2B,South,2023-01-05,53176.0,256.41,completed,2024-04-09
16,Customer_16,B2B,North,2023-01-06,51094.0,143.73,completed,2024-02-04
16,Customer_16,B2B,North,2023-01-06,51969.0,67.98,completed,2024-03-02
16,Customer_16,B2B,North,2023-01-06,52581.0,16.52,completed,2024-03-21
16,Customer_16,B2B,North,2023-01-06,54215.0,145.57,completed,2024-05-11
17,Customer_17,B2C,South,2023-01-06,50679.0,252.56,completed,2024-01-22
17,Customer_17,B2C,South,2023-01-06,51261.0,53.79,completed,2024-02-09
17,Customer_17,B2C,South,2023-01-06,51269.0,109.54,completed,2024-02-09
17,Customer_17,B2C,South,2023-01-06,51440.0,21.32,completed,2024-02-14
17,Customer_17,B2C,South,2023-01-06,53646.0,94.6,completed,2024-04-23
17,Customer_17,B2C,South,2023-01-06,54851.0,90.86,shipped,2024-05-31
18,Customer_18,B2C,Central,2023-01-06,52450.0,85.95,completed,2024-03-17
18,Customer_18,B2C,Central,2023-01-06,54660.0,248.86,completed,2024-05-25
19,Customer_19,B2C,South,2023-01-07,50114.0,216.45,shipped,2024-01-04
19,Customer_19,B2C,South,2023-01-07,50567.0,38.98,completed,2024-01-18
19,Customer_19,B2C,South,2023-01-07,50981.0,694.03,completed,2024-01-31
19,Customer_19,B2C,South,2023-01-07,51243.0,97.0,pending,2024-02-08
19,Customer_19,B2C,South,2023-01-07,51297.0,258.73,completed,2024-02-10
19,Customer_19,B2C,South,2023-01-07,52940.0,192.74,shipped,2024-04-01
19,Customer_19,B2C,South,2023-01-07,53398.0,107.06,completed,2024-04-16
19,Customer_19,B2C,South,2023-01-07,53673.0,60.87,completed,2024-04-24
19,Customer_19,B2C,South,2023-01-07,54068.0,34.65,completed,2024-05-07
19,Customer_19,B2C,South,2023-01-07,54711.0,74.91,completed,2024-05-27
20,Customer_20,B2C,Central,2023-01-07,50157.0,18.38,pending,2024-01-05
20,Customer_20,B2C,Central,2023-01-07,50409.0,221.7,completed,2024-01-13
20,Customer_20,B2C,Central,2023-01-07,52706.0,237.25,completed,2024-03-25
20,Customer_20,B2C,Central,2023-01-07,53824.0,85.96,completed,2024-04-29
20,Customer_20,B2C,Central,2023-01-07,53980.0,339.56,completed,2024-05-04
20,Customer_20,B2C,Central,2023-01-07,54271.0,216.02,completed,2024-05-13
21,Customer_21,B2C,North,2023-01-07,50379.0,187.2,completed,2024-01-12
21,Customer_21,B2C,North,2023-01-07,50869.0,136.41,cancelled,2024-01-28
21,Customer_21,B2C,North,2023-01-07,51156.0,26.55,completed,2024-02-06
21,Customer_21,B2C,North,2023-01-07,53976.0,107.55,completed,2024-05-04
22,Customer_22,B2B,East,2023-01-08,50343.0,189.03,completed,2024-01-11
22,Customer_22,B2B,East,2023-01-08,51244.0,25.64,completed,2024-02-08
22,Customer_22,B2B,East,2023-01-08,51462.0,69.65,completed,2024-02-15
22,Customer_22,B2B,East,2023-01-08,52815.0,227.13,completed,2024-03-28
22,Customer_22,B2B,East,2023-01-08,53637.0,262.15,completed,2024-04-23
22,Customer_22,B2B,East,2023-01-08,54008.0,386.81,completed,2024-05-05
22,Customer_22,B2B,East,2023-01-08,54132.0,184.87,completed,2024-05-09
22,Customer_22,B2B,East,2023-01-08,54251.0,29.1,completed,2024-05-12
22,Customer_22,B2B,East,2023-01-08,54701.0,83.61,cancelled,2024-05-26
23,Customer_23,B2C,South,2023-01-08,50125.0,70.41,completed,2024-01-04
23,Customer_23,B2C,South,2023-01-08,52255.0,45.48,completed,2024-03-11
23,Customer_23,B2C,South,2023-01-08,52699.0,342.28,completed,2024-03-25
23,Customer_23,B2C,South,2023-01-08,53094.0,341.93,pending,2024-04-06
24,Customer_24,B2C,East,2023-01-08,,,,
25,Customer_25,B2C,Central,2023-01-09,50296.0,120.44,completed,2024-01-10
25,Customer_25,B2C,Central,2023-01-09,50824.0,63.65,pending,2024-01-26
25,Customer_25,B2C,Central,2023-01-09,51060.0,291.31,pending,2024-02-03
25,Customer_25,B2C,Central,2023-01-09,53035.0,336.81,shipped,2024-04-04
25,Customer_25,B2C,Central,2023-01-09,53063.0,297.16,pending,2024-04-05
25,Customer_25,B2C,Central,2023-01-09,53642.0,92.0,completed,2024-04-23
25,Customer_25,B2C,Central,2023-01-09,53661.0,205.94,completed,2024-04-24
25,Customer_25,B2C,Central,2023-01-09,54228.0,176.61,pending,2024-05-12
25,Customer_25,B2C,Central,2023-01-09,54435.0,212.86,completed,2024-05-18
25,Customer_25,B2C,Central,2023-01-09,54855.0,523.62,completed,2024-05-31
26,Customer_26,SMB,South,2023-01-09,50420.0,260.99,pending,2024-01-14
26,Customer_26,SMB,South,2023-01-09,50489.0,24.53,shipped,2024-01-16
26,Customer_26,SMB,South,2023-01-09,52430.0,236.39,completed,2024-03-16
26,Customer_26,SMB,South,2023-01-09,52928.0,129.18,shipped,2024-04-01
26,Customer_26,SMB,South,2023-01-09,54611.0,71.07,completed,2024-05-24
27,Customer_27,B2B,West,2023-01-09,50688.0,21.36,completed,2024-01-22
27,Customer_27,B2B,West,2023-01-09,51965.0,22.15,completed,2024-03-02
27,Customer_27,B2B,West,2023-01-09,52431.0,15.33,shipped,2024-03-16
28,Customer_28,B2C,East,2023-01-10,51221.0,57.92,completed,2024-02-08
28,Customer_28,B2C,East,2023-01-10,52190.0,303.09,shipped,2024-03-09
28,Customer_28,B2C,East,2023-01-10,53326.0,467.73,shipped,2024-04-13
28,Customer_28,B2C,East,2023-01-10,53765.0,299.24,completed,2024-04-27
29,Customer_29,B2C,South,2023-01-10,51436.0,20.33,shipped,2024-02-14
29,Customer_29,B2C,South,2023-01-10,51835.0,190.5,completed,2024-02-27
29,Customer_29,B2C,South,2023-01-10,53045.0,151.75,completed,2024-04-05
29,Customer_29,B2C,South,2023-01-10,54530.0,137.07,completed,2024-05-21
30,Customer_30,B2B,East,2023-01-10,50593.0,38.95,pending,2024-01-19
30,Customer_30,B2B,East,2023-01-10,50804.0,96.68,completed,2024-01-26
30,Customer_30,B2B,East,2023-01-10,51239.0,92.98,completed,2024-02-08
30,Customer_30,B2B,East,2023-01-10,51323.0,33.84,completed,2024-02-11
30,Customer_30,B2B,East,2023-01-10,51947.0,180.29,cancelled,2024-03-01
30,Customer_30,B2B,East,2023-01-10,53706.0,185.35,completed,2024-04-25
30,Customer_30,B2B,East,2023-01-10,54626.0,546.1,cancelled,2024-05-24
31,Customer_31,B2C,South,2023-01-11,50182.0,32.11,completed,2024-01-06
31,Customer_31,B2C,South,2023-01-11,51442.0,23.05,completed,2024-02-15
31,Customer_31,B2C,South,2023-01-11,52452.0,182.06,completed,2024-03-17
31,Customer_31,B2C,South,2023-01-11,53991.0,29.38,shipped,2024-05-04
31,Customer_31,B2C,South,2023-01-11,54829.0,176.98,completed,2024-05-30
32,Customer_32,B2B,North,2023-01-11,52524.0,47.78,cancelled,2024-03-19
32,Customer_32,B2B,North,2023-01-11,53395.0,331.71,shipped,2024-04-16
32,Customer_32,B2B,North,2023-01-11,54610.0,33.98,shipped,2024-05-24
33,Customer_33,B2B,East,2023-01-11,53426.0,350.28,completed,2024-04-17
33,Customer_33,B2B,East,2023-01-11,53644.0,530.37,completed,2024-04-23
33,Customer_33,B2B,East,2023-01-11,54916.0,457.75,completed,2024-06-02
34,Customer_34,Enterprise,West,2023-01-12,52498.0,20.88,completed,2024-03-19
35,Customer_35,Enterprise,West,2023-01-12,50917.0,60.69,shipped,2024-01-29
35,Customer_35,Enterprise,West,2023-01-12,51159.0,29.98,completed,2024-02-06
35,Customer_35,Enterprise,West,2023-01-12,52504.0,36.29,completed,2024-03-19
35,Customer_35,Enterprise,West,2023-01-12,53314.0,23.38,completed,2024-04-13
35,Customer_35,Enterprise,West,2023-01-12,54683.0,56.58,completed,2024-05-26
35,Customer_35,Enterprise,West,2023-01-12,54994.0,434.27,completed,2024-06-05
36,Customer_36,SMB,Central,2023-01-12,53857.0,401.72,pending,2024-04-30
36,Customer_36,SMB,Central,2023-01-12,54333.0,176.74,completed,2024-05-15
37,Customer_37,B2C,South,2023-01-13,52051.0,110.38,completed,2024-03-05
38,Customer_38,B2B,East,2023-01-13,51352.0,233.62,shipped,2024-02-12
38,Customer_38,B2B,East,2023-01-13,51616.0,257.62,shipped,2024-02-20
38,Customer_38,B2B,East,2023-01-13,51944.0,202.36,shipped,2024-03-01
38,Customer_38,B2B,East,2023-01-13,53425.0,198.98,shipped,2024-04-17
39,Customer_39,B2C,Central,2023-01-13,50769.0,197.79,completed,2024-01-25
39,Customer_39,B2C,Central,2023-01-13,51227.0,115.88,completed,2024-02-08
39,Customer_39,B2C,Central,2023-01-13,51407.0,416.09,shipped,2024-02-13
39,Customer_39,B2C,Central,2023-01-13,51922.0,405.98,pending,2024-03-01
39,Customer_39,B2C,Central,2023-01-13,52690.0,17.37,completed,2024-03-25
39,Customer_39,B2C,Central,2023-01-13,54026.0,96.86,completed,2024-05-05
39,Customer_39,B2C,Central,2023-01-13,54196.0,298.97,cancelled,2024-05-11
40,Customer_40,B2C,East,2023-01-14,51196.0,153.39,completed,2024-02-07
40,Customer_40,B2C,East,2023-01-14,51665.0,435.36,completed,2024-02-22
40,Customer_40,B2C,East,2023-01-14,52078.0,130.28,completed,2024-03-05
40,Customer_40,B2C,East,2023-01-14,53561.0,30.13,completed,2024-04-21
40,Customer_40,B2C,East,2023-01-14,54771.0,28.78,pending,2024-05-29
41,Customer_41,B2B,South,2023-01-14,50401.0,54.84,completed,2024-01-13
41,Customer_41,B2B,South,2023-01-14,52320.0,211.54,completed,2024-03-13
41,Customer_41,B2B,South,2023-01-14,52548.0,59.54,completed,2024-03-20
41,Customer_41,B2B,South,2023-01-14,53028.0,52.07,completed,2024-04-04
41,Customer_41,B2B,South,2023-01-14,54561.0,38.78,pending,2024-05-22
41,Customer_41,B2B,South,2023-01-14,54595.0,160.82,shipped,2024-05-23
41,Customer_41,B2B,South,2023-01-14,54880.0,33.93,completed,2024-06-01
42,Customer_42,B2C,West,2023-01-14,50996.0,148.82,completed,2024-02-01
42,Customer_42,B2C,West,2023-01-14,51603.0,29.37,pending,2024-02-20
42,Customer_42,B2C,West,2023-01-14,53030.0,25.1,completed,2024-04-04
43,Customer_43,B2B,North,2023-01-15,50541.0,383.28,completed,2024-01-17
43,Customer_43,B2B,North,2023-01-15,50701.0,97.96,shipped,2024-01-22
43,Customer_43,B2B,North,2023-01-15,51230.0,40.42,pending,2024-02-08
43,Customer_43,B2B,North,2023-01-15,52952.0,302.75,completed,2024-04-02
43,Customer_43,B2B,North,2023-01-15,53380.0,229.56,completed,2024-04-15
43,Customer_43,B2B,North,2023-01-15,53712.0,209.53,completed,2024-04-25
43,Customer_43,B2B,North,2023-01-15,54774.0,140.52,shipped,2024-05-29
44,Customer_44,Enterprise,West,2023-01-15,50754.0,104.97,completed,2024-01-24
44,Customer_44,Enterprise,West,2023-01-15,51346.0,59.45,completed,2024-02-12
44,Customer_44,Enterprise,West,2023-01-15,51854.0,219.17,pending,2024-02-27
44,Customer_44,Enterprise,West,2023-01-15,51924.0,478.08,completed,2024-03-01
44,Customer_44,Enterprise,West,2023-01-15,52860.0,271.79,completed,2024-03-30
44,Customer_44,Enterprise,West,2023-01-15,53324.0,69.67,completed,2024-04-13
44,Customer_44,Enterprise,West,2023-01-15,53358.0,135.33,completed,2024-04-14
44,Customer_44,Enterprise,West,2023-01-15,54263.0,88.07,completed,2024-05-13
45,Customer_45,B2C,Central,2023-01-15,50052.0,43.96,pending,2024-01-02
45,Customer_45,B2C,Central,2023-01-15,50066.0,25.32,pending,2024-01-03
45,Customer_45,B2C,Central,2023-01-15,51474.0,232.15,pending,2024-02-16
45,Customer_45,B2C,Central,2023-01-15,51993.0,38.84,completed,2024-03-03
45,Customer_45,B2C,Central,2023-01-15,53141.0,26.05,completed,2024-04-08
45,Customer_45,B2C,Central,2023-01-15,54053.0,87.15,completed,2024-05-06
46,Customer_46,B2C,North,2023-01-16,51885.0,182.26,pending,2024-02-28
46,Customer_46,B2C,North,2023-01-16,52549.0,43.89,completed,2024-03-20
47,Customer_47,B2C,Central,2023-01-16,50110.0,166.68,completed,2024-01-04
47,Customer_47,B2C,Central,2023-01-16,51388.0,106.75,completed,2024-02-13
47,Customer_47,B2C,Central,2023-01-16,52494.0,21.71,completed,2024-03-18
47,Customer_47,B2C,Central,2023-01-16,54514.0,140.08,completed,2024-05-21
47,Customer_47,B2C,Central,2023-01-16,54676.0,63.47,completed,2024-05-26
48,Customer_48,B2C,South,2023-01-16,50180.0,251.87,cancelled,2024-01-06
48,Customer_48,B2C,South,2023-01-16,50345.0,171.84,completed,2024-01-11
48,Customer_48,B2C,South,2023-01-16,51421.0,175.53,completed,2024-02-14
48,Customer_48,B2C,South,2023-01-16,52347.0,70.35,completed,2024-03-14
48,Customer_48,B2C,South,2023-01-16,53256.0,195.95,shipped,2024-04-11
48,Customer_48,B2C,South,2023-01-16,53577.0,56.74,completed,2024-04-21
49,Customer_49,B2C,North,2023-01-17,52037.0,253.05,completed,2024-03-04
49,Customer_49,B2C,North,2023-01-17,52067.0,44.18,completed,2024-03-05
49,Customer_49,B2C,North,2023-01-17,52460.0,126.88,shipped,2024-03-17
49,Customer_49,B2C,North,2023-01-17,52650.0,190.17,completed,2024-03-23
49,Customer_49,B2C,North,2023-01-17,52659.0,389.28,cancelled,2024-03-24
49,Customer_49,B2C,North,2023-01-17,53136.0,244.56,pending,2024-04-07
49,Customer_49,B2C,North,2023-01-17,54817.0,169.41,shipped,2024-05-30
50,Customer_50,B2B,Central,2023-01-17,50201.0,309.2,pending,2024-01-07
50,Customer_50,B2B,Central,2023-01-17,52578.0,108.86,completed,2024-03-21
50,Customer_50,B2B,Central,2023-01-17,53779.0,68.44,shipped,2024-04-28
50,Customer_50,B2B,Central,2023-01-17,54136.0,23.87,completed,2024-05-09
50,Customer_50,B2B,Central,2023-01-17,54620.0,22.66,completed,2024-05-24
50,Customer_50,B2B,Central,2023-01-17,54815.0,128.32,completed,2024-05-30
50,Customer_50,B2B,Central,2023-01-17,54818.0,197.3,completed,2024-05-30
51,Customer_51,Enterprise,South,2023-01-17,,,,
52,Customer_52,SMB,West,2023-01-18,50950.0,109.47,completed,2024-01-30
52,Customer_52,SMB,West,2023-01-18,51457.0,36.9,pending,2024-02-15
52,Customer_52,SMB,West,2023-01-18,53053.0,165.82,completed,2024-04-05
53,Customer_53,Enterprise,South,2023-01-18,50032.0,130.87,pending,2024-01-01
53,Customer_53,Enterprise,South,2023-01-18,50974.0,116.89,completed,2024-01-31
53,Customer_53,Enterprise,South,2023-01-18,51447.0,15.17,completed,2024-02-15
53,Customer_53,Enterprise,South,2023-01-18,51784.0,38.58,completed,2024-02-25
53,Customer_53,Enterprise,South,2023-01-18,53364.0,87.22,shipped,2024-04-15
54,Customer_54,SMB,East,2023-01-18,50759.0,125.94,completed,2024-01-24
54,Customer_54,SMB,East,2023-01-18,52924.0,49.99,completed,2024-04-01
54,Customer_54,SMB,East,2023-01-18,54207.0,17.97,completed,2024-05-11
54,Customer_54,SMB,East,2023-01-18,54258.0,172.27,shipped,2024-05-13
54,Customer_54,SMB,East,2023-01-18,54290.0,139.1,completed,2024-05-14
54,Customer_54,SMB,East,2023-01-18,54877.0,230.03,completed,2024-06-01
55,Customer_55,B2C,South,2023-01-19,50982.0,108.09,shipped,2024-01-31
55,Customer_55,B2C,South,2023-01-19,54632.0,165.33,completed,2024-05-24
56,Customer_56,Enterprise,South,2023-01-19,50095.0,75.93,completed,2024-01-03
56,Customer_56,Enterprise,South,2023-01-19,50136.0,243.46,completed,2024-01-05
56,Customer_56,Enterprise,South,2023-01-19,50304.0,69.79,completed,2024-01-10
56,Customer_56,Enterprise,South,2023-01-19,53682.0,67.76,completed,2024-04-25
57,Customer_57,B2B,East,2023-01-19,51865.0,170.16,cancelled,2024-02-28
57,Customer_57,B2B,East,2023-01-19,52590.0,67.8,completed,2024-03-21
57,Customer_57,B2B,East,2023-01-19,54347.0,51.12,completed,2024-05-15
57,Customer_57,B2B,East,2023-01-19,54977.0,212.57,completed,2024-06-04
58,Customer_58,B2B,Central,2023-01-20,52761.0,80.32,completed,2024-03-27
58,Customer_58,B2B,Central,2023-01-20,53040.0,86.85,completed,2024-04-04
58,Customer_58,B2B,Central,2023-01-20,53507.0,402.96,completed,2024-04-19
58,Customer_58,B2B,Central,2023-01-20,53913.0,192.47,shipped,2024-05-02
58,Customer_58,B2B,Central,2023-01-20,54218.0,226.54,completed,2024-05-11
58,Customer_58,B2B,Central,2023-01-20,54664.0,329.13,cancelled,2024-05-25
59,Customer_59,B2B,Central,2023-01-20,50313.0,102.18,completed,2024-01-10
59,Customer_59,B2B,Central,2023-01-20,50376.0,59.86,pending,2024-01-12
59,Customer_59,B2B,Central,2023-01-20,50905.0,46.4,completed,2024-01-29
59,Customer_59,B2B,Central,2023-01-20,51275.0,66.47,cancelled,2024-02-09
59,Customer_59,B2B,Central,2023-01-20,51639.0,144.94,completed,2024-02-21
59,Customer_59,B2B,Central,2023-01-20,52175.0,137.4,completed,2024-03-08
59,Customer_59,B2B,Central,2023-01-20,52735.0,134.05,completed,2024-03-26
59,Customer_59,B2B,Central,2023-01-20,53199.0,105.23,completed,2024-04-09
60,Customer_60,B2C,South,2023-01-20,50108.0,63.96,completed,2024-01-04
60,Customer_60,B2C,South,2023-01-20,50118.0,218.74,completed,2024-01-04
60,Customer_60,B2C,South,2023-01-20,52652.0,151.09,pending,2024-03-23
60,Customer_60,B2C,South,2023-01-20,53863.0,323.53,cancelled,2024-04-30
61,Customer_61,B2C,East,2023-01-21,50219.0,96.55,completed,2024-01-07
61,Customer_61,B2C,East,2023-01-21,53631.0,84.99,completed,2024-04-23
61,Customer_61,B2C,East,2023-01-21,54225.0,65.35,completed,2024-05-12
62,Customer_62,B2C,East,2023-01-21,51502.0,186.2,completed,2024-02-16
62,Customer_62,B2C,East,2023-01-21,52065.0,140.84,pending,2024-03-05
62,Customer_62,B2C,East,2023-01-21,54428.0,274.72,completed,2024-05-18
63,Customer_63,SMB,West,2023-01-21,52850.0,80.0,completed,2024-03-30
63,Customer_63,SMB,West,2023-01-21,53636.0,193.25,completed,2024-04-23
63,Customer_63,SMB,West,2023-01-21,54086.0,124.35,shipped,2024-05-07
63,Customer_63,SMB,West,2023-01-21,54547.0,37.77,completed,2024-05-22
63,Customer_63,SMB,West,2023-01-21,54811.0,100.36,completed,2024-05-30
64,Customer_64,B2C,Central,2023-01-22,50331.0,133.42,pending,2024-01-11
64,Customer_64,B2C,Central,2023-01-22,51369.0,51.87,completed,2024-02-12
64,Customer_64,B2C,Central,2023-01-22,51795.0,278.5,completed,2024-02-26
64,Customer_64,B2C,Central,2023-01-22,52121.0,17.54,pending,2024-03-07
64,Customer_64,B2C,Central,2023-01-22,52554.0,69.09,completed,2024-03-20
65,Customer_65,B2C,North,2023-01-22,50266.0,115.43,completed,2024-01-09
65,Customer_65,B2C,North,2023-01-22,50871.0,15.57,pending,2024-01-28
65,Customer_65,B2C,North,2023-01-22,51618.0,585.3,completed,2024-02-20
65,Customer_65,B2C,North,2023-01-22,52611.0,46.08,completed,2024-03-22
65,Customer_65,B2C,North,2023-01-22,52739.0,40.43,completed,2024-03-26
65,Customer_65,B2C,North,2023-01-22,53542.0,33.98,shipped,2024-04-20
65,Customer_65,B2C,North,2023-01-22,53587.0,150.07,completed,2024-04-22
65,Customer_65,B2C,North,2023-01-22,53929.0,42.52,completed,2024-05-02
66,Customer_66,B2C,Central,2023-01-22,51185.0,593.98,completed,2024-02-07
66,Customer_66,B2C,Central,2023-01-22,52375.0,464.9,completed,2024-03-15
66,Customer_66,B2C,Central,2023-01-22,52510.0,307.08,completed,2024-03-19
66,Customer_66,B2C,Central,2023-01-22,53466.0,203.53,completed,2024-04-18
66,Customer_66,B2C,Central,2023-01-22,53493.0,216.89,completed,2024-04-19
66,Customer_66,B2C,Central,2023-01-22,53740.0,136.04,pending,2024-04-26
66,Customer_66,B2C,Central,2023-01-22,54376.0,126.69,pending,2024-05-16
67,Customer_67,B2B,Central,2023-01-23,50507.0,173.6,shipped,2024-01-16
67,Customer_67,B2B,Central,2023-01-23,50805.0,121.44,completed,2024-01-26
68,Customer_68,SMB,West,2023-01-23,51233.0,80.18,completed,2024-02-08
68,Customer_68,SMB,West,2023-01-23,51708.0,349.88,completed,2024-02-23
68,Customer_68,SMB,West,2023-01-23,51720.0,34.42,completed,2024-02-23
68,Customer_68,SMB,West,2023-01-23,51903.0,121.98,completed,2024-02-29
68,Customer_68,SMB,West,2023-01-23,53039.0,71.4,completed,2024-04-04
68,Customer_68,SMB,West,2023-01-23,53684.0,180.25,completed,2024-04-25
68,Customer_68,SMB,West,2023-01-23,54746.0,227.87,shipped,2024-05-28
69,Customer_69,B2B,North,2023-01-23,51187.0,81.35,shipped,2024-02-07
69,Customer_69,B2B,North,2023-01-23,53333.0,95.69,shipped,2024-04-14
69,Customer_69,B2B,North,2023-01-23,53445.0,216.68,completed,2024-04-17
69,Customer_69,B2B,North,2023-01-23,53536.0,63.23,completed,2024-04-20
69,Customer_69,B2B,North,2023-01-23,53688.0,58.67,completed,2024-04-25
69,Customer_69,B2B,North,2023-01-23,53845.0,167.89,completed,2024-04-30
70,Customer_70,Enterprise,West,2023-01-24,50748.0,86.44,completed,2024-01-24
70,Customer_70,Enterprise,West,2023-01-24,51714.0,77.56,completed,2024-02-23
70,Customer_70,Enterprise,West,2023-01-24,52719.0,58.47,completed,2024-03-25
70,Customer_70,Enterprise,West,2023-01-24,53956.0,99.56,shipped,2024-05-03
70,Customer_70,Enterprise,West,2023-01-24,54417.0,123.25,completed,2024-05-18
71,Customer_71,SMB,North,2023-01-24,51511.0,214.72,completed,2024-02-17
71,Customer_71,SMB,North,2023-01-24,51798.0,70.1,shipped,2024-02-26
71,Customer_71,SMB,North,2023-01-24,54170.0,62.3,completed,2024-05-10
71,Customer_71,SMB,North,2023-01-24,54459.0,99.5,completed,2024-05-19
72,Customer_72,B2B,South,2023-01-24,50002.0,16.88,cancelled,2024-01-01
72,Customer_72,B2B,South,2023-01-24,50204.0,268.8,shipped,2024-01-07
72,Customer_72,B2B,South,2023-01-24,50212.0,42.42,pending,2024-01-07
72,Customer_72,B2B,South,2023-01-24,50798.0,433.94,pending,2024-01-25
72,Customer_72,B2B,South,2023-01-24,52868.0,944.37,completed,2024-03-30
72,Customer_72,B2B,South,2023-01-24,53132.0,131.58,completed,2024-04-07
72,Customer_72,B2B,South,2023-01-24,54120.0,254.49,completed,2024-05-08
73,Customer_73,B2B,North,2023-01-25,50588.0,32.19,completed,2024-01-19
73,Customer_73,B2B,North,2023-01-25,50667.0,33.89,shipped,2024-01-21
73,Customer_73,B2B,North,2023-01-25,51012.0,67.56,completed,2024-02-01
73,Customer_73,B2B,North,2023-01-25,51626.0,44.32,completed,2024-02-20
73,Customer_73,B2B,North,2023-01-25,52009.0,48.71,completed,2024-03-03
73,Customer_73,B2B,North,2023-01-25,52182.0,35.3,pending,2024-03-09
73,Customer_73,B2B,North,2023-01-25,52461.0,456.1,completed,2024-03-17
73,Customer_73,B2B,North,2023-01-25,52634.0,351.38,completed,2024-03-23
73,Customer_73,B2B,North,2023-01-25,52852.0,161.15,completed,2024-03-30
73,Customer_73,B2B,North,2023-01-25,53211.0,108.5,completed,2024-04-10
73,Customer_73,B2B,North,2023-01-25,54124.0,150.5,completed,2024-05-08
73,Customer_73,B2B,North,2023-01-25,54209.0,96.12,completed,2024-05-11
73,Customer_73,B2B,North,2023-01-25,54385.0,34.32,pending,2024-05-17
74,Customer_74,SMB,West,2023-01-25,50261.0,274.97,pending,2024-01-09
74,Customer_74,SMB,West,2023-01-25,51749.0,71.2,completed,2024-02-24
74,Customer_74,SMB,West,2023-01-25,53634.0,91.96,shipped,2024-04-23
74,Customer_74,SMB,West,2023-01-25,53640.0,31.35,completed,2024-04-23
74,Customer_74,SMB,West,2023-01-25,53759.0,33.95,completed,2024-04-27
75,Customer_75,SMB,Central,2023-01-25,50929.0,184.73,completed,2024-01-30
75,Customer_75,SMB,Central,2023-01-25,51450.0,146.77,shipped,2024-02-15
75,Customer_75,SMB,Central,2023-01-25,51677.0,522.46,pending,2024-02-22
75,Customer_75,SMB,Central,2023-01-25,52245.0,73.07,completed,2024-03-11
75,Customer_75,SMB,Central,2023-01-25,52959.0,33.56,shipped,2024-04-02
75,Customer_75,SMB,Central,2023-01-25,52983.0,199.07,completed,2024-04-03
75,Customer_75,SMB,Central,2023-01-25,53584.0,104.8,completed,2024-04-21
75,Customer_75,SMB,Central,2023-01-25,53815.0,124.92,completed,2024-04-29
75,Customer_75,SMB,Central,2023-01-25,54091.0,97.84,pending,2024-05-07
76,Customer_76,SMB,North,2023-01-26,50428.0,372.27,completed,2024-01-14
76,Customer_76,SMB,North,2023-01-26,50497.0,244.41,completed,2024-01-16
76,Customer_76,SMB,North,2023-01-26,50696.0,196.81,completed,2024-01-22
76,Customer_76,SMB,North,2023-01-26,51131.0,42.71,completed,2024-02-05
76,Customer_76,SMB,North,2023-01-26,51867.0,112.54,completed,2024-02-28
76,Customer_76,SMB,North,2023-01-26,52495.0,140.53,completed,2024-03-18
76,Customer_76,SMB,North,2023-01-26,52766.0,18.66,shipped,2024-03-27
76,Customer_76,SMB,North,2023-01-26,53590.0,268.58,completed,2024-04-22
76,Customer_76,SMB,North,2023-01-26,54049.0,500.62,completed,2024-05-06
77,Customer_77,SMB,North,2023-01-26,50785.0,146.92,completed,2024-01-25
77,Customer_77,SMB,North,2023-01-26,53641.0,142.6,completed,2024-04-23
77,Customer_77,SMB,North,2023-01-26,53896.0,128.12,shipped,2024-05-01
78,Customer_78,B2B,East,2023-01-26,50543.0,81.06,shipped,2024-01-17
78,Customer_78,B2B,East,2023-01-26,53651.0,199.5,completed,2024-04-24
78,Customer_78,B2B,East,2023-01-26,54238.0,41.21,completed,2024-05-12
79,Customer_79,B2C,Central,2023-01-27,51532.0,43.29,pending,2024-02-17
79,Customer_79,B2C,Central,2023-01-27,52488.0,537.23,completed,2024-03-18
79,Customer_79,B2C,Central,2023-01-27,52597.0,113.3,shipped,2024-03-22
79,Customer_79,B2C,Central,2023-01-27,52987.0,25.62,shipped,2024-04-03
79,Customer_79,B2C,Central,2023-01-27,53151.0,255.57,completed,2024-04-08
79,Customer_79,B2C,Central,2023-01-27,53901.0,183.14,completed,2024-05-01
80,Customer_80,B2B,South,2023-01-27,,,,
81,Customer_81,SMB,West,2023-01-27,51149.0,67.66,completed,2024-02-05
81,Customer_81,SMB,West,2023-01-27,53079.0,230.66,pending,2024-04-06
82,Customer_82,B2C,South,2023-01-28,50731.0,31.96,completed,2024-01-23
82,Customer_82,B2C,South,2023-01-28,51727.0,360.17,completed,2024-02-23
82,Customer_82,B2C,South,2023-01-28,52603.0,461.89,completed,2024-03-22
82,Customer_82,B2C,South,2023-01-28,53923.0,103.72,shipped,2024-05-02
82,Customer_82,B2C,South,2023-01-28,53955.0,117.81,completed,2024-05-03
82,Customer_82,B2C,South,2023-01-28,54081.0,179.35,pending,2024-05-07
83,Customer_83,B2C,Central,2023-01-28,50111.0,211.78,completed,2024-01-04
83,Customer_83,B2C,Central,2023-01-28,52394.0,113.69,completed,2024-03-15
83,Customer_83,B2C,Central,2023-01-28,52689.0,46.78,cancelled,2024-03-25
83,Customer_83,B2C,Central,2023-01-28,53118.0,38.08,completed,2024-04-07
83,Customer_83,B2C,Central,2023-01-28,53801.0,238.45,completed,2024-04-28
83,Customer_83,B2C,Central,2023-01-28,54538.0,67.67,shipped,2024-05-21
83,Customer_83,B2C,Central,2023-01-28,54731.0,448.54,shipped,2024-05-27
84,Customer_84,B2B,North,2023-01-28,50509.0,126.85,shipped,2024-01-16
84,Customer_84,B2B,North,2023-01-28,50857.0,120.66,completed,2024-01-27
84,Customer_84,B2B,North,2023-01-28,51048.0,25.97,shipped,2024-02-02
84,Customer_84,B2B,North,2023-01-28,53718.0,143.32,completed,2024-04-26
84,Customer_84,B2B,North,2023-01-28,54981.0,409.06,completed,2024-06-04
85,Customer_85,B2C,North,2023-01-29,51597.0,275.57,completed,2024-02-19
85,Customer_85,B2C,North,2023-01-29,53238.0,117.64,completed,2024-04-11
85,Customer_85,B2C,North,2023-01-29,54307.0,304.97,completed,2024-05-14
85,Customer_85,B2C,North,2023-01-29,54633.0,205.99,completed,2024-05-24
86,Customer_86,B2C,Central,2023-01-29,50799.0,129.51,shipped,2024-01-25
86,Customer_86,B2C,Central,2023-01-29,51130.0,34.35,completed,2024-02-05
86,Customer_86,B2C,Central,2023-01-29,51247.0,233.62,completed,2024-02-08
86,Customer_86,B2C,Central,2023-01-29,54536.0,161.96,completed,2024-05-21
87,Customer_87,SMB,North,2023-01-29,50113.0,379.35,completed,2024-01-04
87,Customer_87,SMB,North,2023-01-29,51420.0,209.07,completed,2024-02-14
87,Customer_87,SMB,North,2023-01-29,51936.0,153.85,completed,2024-03-01
87,Customer_87,SMB,North,2023-01-29,52183.0,277.86,shipped,2024-03-09
87,Customer_87,SMB,North,2023-01-29,52198.0,271.82,completed,2024-03-09
87,Customer_87,SMB,North,2023-01-29,52994.0,108.3,completed,2024-04-03
87,Customer_87,SMB,North,2023-01-29,54101.0,40.03,completed,2024-05-08
88,Customer_88,B2C,North,2023-01-30,51004.0,154.03,completed,2024-02-01
88,Customer_88,B2C,North,2023-01-30,53167.0,119.81,completed,2024-04-08
88,Customer_88,B2C,North,2023-01-30,53267.0,28.77,completed,2024-04-12
88,Customer_88,B2C,North,2023-01-30,53305.0,127.11,completed,2024-04-13
88,Customer_88,B2C,North,2023-01-30,54418.0,82.73,shipped,2024-05-18
88,Customer_88,B2C,North,2023-01-30,54694.0,224.63,completed,2024-05-26
88,Customer_88,B2C,North,2023-01-30,54727.0,120.99,shipped,2024-05-27
89,Customer_89,SMB,North,2023-01-30,50386.0,51.07,shipped,2024-01-13
89,Customer_89,SMB,North,2023-01-30,50426.0,60.37,completed,2024-01-14
89,Customer_89,SMB,North,2023-01-30,53944.0,151.65,completed,2024-05-03
89,Customer_89,SMB,North,2023-01-30,54446.0,99.35,completed,2024-05-18
90,Customer_90,B2C,West,2023-01-30,50838.0,22.35,cancelled,2024-01-27
90,Customer_90,B2C,West,2023-01-30,51366.0,315.44,completed,2024-02-12
90,Customer_90,B2C,West,2023-01-30,51419.0,15.29,completed,2024-02-14
90,Customer_90,B2C,West,2023-01-30,51766.0,183.68,completed,2024-02-25
90,Customer_90,B2C,West,2023-01-30,52499.0,92.05,completed,2024-03-19
90,Customer_90,B2C,West,2023-01-30,52881.0,117.06,completed,2024-03-31
90,Customer_90,B2C,West,2023-01-30,54590.0,249.9,completed,2024-05-23
91,Customer_91,B2B,West,2023-01-31,50044.0,181.68,pending,2024-01-02
91,Customer_91,B2B,West,2023-01-31,50214.0,139.18,completed,2024-01-07
91,Customer_91,B2B,West,2023-01-31,50801.0,19.78,completed,2024-01-26
91,Customer_91,B2B,West,2023-01-31,51858.0,204.11,completed,2024-02-28
92,Customer_92,SMB,East,2023-01-31,50483.0,37.05,completed,2024-01-16
92,Customer_92,SMB,East,2023-01-31,51351.0,72.65,shipped,2024-02-12
92,Customer_92,SMB,East,2023-01-31,54663.0,55.5,completed,2024-05-25
93,Customer_93,SMB,South,2023-01-31,50230.0,43.8,completed,2024-01-08
93,Customer_93,SMB,South,2023-01-31,50795.0,111.68,completed,2024-01-25
93,Customer_93,SMB,South,2023-01-31,51336.0,147.71,shipped,2024-02-11
93,Customer_93,SMB,South,2023-01-31,52792.0,437.32,completed,2024-03-28
93,Customer_93,SMB,South,2023-01-31,53604.0,43.56,completed,2024-04-22
93,Customer_93,SMB,South,2023-01-31,53989.0,31.41,completed,2024-05-04
93,Customer_93,SMB,South,2023-01-31,54463.0,40.9,completed,2024-05-19
93,Customer_93,SMB,South,2023-01-31,54567.0,181.06,completed,2024-05-22
93,Customer_93,SMB,South,2023-01-31,54979.0,64.37,completed,2024-06-04
94,Customer_94,B2C,Central,2023-02-01,52127.0,23.02,pending,2024-03-07
94,Customer_94,B2C,Central,2023-02-01,53656.0,134.56,completed,2024-04-24
95,Customer_95,SMB,Central,2023-02-01,50985.0,293.29,shipped,2024-01-31
95,Customer_95,SMB,Central,2023-02-01,52921.0,76.91,completed,2024-04-01
96,Customer_96,B2C,Central,2023-02-01,50969.0,79.06,shipped,2024-01-31
96,Customer_96,B2C,Central,2023-02-01,51189.0,513.4,completed,2024-02-07
96,Customer_96,B2C,Central,2023-02-01,51955.0,132.85,completed,2024-03-02
96,Customer_96,B2C,Central,2023-02-01,51971.0,47.13,completed,2024-03-02
96,Customer_96,B2C,Central,2023-02-01,52236.0,305.84,completed,2024-03-10
96,Customer_96,B2C,Central,2023-02-01,52278.0,118.25,completed,2024-03-12
96,Customer_96,B2C,Central,2023-02-01,54560.0,310.66,shipped,2024-05-22
97,Customer_97,B2C,East,2023-02-02,50547.0,91.46,completed,2024-01-18
97,Customer_97,B2C,East,2023-02-02,51238.0,473.36,completed,2024-02-08
97,Customer_97,B2C,East,2023-02-02,53519.0,278.98,completed,2024-04-19
98,Customer_98,B2C,West,2023-02-02,50048.0,484.38,shipped,2024-01-02
98,Customer_98,B2C,West,2023-02-02,51252.0,199.58,completed,2024-02-09
98,Customer_98,B2C,West,2023-02-02,51601.0,287.12,cancelled,2024-02-20
98,Customer_98,B2C,West,2023-02-02,52796.0,177.11,completed,2024-03-28
98,Customer_98,B2C,West,2023-02-02,54586.0,35.08,completed,2024-05-23
99,Customer_99,B2B,East,2023-02-02,51589.0,140.82,completed,2024-02-19
99,Customer_99,B2B,East,2023-02-02,51935.0,22.47,completed,2024-03-01
99,Customer_99,B2B,East,2023-02-02,52953.0,58.96,pending,2024-04-02
99,Customer_99,B2B,East,2023-02-02,54114.0,81.55,pending,2024-05-08
100,Customer_100,B2B,Central,2023-02-03,50231.0,48.22,completed,2024-01-08
100,Customer_100,B2B,Central,2023-02-03,51649.0,146.36,completed,2024-02-21
100,Customer_100,B2B,Central,2023-02-03,52912.0,15.16,completed,2024-03-31
100,Customer_100,B2B,Central,2023-02-03,53016.0,531.16,completed,2024-04-04
101,Customer_101,B2B,South,2023-02-03,50109.0,355.19,completed,2024-01-04
101,Customer_101,B2B,South,2023-02-03,50260.0,224.64,completed,2024-01-09
101,Customer_101,B2B,South,2023-02-03,50931.0,53.22,shipped,2024-01-30
101,Customer_101,B2B,South,2023-02-03,51484.0,335.77,completed,2024-02-16
101,Customer_101,B2B,South,2023-02-03,53299.0,274.28,pending,2024-04-13
101,Customer_101,B2B,South,2023-02-03,54099.0,35.78,completed,2024-05-08
101,Customer_101,B2B,South,2023-02-03,54299.0,581.09,completed,2024-05-14
102,Customer_102,B2C,North,2023-02-03,50020.0,82.36,completed,2024-01-01
102,Customer_102,B2C,North,2023-02-03,50268.0,84.22,pending,2024-01-09
102,Customer_102,B2C,North,2023-02-03,51741.0,205.41,completed,2024-02-24
102,Customer_102,B2C,North,2023-02-03,52630.0,94.54,completed,2024-03-23
102,Customer_102,B2C,North,2023-02-03,53563.0,488.09,completed,2024-04-21
102,Customer_102,B2C,North,2023-02-03,54940.0,85.62,completed,2024-06-03
103,Customer_103,B2C,West,2023-02-04,50478.0,55.54,shipped,2024-01-15
103,Customer_103,B2C,West,2023-02-04,52957.0,94.19,completed,2024-04-02
103,Customer_103,B2C,West,2023-02-04,54129.0,50.77,completed,2024-05-09
104,Customer_104,B2C,West,2023-02-04,50745.0,303.64,completed,2024-01-24
104,Customer_104,B2C,West,2023-02-04,52102.0,40.09,shipped,2024-03-06
104,Customer_104,B2C,West,2023-02-04,52410.0,73.15,completed,2024-03-16
104,Customer_104,B2C,West,2023-02-04,53182.0,202.0,completed,2024-04-09
104,Customer_104,B2C,West,2023-02-04,53378.0,41.92,shipped,2024-04-15
104,Customer_104,B2C,West,2023-02-04,53837.0,263.78,completed,2024-04-29
104,Customer_104,B2C,West,2023-02-04,53892.0,25.49,completed,2024-05-01
104,Customer_104,B2C,West,2023-02-04,53966.0,97.45,completed,2024-05-03
104,Customer_104,B2C,West,2023-02-04,54208.0,213.39,completed,2024-05-11
104,Customer_104,B2C,West,2023-02-04,54793.0,200.82,completed,2024-05-29
105,Customer_105,Enterprise,East,2023-02-04,50087.0,322.78,completed,2024-01-03
105,Customer_105,Enterprise,East,2023-02-04,50709.0,70.17,completed,2024-01-23
105,Customer_105,Enterprise,East,2023-02-04,52196.0,496.24,pending,2024-03-09
105,Customer_105,Enterprise,East,2023-02-04,54083.0,141.79,completed,2024-05-07
106,Customer_106,B2B,West,2023-02-05,50687.0,35.04,completed,2024-01-22
106,Customer_106,B2B,West,2023-02-05,51979.0,256.8,completed,2024-03-02
106,Customer_106,B2B,West,2023-02-05,52060.0,155.74,completed,2024-03-05
106,Customer_106,B2B,West,2023-02-05,52996.0,148.85,shipped,2024-04-03
107,Customer_107,B2C,Central,2023-02-05,50615.0,138.82,shipped,2024-01-20
107,Customer_107,B2C,Central,2023-02-05,52638.0,58.72,shipped,2024-03-23
107,Customer_107,B2C,Central,2023-02-05,52710.0,131.27,completed,2024-03-25
108,Customer_108,SMB,Central,2023-02-05,51746.0,24.78,completed,2024-02-24
108,Customer_108,SMB,Central,2023-02-05,52188.0,21.61,pending,2024-03-09
108,Customer_108,SMB,Central,2023-02-05,53479.0,99.37,completed,2024-04-18
108,Customer_108,SMB,Central,2023-02-05,54066.0,188.5,pending,2024-05-07
108,Customer_108,SMB,Central,2023-02-05,54914.0,286.19,pending,2024-06-02
109,Customer_109,B2B,East,2023-02-06,50338.0,367.14,completed,2024-01-11
109,Customer_109,B2B,East,2023-02-06,50644.0,196.57,completed,2024-01-21
109,Customer_109,B2B,East,2023-02-06,51241.0,17.15,completed,2024-02-08
109,Customer_109,B2B,East,2023-02-06,51586.0,189.18,completed,2024-02-19
109,Customer_109,B2B,East,2023-02-06,51925.0,396.36,completed,2024-03-01
109,Customer_109,B2B,East,2023-02-06,52419.0,423.94,completed,2024-03-16
109,Customer_109,B2B,East,2023-02-06,53253.0,228.39,completed,2024-04-11
109,Customer_109,B2B,East,2023-02-06,53565.0,211.68,pending,2024-04-21
109,Customer_109,B2B,East,2023-02-06,54264.0,128.36,shipped,2024-05-13
109,Customer_109,B2B,East,2023-02-06,54401.0,230.85,completed,2024-05-17
109,Customer_109,B2B,East,2023-02-06,54615.0,209.14,pending,2024-05-24
109,Customer_109,B2B,East,2023-02-06,54825.0,372.83,cancelled,2024-05-30
110,Customer_110,B2B,Central,2023-02-06,51424.0,272.63,completed,2024-02-14
110,Customer_110,B2B,Central,2023-02-06,54304.0,187.84,completed,2024-05-14
111,Customer_111,B2C,South,2023-02-06,51820.0,279.09,shipped,2024-02-26
111,Customer_111,B2C,South,2023-02-06,52432.0,344.39,pending,2024-03-16
111,Customer_111,B2C,South,2023-02-06,52899.0,119.58,pending,2024-03-31
111,Customer_111,B2C,South,2023-02-06,53163.0,80.84,pending,2024-04-08
111,Customer_111,B2C,South,2023-02-06,53175.0,259.4,completed,2024-04-09
111,Customer_111,B2C,South,2023-02-06,53387.0,61.08,completed,2024-04-15
111,Customer_111,B2C,South,2023-02-06,53490.0,107.93,pending,2024-04-19
111,Customer_111,B2C,South,2023-02-06,53494.0,321.87,completed,2024-04-19
111,Customer_111,B2C,South,2023-02-06,53534.0,40.19,shipped,2024-04-20
111,Customer_111,B2C,South,2023-02-06,54027.0,232.23,shipped,2024-05-05
111,Customer_111,B2C,South,2023-02-06,54162.0,198.33,completed,2024-05-10
111,Customer_111,B2C,South,2023-02-06,54490.0,27.19,completed,2024-05-20
111,Customer_111,B2C,South,2023-02-06,54972.0,53.76,completed,2024-06-04
112,Customer_112,B2B,East,2023-02-07,50459.0,116.79,pending,2024-01-15
112,Customer_112,B2B,East,2023-02-07,50628.0,134.61,completed,2024-01-20
112,Customer_112,B2B,East,2023-02-07,50698.0,641.44,completed,2024-01-22
112,Customer_112,B2B,East,2023-02-07,51062.0,71.12,completed,2024-02-03
112,Customer_112,B2B,East,2023-02-07,51613.0,102.74,pending,2024-02-20
112,Customer_112,B2B,East,2023-02-07,52224.0,126.61,completed,2024-03-10
112,Customer_112,B2B,East,2023-02-07,52371.0,36.97,shipped,2024-03-15
112,Customer_112,B2B,East,2023-02-07,54226.0,361.32,shipped,2024-05-12
112,Customer_112,B2B,East,2023-02-07,54500.0,348.66,completed,2024-05-20
113,Customer_113,Enterprise,South,2023-02-07,50027.0,104.36,completed,2024-01-01
113,Customer_113,Enterprise,South,2023-02-07,50515.0,96.73,completed,2024-01-17
113,Customer_113,Enterprise,South,2023-02-07,51108.0,251.02,completed,2024-02-04
113,Customer_113,Enterprise,South,2023-02-07,51251.0,209.67,pending,2024-02-09
113,Customer_113,Enterprise,South,2023-02-07,51425.0,21.86,completed,2024-02-14
113,Customer_113,Enterprise,South,2023-02-07,53422.0,168.01,completed,2024-04-16
113,Customer_113,Enterprise,South,2023-02-07,53503.0,82.27,completed,2024-04-19
113,Customer_113,Enterprise,South,2023-02-07,53528.0,204.01,completed,2024-04-20
113,Customer_113,Enterprise,South,2023-02-07,53683.0,122.04,completed,2024-04-25
113,Customer_113,Enterprise,South,2023-02-07,53871.0,125.56,completed,2024-04-30
114,Customer_114,SMB,North,2023-02-07,52428.0,1202.6,completed,2024-03-16
114,Customer_114,SMB,North,2023-02-07,52918.0,20.2,completed,2024-04-01
114,Customer_114,SMB,North,2023-02-07,52976.0,36.0,completed,2024-04-02
114,Customer_114,SMB,North,2023-02-07,54892.0,49.88,completed,2024-06-01
115,Customer_115,B2C,South,2023-02-08,50576.0,153.9,completed,2024-01-18
115,Customer_115,B2C,South,2023-02-08,51647.0,73.65,completed,2024-02-21
115,Customer_115,B2C,South,2023-02-08,54277.0,325.82,completed,2024-05-13
116,Customer_116,SMB,North,2023-02-08,50553.0,151.91,shipped,2024-01-18
116,Customer_116,SMB,North,2023-02-08,50625.0,128.77,completed,2024-01-20
116,Customer_116,SMB,North,2023-02-08,52731.0,511.77,completed,2024-03-26
116,Customer_116,SMB,North,2023-02-08,53266.0,35.63,completed,2024-04-12
116,Customer_116,SMB,North,2023-02-08,53878.0,75.29,completed,2024-05-01
116,Customer_116,SMB,North,2023-02-08,54612.0,102.98,completed,2024-05-24
117,Customer_117,SMB,North,2023-02-08,50374.0,24.9,completed,2024-01-12
117,Customer_117,SMB,North,2023-02-08,51873.0,577.55,shipped,2024-02-28
117,Customer_117,SMB,North,2023-02-08,52207.0,50.6,completed,2024-03-09
117,Customer_117,SMB,North,2023-02-08,53071.0,274.54,completed,2024-04-05
118,Customer_118,B2B,South,2023-02-09,50084.0,61.87,shipped,2024-01-03
118,Customer_118,B2B,South,2023-02-09,50319.0,561.19,completed,2024-01-10
118,Customer_118,B2B,South,2023-02-09,50604.0,51.33,completed,2024-01-19
118,Customer_118,B2B,South,2023-02-09,50708.0,408.75,completed,2024-01-23
118,Customer_118,B2B,South,2023-02-09,50779.0,91.06,completed,2024-01-25
118,Customer_118,B2B,South,2023-02-09,52011.0,232.32,completed,2024-03-03
118,Customer_118,B2B,South,2023-02-09,53686.0,85.92,completed,2024-04-25
118,Customer_118,B2B,South,2023-02-09,53971.0,306.95,completed,2024-05-04
118,Customer_118,B2B,South,2023-02-09,54236.0,142.24,shipped,2024-05-12
119,Customer_119,SMB,East,2023-02-09,51926.0,23.33,shipped,2024-03-01
119,Customer_119,SMB,East,2023-02-09,52117.0,42.63,pending,2024-03-07
119,Customer_119,SMB,East,2023-02-09,52837.0,43.8,completed,2024-03-29
119,Customer_119,SMB,East,2023-02-09,54168.0,92.43,completed,2024-05-10
120,Customer_120,B2C,Central,2023-02-09,50076.0,42.23,shipped,2024-01-03
120,Customer_120,B2C,Central,2023-02-09,50277.0,169.93,completed,2024-01-09
120,Customer_120,B2C,Central,2023-02-09,53727.0,166.99,completed,2024-04-26
121,Customer_121,SMB,Central,2023-02-10,51558.0,218.64,completed,2024-02-18
121,Customer_121,SMB,Central,2023-02-10,52487.0,31.88,completed,2024-03-18
122,Customer_122,SMB,North,2023-02-10,50697.0,165.81,completed,2024-01-22
122,Customer_122,SMB,North,2023-02-10,51070.0,23.11,completed,2024-02-03
122,Customer_122,SMB,North,2023-02-10,52592.0,96.93,completed,2024-03-21
122,Customer_122,SMB,North,2023-02-10,53617.0,81.97,completed,2024-04-23
122,Customer_122,SMB,North,2023-02-10,54781.0,378.59,completed,2024-05-29
122,Customer_122,SMB,North,2023-02-10,54808.0,402.68,completed,2024-05-30
123,Customer_123,B2C,North,2023-02-10,51033.0,116.9,completed,2024-02-02
123,Customer_123,B2C,North,2023-02-10,52108.0,15.15,completed,2024-03-06
123,Customer_123,B2C,North,2023-02-10,54537.0,69.09,completed,2024-05-21
123,Customer_123,B2C,North,2023-02-10,54670.0,296.25,completed,2024-05-25
124,Customer_124,B2B,East,2023-02-11,50256.0,83.55,completed,2024-01-08
124,Customer_124,B2B,East,2023-02-11,50684.0,121.28,completed,2024-01-22
124,Customer_124,B2B,East,2023-02-11,50983.0,26.59,pending,2024-01-31
124,Customer_124,B2B,East,2023-02-11,51414.0,57.65,completed,2024-02-14
124,Customer_124,B2B,East,2023-02-11,52030.0,136.43,shipped,2024-03-04
124,Customer_124,B2B,East,2023-02-11,53041.0,17.81,completed,2024-04-05
124,Customer_124,B2B,East,2023-02-11,53214.0,52.8,completed,2024-04-10
124,Customer_124,B2B,East,2023-02-11,54760.0,275.76,shipped,2024-05-28
125,Customer_125,B2B,West,2023-02-11,50070.0,893.12,shipped,2024-01-03
125,Customer_125,B2B,West,2023-02-11,50124.0,30.99,completed,2024-01-04
125,Customer_125,B2B,West,2023-02-11,52020.0,23.89,completed,2024-03-04
125,Customer_125,B2B,West,2023-02-11,52225.0,132.77,completed,2024-03-10
125,Customer_125,B2B,West,2023-02-11,53600.0,46.22,completed,2024-04-22
125,Customer_125,B2B,West,2023-02-11,54679.0,265.45,completed,2024-05-26
125,Customer_125,B2B,West,2023-02-11,54969.0,185.38,completed,2024-06-04
126,Customer_126,B2C,South,2023-02-11,50004.0,21.92,completed,2024-01-01
126,Customer_126,B2C,South,2023-02-11,50237.0,67.21,completed,2024-01-08
126,Customer_126,B2C,South,2023-02-11,50898.0,95.29,completed,2024-01-29
126,Customer_126,B2C,South,2023-02-11,51330.0,188.61,completed,2024-02-11
126,Customer_126,B2C,South,2023-02-11,52583.0,95.28,completed,2024-03-21
127,Customer_127,SMB,North,2023-02-12,50526.0,105.23,pending,2024-01-17
127,Customer_127,SMB,North,2023-02-12,50549.0,90.5,completed,2024-01-18
127,Customer_127,SMB,North,2023-02-12,50558.0,73.97,completed,2024-01-18
127,Customer_127,SMB,North,2023-02-12,53384.0,47.24,shipped,2024-04-15
127,Customer_127,SMB,North,2023-02-12,53459.0,66.49,completed,2024-04-18
127,Customer_127,SMB,North,2023-02-12,53876.0,184.92,completed,2024-05-01
127,Customer_127,SMB,North,2023-02-12,53895.0,159.8,completed,2024-05-01
127,Customer_127,SMB,North,2023-02-12,54898.0,431.88,cancelled,2024-06-02
128,Customer_128,SMB,Central,2023-02-12,50591.0,32.03,completed,2024-01-19
128,Customer_128,SMB,Central,2023-02-12,50730.0,123.39,pending,2024-01-23
128,Customer_128,SMB,Central,2023-02-12,51554.0,535.69,completed,2024-02-18
128,Customer_128,SMB,Central,2023-02-12,51593.0,88.2,completed,2024-02-19
128,Customer_128,SMB,Central,2023-02-12,51912.0,398.5,completed,2024-02-29
128,Customer_128,SMB,Central,2023-02-12,52296.0,204.49,completed,2024-03-12
128,Customer_128,SMB,Central,2023-02-12,54142.0,106.83,completed,2024-05-09
129,Customer_129,B2B,East,2023-02-12,50080.0,164.3,shipped,2024-01-03
129,Customer_129,B2B,East,2023-02-12,50532.0,387.99,completed,2024-01-17
129,Customer_129,B2B,East,2023-02-12,52134.0,376.77,pending,2024-03-07
129,Customer_129,B2B,East,2023-02-12,52373.0,56.68,completed,2024-03-15
129,Customer_129,B2B,East,2023-02-12,52775.0,92.44,pending,2024-03-27
129,Customer_129,B2B,East,2023-02-12,52865.0,59.37,completed,2024-03-30
129,Customer_129,B2B,East,2023-02-12,54039.0,221.78,completed,2024-05-06
129,Customer_129,B2B,East,2023-02-12,54090.0,24.76,completed,2024-05-07
129,Customer_129,B2B,East,2023-02-12,54270.0,30.89,shipped,2024-05-13
129,Customer_129,B2B,East,2023-02-12,54791.0,19.13,completed,2024-05-29
130,Customer_130,B2C,South,2023-02-13,52341.0,38.16,completed,2024-03-14
130,Customer_130,B2C,South,2023-02-13,52512.0,104.48,completed,2024-03-19
130,Customer_130,B2C,South,2023-02-13,53117.0,138.47,completed,2024-04-07
131,Customer_131,B2C,East,2023-02-13,51077.0,284.48,completed,2024-02-03
131,Customer_131,B2C,East,2023-02-13,53614.0,74.9,pending,2024-04-22
131,Customer_131,B2C,East,2023-02-13,53835.0,89.63,completed,2024-04-29
131,Customer_131,B2C,East,2023-02-13,54156.0,273.33,completed,2024-05-09
132,Customer_132,B2B,South,2023-02-13,50935.0,170.21,completed,2024-01-30
132,Customer_132,B2B,South,2023-02-13,51312.0,195.15,pending,2024-02-10
132,Customer_132,B2B,South,2023-02-13,53240.0,18.53,completed,2024-04-11
132,Customer_132,B2B,South,2023-02-13,54506.0,112.65,completed,2024-05-20
132,Customer_132,B2B,South,2023-02-13,54762.0,85.5,pending,2024-05-28
132,Customer_132,B2B,South,2023-02-13,54903.0,77.14,shipped,2024-06-02
133,Customer_133,B2B,South,2023-02-14,,,,
134,Customer_134,B2C,North,2023-02-14,50167.0,532.28,completed,2024-01-06
134,Customer_134,B2C,North,2023-02-14,50340.0,668.92,completed,2024-01-11
134,Customer_134,B2C,North,2023-02-14,50506.0,743.85,completed,2024-01-16
134,Customer_134,B2C,North,2023-02-14,53193.0,53.11,completed,2024-04-09
134,Customer_134,B2C,North,2023-02-14,54172.0,82.04,completed,2024-05-10
135,Customer_135,Enterprise,East,2023-02-14,51585.0,171.26,completed,2024-02-19
135,Customer_135,Enterprise,East,2023-02-14,52331.0,26.46,completed,2024-03-13
135,Customer_135,Enterprise,East,2023-02-14,52687.0,199.04,completed,2024-03-24
135,Customer_135,Enterprise,East,2023-02-14,52839.0,48.37,completed,2024-03-29
136,Customer_136,B2C,East,2023-02-15,50839.0,46.88,completed,2024-01-27
136,Customer_136,B2C,East,2023-02-15,50993.0,84.08,shipped,2024-02-01
136,Customer_136,B2C,East,2023-02-15,52527.0,295.62,completed,2024-03-19
136,Customer_136,B2C,East,2023-02-15,54147.0,145.76,completed,2024-05-09
136,Customer_136,B2C,East,2023-02-15,54605.0,193.36,shipped,2024-05-23
137,Customer_137,B2C,Central,2023-02-15,50406.0,113.3,pending,2024-01-13
137,Customer_137,B2C,Central,2023-02-15,50734.0,205.12,completed,2024-01-23
137,Customer_137,B2C,Central,2023-02-15,51706.0,18.87,completed,2024-02-23
137,Customer_137,B2C,Central,2023-02-15,52456.0,17.81,completed,2024-03-17
137,Customer_137,B2C,Central,2023-02-15,52465.0,42.23,cancelled,2024-03-18
137,Customer_137,B2C,Central,2023-02-15,52763.0,72.56,completed,2024-03-27
137,Customer_137,B2C,Central,2023-02-15,53058.0,337.01,completed,2024-04-05
137,Customer_137,B2C,Central,2023-02-15,53509.0,83.12,completed,2024-04-19
137,Customer_137,B2C,Central,2023-02-15,54554.0,98.14,pending,2024-05-22
137,Customer_137,B2C,Central,2023-02-15,54608.0,153.7,cancelled,2024-05-23
138,Customer_138,SMB,Central,2023-02-15,51332.0,97.81,completed,2024-02-11
138,Customer_138,SMB,Central,2023-02-15,52703.0,107.75,completed,2024-03-25
138,Customer_138,SMB,Central,2023-02-15,53080.0,59.52,completed,2024-04-06
138,Customer_138,SMB,Central,2023-02-15,53624.0,133.62,shipped,2024-04-23
138,Customer_138,SMB,Central,2023-02-15,53833.0,45.42,completed,2024-04-29
138,Customer_138,SMB,Central,2023-02-15,54885.0,141.73,completed,2024-06-01
139,Customer_139,B2C,North,2023-02-16,50934.0,577.63,completed,2024-01-30
139,Customer_139,B2C,North,2023-02-16,51129.0,208.7,completed,2024-02-05
139,Customer_139,B2C,North,2023-02-16,51147.0,119.95,completed,2024-02-05
139,Customer_139,B2C,North,2023-02-16,51299.0,47.19,completed,2024-02-10
139,Customer_139,B2C,North,2023-02-16,51305.0,283.45,completed,2024-02-10
139,Customer_139,B2C,North,2023-02-16,53695.0,246.46,completed,2024-04-25
139,Customer_139,B2C,North,2023-02-16,54057.0,60.29,completed,2024-05-06
140,Customer_140,Enterprise,North,2023-02-16,50056.0,63.33,completed,2024-01-02
140,Customer_140,Enterprise,North,2023-02-16,51818.0,106.15,completed,2024-02-26
140,Customer_140,Enterprise,North,2023-02-16,52577.0,169.51,completed,2024-03-21
140,Customer_140,Enterprise,North,2023-02-16,53689.0,489.46,shipped,2024-04-25
140,Customer_140,Enterprise,North,2023-02-16,54123.0,99.87,shipped,2024-05-08
141,Customer_141,Enterprise,West,2023-02-16,50144.0,37.06,completed,2024-01-05
141,Customer_141,Enterprise,West,2023-02-16,50997.0,193.25,completed,2024-02-01
141,Customer_141,Enterprise,West,2023-02-16,51485.0,143.3,completed,2024-02-16
141,Customer_141,Enterprise,West,2023-02-16,51838.0,103.67,completed,2024-02-27
141,Customer_141,Enterprise,West,2023-02-16,53060.0,97.9,completed,2024-04-05
141,Customer_141,Enterprise,West,2023-02-16,53270.0,281.71,completed,2024-04-12
141,Customer_141,Enterprise,West,2023-02-16,53787.0,49.77,completed,2024-04-28
141,Customer_141,Enterprise,West,2023-02-16,54349.0,53.74,completed,2024-05-15
141,Customer_141,Enterprise,West,2023-02-16,54627.0,337.33,completed,2024-05-24
142,Customer_142,B2C,Central,2023-02-17,51408.0,291.22,completed,2024-02-13
142,Customer_142,B2C,Central,2023-02-17,53924.0,25.65,completed,2024-05-02
142,Customer_142,B2C,Central,2023-02-17,54152.0,160.56,completed,2024-05-09
142,Customer_142,B2C,Central,2023-02-17,54569.0,143.08,pending,2024-05-22
143,Customer_143,B2C,South,2023-02-17,50324.0,16.97,completed,2024-01-11
143,Customer_143,B2C,South,2023-02-17,51503.0,249.08,completed,2024-02-16
143,Customer_143,B2C,South,2023-02-17,52101.0,78.16,completed,2024-03-06
143,Customer_143,B2C,South,2023-02-17,52876.0,98.64,completed,2024-03-30
143,Customer_143,B2C,South,2023-02-17,53834.0,97.91,shipped,2024-04-29
144,Customer_144,B2C,East,2023-02-17,50943.0,290.76,shipped,2024-01-30
144,Customer_144,B2C,East,2023-02-17,51360.0,120.9,completed,2024-02-12
144,Customer_144,B2C,East,2023-02-17,52254.0,76.13,completed,2024-03-11
144,Customer_144,B2C,East,2023-02-17,53104.0,198.3,completed,2024-04-06
144,Customer_144,B2C,East,2023-02-17,53652.0,93.1,completed,2024-04-24
144,Customer_144,B2C,East,2023-02-17,53751.0,73.89,completed,2024-04-27
144,Customer_144,B2C,East,2023-02-17,54754.0,226.09,completed,2024-05-28
145,Customer_145,B2C,North,2023-02-18,52507.0,595.23,completed,2024-03-19
145,Customer_145,B2C,North,2023-02-18,53867.0,239.61,completed,2024-04-30
146,Customer_146,B2B,East,2023-02-18,50262.0,332.29,completed,2024-01-09
146,Customer_146,B2B,East,2023-02-18,50758.0,236.48,completed,2024-01-24
146,Customer_146,B2B,East,2023-02-18,51224.0,16.61,completed,2024-02-08
146,Customer_146,B2B,East,2023-02-18,53300.0,120.37,completed,2024-04-13
146,Customer_146,B2B,East,2023-02-18,54753.0,35.55,cancelled,2024-05-28
147,Customer_147,B2C,East,2023-02-18,50071.0,237.03,completed,2024-01-03
147,Customer_147,B2C,East,2023-02-18,50385.0,179.36,completed,2024-01-13
147,Customer_147,B2C,East,2023-02-18,50465.0,52.04,completed,2024-01-15
147,Customer_147,B2C,East,2023-02-18,50472.0,160.25,shipped,2024-01-15
147,Customer_147,B2C,East,2023-02-18,50530.0,53.09,completed,2024-01-17
147,Customer_147,B2C,East,2023-02-18,51773.0,58.67,pending,2024-02-25
147,Customer_147,B2C,East,2023-02-18,54588.0,139.86,completed,2024-05-23
147,Customer_147,B2C,East,2023-02-18,54841.0,318.7,completed,2024-05-31
148,Customer_148,B2C,West,2023-02-19,51438.0,31.9,cancelled,2024-02-14
148,Customer_148,B2C,West,2023-02-19,51657.0,58.2,completed,2024-02-21
148,Customer_148,B2C,West,2023-02-19,51730.0,47.01,completed,2024-02-24
148,Customer_148,B2C,West,2023-02-19,51815.0,83.41,completed,2024-02-26
148,Customer_148,B2C,West,2023-02-19,51829.0,18.21,cancelled,2024-02-27
148,Customer_148,B2C,West,2023-02-19,52636.0,72.18,completed,2024-03-23
148,Customer_148,B2C,West,2023-02-19,54094.0,83.83,shipped,2024-05-07
149,Customer_149,B2B,Central,2023-02-19,52777.0,464.06,completed,2024-03-27
149,Customer_149,B2B,Central,2023-02-19,53275.0,70.01,completed,2024-04-12
149,Customer_149,B2B,Central,2023-02-19,53862.0,570.98,completed,2024-04-30
149,Customer_149,B2B,Central,2023-02-19,54206.0,110.24,completed,2024-05-11
149,Customer_149,B2B,Central,2023-02-19,54624.0,148.51,completed,2024-05-24
150,Customer_150,B2C,North,2023-02-19,51064.0,30.14,completed,2024-02-03
150,Customer_150,B2C,North,2023-02-19,51125.0,206.79,completed,2024-02-05
150,Customer_150,B2C,North,2023-02-19,53859.0,119.74,completed,2024-04-30
151,Customer_151,Enterprise,East,2023-02-20,50094.0,46.95,completed,2024-01-03
151,Customer_151,Enterprise,East,2023-02-20,51914.0,55.31,completed,2024-02-29
151,Customer_151,Enterprise,East,2023-02-20,53346.0,30.49,shipped,2024-04-14
152,Customer_152,B2B,North,2023-02-20,53172.0,90.86,completed,2024-04-09
153,Customer_153,B2B,South,2023-02-20,50023.0,197.57,pending,2024-01-01
153,Customer_153,B2B,South,2023-02-20,52216.0,18.03,shipped,2024-03-10
153,Customer_153,B2B,South,2023-02-20,52399.0,156.75,completed,2024-03-15
153,Customer_153,B2B,South,2023-02-20,54950.0,275.43,completed,2024-06-03
154,Customer_154,B2C,West,2023-02-21,50323.0,501.71,completed,2024-01-11
154,Customer_154,B2C,West,2023-02-21,50397.0,98.3,completed,2024-01-13
154,Customer_154,B2C,West,2023-02-21,51504.0,268.28,pending,2024-02-16
154,Customer_154,B2C,West,2023-02-21,51734.0,126.08,completed,2024-02-24
154,Customer_154,B2C,West,2023-02-21,52173.0,75.1,completed,2024-03-08
154,Customer_154,B2C,West,2023-02-21,52474.0,166.37,shipped,2024-03-18
154,Customer_154,B2C,West,2023-02-21,52776.0,426.27,completed,2024-03-27
154,Customer_154,B2C,West,2023-02-21,53439.0,69.63,completed,2024-04-17
154,Customer_154,B2C,West,2023-02-21,54087.0,308.61,completed,2024-05-07
154,Customer_154,B2C,West,2023-02-21,54806.0,84.83,completed,2024-05-30
155,Customer_155,Enterprise,South,2023-02-21,50248.0,70.59,pending,2024-01-08
155,Customer_155,Enterprise,South,2023-02-21,51199.0,50.43,completed,2024-02-07
155,Customer_155,Enterprise,South,2023-02-21,51262.0,116.07,completed,2024-02-09
155,Customer_155,Enterprise,South,2023-02-21,51545.0,64.06,pending,2024-02-18
155,Customer_155,Enterprise,South,2023-02-21,51928.0,266.61,completed,2024-03-01
155,Customer_155,Enterprise,South,2023-02-21,52784.0,168.91,completed,2024-03-27
155,Customer_155,Enterprise,South,2023-02-21,53592.0,101.97,completed,2024-04-22
156,Customer_156,B2B,North,2023-02-21,51115.0,276.61,completed,2024-02-04
156,Customer_156,B2B,North,2023-02-21,51144.0,27.89,pending,2024-02-05
156,Customer_156,B2B,North,2023-02-21,51169.0,492.47,shipped,2024-02-06
156,Customer_156,B2B,North,2023-02-21,51355.0,126.03,completed,2024-02-12
156,Customer_156,B2B,North,2023-02-21,52192.0,69.01,completed,2024-03-09
156,Customer_156,B2B,North,2023-02-21,52423.0,60.27,pending,2024-03-16
156,Customer_156,B2B,North,2023-02-21,52871.0,63.25,pending,2024-03-30
156,Customer_156,B2B,North,2023-02-21,53081.0,103.66,completed,2024-04-06
156,Customer_156,B2B,North,2023-02-21,53546.0,102.5,pending,2024-04-20
156,Customer_156,B2B,North,2023-02-21,53756.0,360.31,completed,2024-04-27
157,Customer_157,B2C,North,2023-02-22,51333.0,98.01,pending,2024-02-11
157,Customer_157,B2C,North,2023-02-22,52591.0,146.78,completed,2024-03-21
158,Customer_158,SMB,Central,2023-02-22,51126.0,64.78,pending,2024-02-05
159,Customer_159,B2B,East,2023-02-22,50790.0,190.49,completed,2024-01-25
159,Customer_159,B2B,East,2023-02-22,54220.0,94.44,pending,2024-05-11
159,Customer_159,B2B,East,2023-02-22,54327.0,114.21,shipped,2024-05-15
159,Customer_159,B2B,East,2023-02-22,54464.0,149.76,completed,2024-05-19
160,Customer_160,SMB,East,2023-02-23,50225.0,115.36,completed,2024-01-08
160,Customer_160,SMB,East,2023-02-23,50640.0,237.85,completed,2024-01-20
160,Customer_160,SMB,East,2023-02-23,52887.0,166.78,pending,2024-03-31
160,Customer_160,SMB,East,2023-02-23,53997.0,48.47,completed,2024-05-04
161,Customer_161,B2C,South,2023-02-23,50115.0,48.06,completed,2024-01-04
161,Customer_161,B2C,South,2023-02-23,50116.0,293.08,completed,2024-01-04
161,Customer_161,B2C,South,2023-02-23,50521.0,244.82,shipped,2024-01-17
161,Customer_161,B2C,South,2023-02-23,50624.0,259.17,completed,2024-01-20
161,Customer_161,B2C,South,2023-02-23,51300.0,180.36,completed,2024-02-10
161,Customer_161,B2C,South,2023-02-23,53047.0,608.27,completed,2024-04-05
162,Customer_162,B2C,West,2023-02-23,50797.0,81.92,completed,2024-01-25
162,Customer_162,B2C,West,2023-02-23,50959.0,249.95,completed,2024-01-30
162,Customer_162,B2C,West,2023-02-23,51013.0,198.3,shipped,2024-02-01
162,Customer_162,B2C,West,2023-02-23,51151.0,42.83,completed,2024-02-05
162,Customer_162,B2C,West,2023-02-23,51623.0,82.51,completed,2024-02-20
162,Customer_162,B2C,West,2023-02-23,52199.0,276.7,completed,2024-03-09
162,Customer_162,B2C,West,2023-02-23,53873.0,116.51,completed,2024-05-01
162,Customer_162,B2C,West,2023-02-23,54675.0,498.61,cancelled,2024-05-26
163,Customer_163,B2C,East,2023-02-24,50197.0,213.7,completed,2024-01-07
163,Customer_163,B2C,East,2023-02-24,50306.0,148.22,completed,2024-01-10
163,Customer_163,B2C,East,2023-02-24,51026.0,57.22,shipped,2024-02-02
163,Customer_163,B2C,East,2023-02-24,53056.0,62.04,pending,2024-04-05
163,Customer_163,B2C,East,2023-02-24,53168.0,160.61,completed,2024-04-08
163,Customer_163,B2C,East,2023-02-24,53237.0,69.7,completed,2024-04-11
164,Customer_164,B2C,Central,2023-02-24,51096.0,41.98,completed,2024-02-04
164,Customer_164,B2C,Central,2023-02-24,51280.0,110.49,completed,2024-02-09
164,Customer_164,B2C,Central,2023-02-24,51362.0,378.91,completed,2024-02-12
164,Customer_164,B2C,Central,2023-02-24,51374.0,17.64,completed,2024-02-12
164,Customer_164,B2C,Central,2023-02-24,51483.0,601.7,completed,2024-02-16
164,Customer_164,B2C,Central,2023-02-24,52764.0,94.12,completed,2024-03-27
164,Customer_164,B2C,Central,2023-02-24,52828.0,95.9,completed,2024-03-29
164,Customer_164,B2C,Central,2023-02-24,53582.0,31.2,pending,2024-04-21
164,Customer_164,B2C,Central,2023-02-24,53951.0,345.06,completed,2024-05-03
164,Customer_164,B2C,Central,2023-02-24,54555.0,323.21,completed,2024-05-22
165,Customer_165,B2B,South,2023-02-24,54356.0,89.19,completed,2024-05-16
165,Customer_165,B2B,South,2023-02-24,54402.0,83.61,completed,2024-05-17
165,Customer_165,B2B,South,2023-02-24,54511.0,35.31,shipped,2024-05-20
165,Customer_165,B2B,South,2023-02-24,54915.0,22.21,completed,2024-06-02
166,Customer_166,SMB,South,2023-02-25,50074.0,343.02,shipped,2024-01-03
166,Customer_166,SMB,South,2023-02-25,50862.0,122.68,completed,2024-01-27
166,Customer_166,SMB,South,2023-02-25,51153.0,142.24,completed,2024-02-06
166,Customer_166,SMB,South,2023-02-25,52253.0,17.71,completed,2024-03-11
166,Customer_166,SMB,South,2023-02-25,53135.0,678.34,completed,2024-04-07
166,Customer_166,SMB,South,2023-02-25,53234.0,35.51,completed,2024-04-11
166,Customer_166,SMB,South,2023-02-25,54985.0,57.26,completed,2024-06-04
167,Customer_167,B2C,Central,2023-02-25,54181.0,354.83,completed,2024-05-10
168,Customer_168,B2B,West,2023-02-25,51524.0,169.82,pending,2024-02-17
168,Customer_168,B2B,West,2023-02-25,51671.0,115.97,completed,2024-02-22
168,Customer_168,B2B,West,2023-02-25,51694.0,50.0,completed,2024-02-22
168,Customer_168,B2B,West,2023-02-25,53317.0,267.16,completed,2024-04-13
168,Customer_168,B2B,West,2023-02-25,53970.0,332.79,pending,2024-05-04
169,Customer_169,B2B,Central,2023-02-26,50448.0,77.67,completed,2024-01-14
169,Customer_169,B2B,Central,2023-02-26,50534.0,40.05,completed,2024-01-17
169,Customer_169,B2B,Central,2023-02-26,54523.0,302.71,completed,2024-05-21
170,Customer_170,B2C,West,2023-02-26,51198.0,25.76,pending,2024-02-07
170,Customer_170,B2C,West,2023-02-26,51499.0,247.15,completed,2024-02-16
170,Customer_170,B2C,West,2023-02-26,52004.0,325.1,completed,2024-03-03
170,Customer_170,B2C,West,2023-02-26,52131.0,187.16,completed,2024-03-07
171,Customer_171,B2C,Central,2023-02-26,50254.0,408.66,completed,2024-01-08
171,Customer_171,B2C,Central,2023-02-26,50380.0,195.98,pending,2024-01-12
171,Customer_171,B2C,Central,2023-02-26,51906.0,30.68,cancelled,2024-02-29
171,Customer_171,B2C,Central,2023-02-26,51919.0,69.41,completed,2024-02-29
171,Customer_171,B2C,Central,2023-02-26,52646.0,142.07,shipped,2024-03-23
171,Customer_171,B2C,Central,2023-02-26,53635.0,19.31,completed,2024-04-23
171,Customer_171,B2C,Central,2023-02-26,54058.0,130.89,completed,2024-05-06
171,Customer_171,B2C,Central,2023-02-26,54211.0,33.27,completed,2024-05-11
171,Customer_171,B2C,Central,2023-02-26,54908.0,121.28,completed,2024-06-02
172,Customer_172,B2B,Central,2023-02-27,50119.0,188.56,completed,2024-01-04
172,Customer_172,B2B,Central,2023-02-27,50610.0,42.97,completed,2024-01-20
172,Customer_172,B2B,Central,2023-02-27,53064.0,163.94,completed,2024-04-05
172,Customer_172,B2B,Central,2023-02-27,53811.0,26.36,completed,2024-04-29
173,Customer_173,B2C,North,2023-02-27,51536.0,241.14,completed,2024-02-17
173,Customer_173,B2C,North,2023-02-27,51750.0,79.16,completed,2024-02-24
173,Customer_173,B2C,North,2023-02-27,51863.0,505.44,completed,2024-02-28
173,Customer_173,B2C,North,2023-02-27,52343.0,31.47,completed,2024-03-14
173,Customer_173,B2C,North,2023-02-27,53435.0,21.51,completed,2024-04-17
173,Customer_173,B2C,North,2023-02-27,53717.0,17.62,completed,2024-04-26
174,Customer_174,B2B,South,2023-02-27,53188.0,48.48,pending,2024-04-09
174,Customer_174,B2B,South,2023-02-27,54606.0,143.37,cancelled,2024-05-23
175,Customer_175,B2C,Central,2023-02-28,52340.0,80.28,completed,2024-03-14
175,Customer_175,B2C,Central,2023-02-28,53127.0,298.15,shipped,2024-04-07
175,Customer_175,B2C,Central,2023-02-28,53429.0,255.29,completed,2024-04-17
175,Customer_175,B2C,Central,2023-02-28,54022.0,27.15,completed,2024-05-05
175,Customer_175,B2C,Central,2023-02-28,54159.0,70.88,pending,2024-05-09
175,Customer_175,B2C,Central,2023-02-28,54734.0,595.44,completed,2024-05-27
175,Customer_175,B2C,Central,2023-02-28,54787.0,403.31,shipped,2024-05-29
175,Customer_175,B2C,Central,2023-02-28,54802.0,193.95,completed,2024-05-30
175,Customer_175,B2C,Central,2023-02-28,54933.0,299.76,completed,2024-06-03
176,Customer_176,B2B,Central,2023-02-28,50636.0,189.41,completed,2024-01-20
176,Customer_176,B2B,Central,2023-02-28,50987.0,367.46,completed,2024-01-31
177,Customer_177,B2C,East,2023-02-28,51106.0,36.7,cancelled,2024-02-04
177,Customer_177,B2C,East,2023-02-28,53838.0,136.0,completed,2024-04-29
177,Customer_177,B2C,East,2023-02-28,54213.0,69.03,completed,2024-05-11
177,Customer_177,B2C,East,2023-02-28,54313.0,299.44,completed,2024-05-14
177,Customer_177,B2C,East,2023-02-28,54642.0,300.19,completed,2024-05-25
177,Customer_177,B2C,East,2023-02-28,54696.0,209.39,completed,2024-05-26
177,Customer_177,B2C,East,2023-02-28,54937.0,362.61,shipped,2024-06-03
178,Customer_178,B2C,South,2023-03-01,51194.0,153.99,completed,2024-02-07
178,Customer_178,B2C,South,2023-03-01,51409.0,171.38,completed,2024-02-14
178,Customer_178,B2C,South,2023-03-01,54043.0,105.15,shipped,2024-05-06
178,Customer_178,B2C,South,2023-03-01,54214.0,166.17,shipped,2024-05-11
178,Customer_178,B2C,South,2023-03-01,54803.0,131.22,completed,2024-05-30
179,Customer_179,Enterprise,East,2023-03-01,51780.0,187.34,completed,2024-02-25
179,Customer_179,Enterprise,East,2023-03-01,52821.0,16.8,completed,2024-03-29
179,Customer_179,Enterprise,East,2023-03-01,53654.0,528.52,completed,2024-04-24
179,Customer_179,Enterprise,East,2023-03-01,54005.0,34.19,completed,2024-05-05
179,Customer_179,Enterprise,East,2023-03-01,54607.0,46.48,completed,2024-05-23
179,Customer_179,Enterprise,East,2023-03-01,54715.0,87.91,completed,2024-05-27
180,Customer_180,B2B,South,2023-03-01,50994.0,207.07,shipped,2024-02-01
180,Customer_180,B2B,South,2023-03-01,52463.0,175.89,completed,2024-03-17
180,Customer_180,B2B,South,2023-03-01,53931.0,500.63,completed,2024-05-02
181,Customer_181,B2C,East,2023-03-02,50812.0,168.6,shipped,2024-01-26
181,Customer_181,B2C,East,2023-03-02,51000.0,338.39,cancelled,2024-02-01
181,Customer_181,B2C,East,2023-03-02,51571.0,225.5,pending,2024-02-19
181,Customer_181,B2C,East,2023-03-02,52401.0,224.22,shipped,2024-03-16
181,Customer_181,B2C,East,2023-03-02,52446.0,356.66,completed,2024-03-17
181,Customer_181,B2C,East,2023-03-02,53043.0,79.56,shipped,2024-04-05
181,Customer_181,B2C,East,2023-03-02,54575.0,85.71,completed,2024-05-22
182,Customer_182,B2B,Central,2023-03-02,52271.0,414.92,completed,2024-03-11
182,Customer_182,B2B,Central,2023-03-02,53107.0,89.94,completed,2024-04-07
182,Customer_182,B2B,Central,2023-03-02,53145.0,58.09,completed,2024-04-08
182,Customer_182,B2B,Central,2023-03-02,53567.0,31.12,shipped,2024-04-21
182,Customer_182,B2B,Central,2023-03-02,53602.0,223.77,completed,2024-04-22
182,Customer_182,B2B,Central,2023-03-02,53782.0,76.01,completed,2024-04-28
182,Customer_182,B2B,Central,2023-03-02,54577.0,441.99,pending,2024-05-23
183,Customer_183,Enterprise,Central,2023-03-02,50078.0,86.29,completed,2024-01-03
183,Customer_183,Enterprise,Central,2023-03-02,50643.0,85.15,completed,2024-01-21
183,Customer_183,Enterprise,Central,2023-03-02,50673.0,29.17,completed,2024-01-22
183,Customer_183,Enterprise,Central,2023-03-02,50883.0,105.06,pending,2024-01-28
183,Customer_183,Enterprise,Central,2023-03-02,50911.0,328.95,completed,2024-01-29
183,Customer_183,Enterprise,Central,2023-03-02,51760.0,115.64,completed,2024-02-24
183,Customer_183,Enterprise,Central,2023-03-02,51808.0,113.16,completed,2024-02-26
183,Customer_183,Enterprise,Central,2023-03-02,52308.0,89.75,completed,2024-03-13
183,Customer_183,Enterprise,Central,2023-03-02,52441.0,72.31,shipped,2024-03-17
184,Customer_184,SMB,North,2023-03-03,50833.0,152.95,completed,2024-01-27
184,Customer_184,SMB,North,2023-03-03,50913.0,261.91,completed,2024-01-29
184,Customer_184,SMB,North,2023-03-03,51915.0,352.39,completed,2024-02-29
184,Customer_184,SMB,North,2023-03-03,53416.0,28.26,completed,2024-04-16
184,Customer_184,SMB,North,2023-03-03,54198.0,345.04,completed,2024-05-11
184,Customer_184,SMB,North,2023-03-03,54882.0,15.88,completed,2024-06-01
185,Customer_185,B2C,East,2023-03-03,50264.0,164.4,pending,2024-01-09
185,Customer_185,B2C,East,2023-03-03,50826.0,79.27,completed,2024-01-26
185,Customer_185,B2C,East,2023-03-03,51819.0,264.48,completed,2024-02-26
185,Customer_185,B2C,East,2023-03-03,54241.0,291.73,pending,2024-05-12
185,Customer_185,B2C,East,2023-03-03,54279.0,169.45,completed,2024-05-13
185,Customer_185,B2C,East,2023-03-03,54773.0,210.69,completed,2024-05-29
186,Customer_186,B2C,West,2023-03-03,51353.0,49.77,completed,2024-02-12
186,Customer_186,B2C,West,2023-03-03,52607.0,615.0,pending,2024-03-22
186,Customer_186,B2C,West,2023-03-03,54507.0,130.7,pending,2024-05-20
187,Customer_187,SMB,North,2023-03-04,50342.0,90.29,completed,2024-01-11
187,Customer_187,SMB,North,2023-03-04,51837.0,101.88,completed,2024-02-27
187,Customer_187,SMB,North,2023-03-04,52712.0,36.26,completed,2024-03-25
187,Customer_187,SMB,North,2023-03-04,53061.0,285.09,completed,2024-04-05
187,Customer_187,SMB,North,2023-03-04,53259.0,35.76,completed,2024-04-11
187,Customer_187,SMB,North,2023-03-04,54184.0,279.48,completed,2024-05-10
187,Customer_187,SMB,North,2023-03-04,54338.0,52.81,cancelled,2024-05-15
187,Customer_187,SMB,North,2023-03-04,54415.0,181.22,completed,2024-05-17
188,Customer_188,B2C,East,2023-03-04,50098.0,26.18,completed,2024-01-04
188,Customer_188,B2C,East,2023-03-04,50150.0,358.33,completed,2024-01-05
188,Customer_188,B2C,East,2023-03-04,50436.0,63.98,completed,2024-01-14
188,Customer_188,B2C,East,2023-03-04,51197.0,26.1,completed,2024-02-07
188,Customer_188,B2C,East,2023-03-04,51309.0,122.4,cancelled,2024-02-10
188,Customer_188,B2C,East,2023-03-04,51916.0,45.55,pending,2024-02-29
188,Customer_188,B2C,East,2023-03-04,53098.0,30.62,completed,2024-04-06
188,Customer_188,B2C,East,2023-03-04,53111.0,125.84,completed,2024-04-07
188,Customer_188,B2C,East,2023-03-04,53580.0,72.43,pending,2024-04-21
188,Customer_188,B2C,East,2023-03-04,53999.0,79.62,completed,2024-05-04
188,Customer_188,B2C,East,2023-03-04,54480.0,51.02,completed,2024-05-19
188,Customer_188,B2C,East,2023-03-04,54656.0,703.41,completed,2024-05-25
188,Customer_188,B2C,East,2023-03-04,54995.0,242.42,cancelled,2024-06-05
189,Customer_189,B2C,East,2023-03-04,50466.0,125.7,completed,2024-01-15
189,Customer_189,B2C,East,2023-03-04,51804.0,351.8,completed,2024-02-26
189,Customer_189,B2C,East,2023-03-04,52329.0,59.44,completed,2024-03-13
189,Customer_189,B2C,East,2023-03-04,53685.0,18.99,shipped,2024-04-25
189,Customer_189,B2C,East,2023-03-04,54475.0,621.18,completed,2024-05-19
190,Customer_190,B2B,North,2023-03-05,51406.0,169.26,cancelled,2024-02-13
190,Customer_190,B2B,North,2023-03-05,51541.0,515.27,completed,2024-02-18
190,Customer_190,B2B,North,2023-03-05,51768.0,108.12,completed,2024-02-25
190,Customer_190,B2B,North,2023-03-05,53585.0,73.63,cancelled,2024-04-22
190,Customer_190,B2B,North,2023-03-05,53800.0,105.27,completed,2024-04-28
190,Customer_190,B2B,North,2023-03-05,53947.0,86.63,cancelled,2024-05-03
190,Customer_190,B2B,North,2023-03-05,54571.0,92.19,completed,2024-05-22
190,Customer_190,B2B,North,2023-03-05,54769.0,22.0,pending,2024-05-29
191,Customer_191,B2B,Central,2023-03-05,52404.0,17.79,completed,2024-03-16
191,Customer_191,B2B,Central,2023-03-05,52879.0,98.57,completed,2024-03-30
191,Customer_191,B2B,Central,2023-03-05,52954.0,69.92,completed,2024-04-02
191,Customer_191,B2B,Central,2023-03-05,53131.0,274.56,shipped,2024-04-07
191,Customer_191,B2B,Central,2023-03-05,53517.0,62.83,completed,2024-04-19
191,Customer_191,B2B,Central,2023-03-05,54002.0,315.05,completed,2024-05-05
191,Customer_191,B2B,Central,2023-03-05,54110.0,109.64,completed,2024-05-08
191,Customer_191,B2B,Central,2023-03-05,54990.0,173.28,completed,2024-06-04
192,Customer_192,SMB,East,2023-03-05,50357.0,95.6,completed,2024-01-12
192,Customer_192,SMB,East,2023-03-05,51641.0,101.68,completed,2024-02-21
192,Customer_192,SMB,East,2023-03-05,52038.0,22.63,completed,2024-03-04
192,Customer_192,SMB,East,2023-03-05,52606.0,369.47,pending,2024-03-22
192,Customer_192,SMB,East,2023-03-05,52773.0,43.39,completed,2024-03-27
192,Customer_192,SMB,East,2023-03-05,53872.0,312.01,shipped,2024-04-30
192,Customer_192,SMB,East,2023-03-05,54465.0,354.79,completed,2024-05-19
193,Customer_193,Enterprise,Central,2023-03-06,51065.0,67.88,completed,2024-02-03
193,Customer_193,Enterprise,Central,2023-03-06,52767.0,357.07,shipped,2024-03-27
193,Customer_193,Enterprise,Central,2023-03-06,52922.0,58.33,completed,2024-04-01
193,Customer_193,Enterprise,Central,2023-03-06,53361.0,137.11,completed,2024-04-15
193,Customer_193,Enterprise,Central,2023-03-06,53560.0,127.22,completed,2024-04-21
193,Customer_193,Enterprise,Central,2023-03-06,54111.0,140.74,completed,2024-05-08
193,Customer_193,Enterprise,Central,2023-03-06,54467.0,111.06,completed,2024-05-19
194,Customer_194,B2C,North,2023-03-06,50922.0,44.52,shipped,2024-01-29
194,Customer_194,B2C,North,2023-03-06,51167.0,147.83,cancelled,2024-02-06
194,Customer_194,B2C,North,2023-03-06,51599.0,48.27,completed,2024-02-19
194,Customer_194,B2C,North,2023-03-06,52301.0,59.42,completed,2024-03-12
194,Customer_194,B2C,North,2023-03-06,52889.0,68.15,cancelled,2024-03-31
194,Customer_194,B2C,North,2023-03-06,53443.0,29.92,completed,2024-04-17
194,Customer_194,B2C,North,2023-03-06,54248.0,54.93,pending,2024-05-12
194,Customer_194,B2C,North,2023-03-06,54466.0,32.28,completed,2024-05-19
195,Customer_195,B2C,Central,2023-03-06,50433.0,198.01,completed,2024-01-14
195,Customer_195,B2C,Central,2023-03-06,50813.0,70.75,completed,2024-01-26
195,Customer_195,B2C,Central,2023-03-06,51121.0,103.75,pending,2024-02-05
195,Customer_195,B2C,Central,2023-03-06,51803.0,26.07,completed,2024-02-26
195,Customer_195,B2C,Central,2023-03-06,52387.0,608.76,completed,2024-03-15
195,Customer_195,B2C,Central,2023-03-06,52416.0,118.56,completed,2024-03-16
195,Customer_195,B2C,Central,2023-03-06,52893.0,19.74,completed,2024-03-31
195,Customer_195,B2C,Central,2023-03-06,53676.0,376.12,shipped,2024-04-24
195,Customer_195,B2C,Central,2023-03-06,53691.0,490.82,shipped,2024-04-25
195,Customer_195,B2C,Central,2023-03-06,54197.0,22.61,completed,2024-05-11
196,Customer_196,B2C,South,2023-03-07,50336.0,39.1,completed,2024-01-11
196,Customer_196,B2C,South,2023-03-07,51057.0,127.15,completed,2024-02-03
196,Customer_196,B2C,South,2023-03-07,52568.0,44.77,cancelled,2024-03-21
196,Customer_196,B2C,South,2023-03-07,52589.0,19.88,completed,2024-03-21
196,Customer_196,B2C,South,2023-03-07,54097.0,69.34,cancelled,2024-05-08
197,Customer_197,SMB,West,2023-03-07,50633.0,42.63,completed,2024-01-20
197,Customer_197,SMB,West,2023-03-07,51166.0,21.03,completed,2024-02-06
197,Customer_197,SMB,West,2023-03-07,52390.0,153.9,completed,2024-03-15
197,Customer_197,SMB,West,2023-03-07,52546.0,55.07,completed,2024-03-20
197,Customer_197,SMB,West,2023-03-07,54847.0,660.62,completed,2024-05-31
198,Customer_198,SMB,East,2023-03-07,50288.0,109.45,completed,2024-01-09
198,Customer_198,SMB,East,2023-03-07,51027.0,158.27,completed,2024-02-02
198,Customer_198,SMB,East,2023-03-07,51681.0,149.33,pending,2024-02-22
198,Customer_198,SMB,East,2023-03-07,54221.0,182.54,pending,2024-05-11
199,Customer_199,SMB,West,2023-03-08,50976.0,457.14,shipped,2024-01-31
199,Customer_199,SMB,West,2023-03-08,51529.0,49.46,completed,2024-02-17
199,Customer_199,SMB,West,2023-03-08,52458.0,170.26,completed,2024-03-17
199,Customer_199,SMB,West,2023-03-08,53529.0,105.88,completed,2024-04-20
199,Customer_199,SMB,West,2023-03-08,54316.0,120.56,completed,2024-05-14
200,Customer_200,SMB,Central,2023-03-08,51119.0,177.61,completed,2024-02-04
200,Customer_200,SMB,Central,2023-03-08,53374.0,173.36,completed,2024-04-15
200,Customer_200,SMB,Central,2023-03-08,54473.0,837.54,completed,2024-05-19
201,Customer_201,B2C,East,2023-03-08,50025.0,530.66,shipped,2024-01-01
201,Customer_201,B2C,East,2023-03-08,50165.0,33.55,pending,2024-01-06
201,Customer_201,B2C,East,2023-03-08,50275.0,228.46,cancelled,2024-01-09
201,Customer_201,B2C,East,2023-03-08,50485.0,88.02,completed,2024-01-16
201,Customer_201,B2C,East,2023-03-08,50903.0,55.57,completed,2024-01-29
201,Customer_201,B2C,East,2023-03-08,51633.0,292.68,pending,2024-02-21
201,Customer_201,B2C,East,2023-03-08,52747.0,234.77,completed,2024-03-26
201,Customer_201,B2C,East,2023-03-08,52886.0,16.56,completed,2024-03-31
201,Customer_201,B2C,East,2023-03-08,53981.0,16.24,completed,2024-05-04
201,Customer_201,B2C,East,2023-03-08,54292.0,30.08,completed,2024-05-14
202,Customer_202,B2B,Central,2023-03-09,50933.0,264.52,completed,2024-01-30
202,Customer_202,B2B,Central,2023-03-09,51084.0,1000.5,completed,2024-02-03
202,Customer_202,B2B,Central,2023-03-09,51891.0,171.48,completed,2024-02-29
202,Customer_202,B2B,Central,2023-03-09,52848.0,219.63,completed,2024-03-29
202,Customer_202,B2B,Central,2023-03-09,52930.0,230.99,completed,2024-04-01
202,Customer_202,B2B,Central,2023-03-09,53315.0,42.68,completed,2024-04-13
203,Customer_203,B2B,South,2023-03-09,50772.0,21.41,pending,2024-01-25
203,Customer_203,B2B,South,2023-03-09,51254.0,384.33,completed,2024-02-09
203,Customer_203,B2B,South,2023-03-09,52031.0,45.3,completed,2024-03-04
203,Customer_203,B2B,South,2023-03-09,52362.0,25.08,completed,2024-03-14
203,Customer_203,B2B,South,2023-03-09,52662.0,52.72,completed,2024-03-24
203,Customer_203,B2B,South,2023-03-09,52737.0,51.68,pending,2024-03-26
204,Customer_204,SMB,North,2023-03-09,50364.0,369.63,completed,2024-01-12
204,Customer_204,SMB,North,2023-03-09,52115.0,38.47,completed,2024-03-07
204,Customer_204,SMB,North,2023-03-09,53817.0,288.52,completed,2024-04-29
204,Customer_204,SMB,North,2023-03-09,54340.0,102.07,completed,2024-05-15
204,Customer_204,SMB,North,2023-03-09,54635.0,165.22,completed,2024-05-24
205,Customer_205,B2C,East,2023-03-10,51308.0,128.88,completed,2024-02-10
205,Customer_205,B2C,East,2023-03-10,51889.0,87.38,completed,2024-02-29
205,Customer_205,B2C,East,2023-03-10,52978.0,236.86,cancelled,2024-04-03
205,Customer_205,B2C,East,2023-03-10,53621.0,148.42,completed,2024-04-23
205,Customer_205,B2C,East,2023-03-10,54884.0,63.78,completed,2024-06-01
206,Customer_206,B2B,South,2023-03-10,50649.0,169.22,completed,2024-01-21
206,Customer_206,B2B,South,2023-03-10,51535.0,96.29,completed,2024-02-17
206,Customer_206,B2B,South,2023-03-10,51689.0,120.37,completed,2024-02-22
206,Customer_206,B2B,South,2023-03-10,52933.0,317.37,shipped,2024-04-01
206,Customer_206,B2B,South,2023-03-10,53611.0,33.76,shipped,2024-04-22
206,Customer_206,B2B,South,2023-03-10,53827.0,63.59,shipped,2024-04-29
206,Customer_206,B2B,South,2023-03-10,53908.0,239.43,completed,2024-05-02
206,Customer_206,B2B,South,2023-03-10,54266.0,426.87,cancelled,2024-05-13
207,Customer_207,B2B,South,2023-03-10,50429.0,296.04,completed,2024-01-14
207,Customer_207,B2B,South,2023-03-10,51037.0,23.76,completed,2024-02-02
207,Customer_207,B2B,South,2023-03-10,51091.0,177.55,completed,2024-02-04
207,Customer_207,B2B,South,2023-03-10,52602.0,379.18,completed,2024-03-22
207,Customer_207,B2B,South,2023-03-10,53195.0,170.49,cancelled,2024-04-09
207,Customer_207,B2B,South,2023-03-10,53731.0,57.33,shipped,2024-04-26
207,Customer_207,B2B,South,2023-03-10,54010.0,53.39,completed,2024-05-05
207,Customer_207,B2B,South,2023-03-10,54179.0,77.72,completed,2024-05-10
207,Customer_207,B2B,South,2023-03-10,54186.0,73.79,cancelled,2024-05-10
208,Customer_208,B2C,East,2023-03-11,50101.0,132.44,completed,2024-01-04
208,Customer_208,B2C,East,2023-03-11,50780.0,98.82,completed,2024-01-25
208,Customer_208,B2C,East,2023-03-11,50842.0,182.19,completed,2024-01-27
208,Customer_208,B2C,East,2023-03-11,51155.0,50.32,pending,2024-02-06
209,Customer_209,B2B,Central,2023-03-11,50825.0,129.83,completed,2024-01-26
209,Customer_209,B2B,Central,2023-03-11,51816.0,100.42,completed,2024-02-26
209,Customer_209,B2B,Central,2023-03-11,52537.0,505.5,completed,2024-03-20
209,Customer_209,B2B,Central,2023-03-11,53121.0,89.75,completed,2024-04-07
209,Customer_209,B2B,Central,2023-03-11,54837.0,502.03,completed,2024-05-31
210,Customer_210,B2B,South,2023-03-11,51737.0,60.01,completed,2024-02-24
210,Customer_210,B2B,South,2023-03-11,52562.0,117.41,completed,2024-03-21
210,Customer_210,B2B,South,2023-03-11,52682.0,198.74,completed,2024-03-24
210,Customer_210,B2B,South,2023-03-11,53161.0,123.26,completed,2024-04-08
210,Customer_210,B2B,South,2023-03-11,53805.0,488.83,completed,2024-04-28
210,Customer_210,B2B,South,2023-03-11,53885.0,109.28,pending,2024-05-01
210,Customer_210,B2B,South,2023-03-11,54686.0,338.67,completed,2024-05-26
211,Customer_211,B2C,West,2023-03-12,50750.0,31.15,completed,2024-01-24
211,Customer_211,B2C,West,2023-03-12,50972.0,366.81,shipped,2024-01-31
211,Customer_211,B2C,West,2023-03-12,51123.0,59.9,shipped,2024-02-05
211,Customer_211,B2C,West,2023-03-12,52558.0,256.69,completed,2024-03-20
211,Customer_211,B2C,West,2023-03-12,52588.0,59.35,completed,2024-03-21
211,Customer_211,B2C,West,2023-03-12,52872.0,285.15,completed,2024-03-30
211,Customer_211,B2C,West,2023-03-12,53207.0,315.58,completed,2024-04-10
211,Customer_211,B2C,West,2023-03-12,54372.0,29.55,completed,2024-05-16
211,Customer_211,B2C,West,2023-03-12,54622.0,171.41,completed,2024-05-24
211,Customer_211,B2C,West,2023-03-12,54719.0,42.19,completed,2024-05-27
212,Customer_212,B2C,South,2023-03-12,50263.0,115.33,shipped,2024-01-09
212,Customer_212,B2C,South,2023-03-12,50743.0,213.43,completed,2024-01-24
212,Customer_212,B2C,South,2023-03-12,53023.0,429.9,pending,2024-04-04
212,Customer_212,B2C,South,2023-03-12,53120.0,72.69,completed,2024-04-07
212,Customer_212,B2C,South,2023-03-12,54217.0,67.19,completed,2024-05-11
213,Customer_213,B2C,Central,2023-03-12,51386.0,143.45,completed,2024-02-13
213,Customer_213,B2C,Central,2023-03-12,51797.0,25.11,pending,2024-02-26
213,Customer_213,B2C,Central,2023-03-12,51972.0,88.99,completed,2024-03-02
213,Customer_213,B2C,Central,2023-03-12,51973.0,437.79,completed,2024-03-02
213,Customer_213,B2C,Central,2023-03-12,53886.0,59.56,completed,2024-05-01
214,Customer_214,B2B,Central,2023-03-13,51445.0,171.24,pending,2024-02-15
214,Customer_214,B2B,Central,2023-03-13,52044.0,276.63,shipped,2024-03-04
214,Customer_214,B2B,Central,2023-03-13,52062.0,170.35,completed,2024-03-05
214,Customer_214,B2B,Central,2023-03-13,52974.0,212.08,completed,2024-04-02
214,Customer_214,B2B,Central,2023-03-13,53122.0,64.13,completed,2024-04-07
214,Customer_214,B2B,Central,2023-03-13,53252.0,265.47,completed,2024-04-11
214,Customer_214,B2B,Central,2023-03-13,54291.0,63.96,completed,2024-05-14
215,Customer_215,SMB,West,2023-03-13,50944.0,169.79,completed,2024-01-30
215,Customer_215,SMB,West,2023-03-13,51021.0,200.32,completed,2024-02-01
215,Customer_215,SMB,West,2023-03-13,51764.0,77.58,completed,2024-02-25
215,Customer_215,SMB,West,2023-03-13,54601.0,186.7,completed,2024-05-23
215,Customer_215,SMB,West,2023-03-13,54923.0,57.83,completed,2024-06-02
216,Customer_216,B2B,South,2023-03-13,51032.0,240.75,shipped,2024-02-02
216,Customer_216,B2B,South,2023-03-13,52842.0,87.33,pending,2024-03-29
216,Customer_216,B2B,South,2023-03-13,53388.0,35.88,completed,2024-04-15
217,Customer_217,B2C,Central,2023-03-14,50073.0,480.98,completed,2024-01-03
217,Customer_217,B2C,Central,2023-03-14,50442.0,100.86,shipped,2024-01-14
217,Customer_217,B2C,Central,2023-03-14,50508.0,24.49,pending,2024-01-16
217,Customer_217,B2C,Central,2023-03-14,51318.0,62.3,completed,2024-02-11
217,Customer_217,B2C,Central,2023-03-14,53021.0,47.05,completed,2024-04-04
217,Customer_217,B2C,Central,2023-03-14,54262.0,35.3,shipped,2024-05-13
218,Customer_218,SMB,East,2023-03-14,50135.0,125.9,pending,2024-01-05
218,Customer_218,SMB,East,2023-03-14,50145.0,231.61,completed,2024-01-05
218,Customer_218,SMB,East,2023-03-14,50677.0,66.91,completed,2024-01-22
218,Customer_218,SMB,East,2023-03-14,51342.0,18.13,completed,2024-02-11
218,Customer_218,SMB,East,2023-03-14,51675.0,138.22,shipped,2024-02-22
218,Customer_218,SMB,East,2023-03-14,52807.0,243.55,completed,2024-03-28
219,Customer_219,B2C,North,2023-03-14,52531.0,709.81,completed,2024-03-20
219,Customer_219,B2C,North,2023-03-14,53403.0,20.86,shipped,2024-04-16
220,Customer_220,SMB,North,2023-03-15,50328.0,24.86,shipped,2024-01-11
220,Customer_220,SMB,North,2023-03-15,51313.0,397.25,shipped,2024-02-11
220,Customer_220,SMB,North,2023-03-15,52285.0,202.95,completed,2024-03-12
220,Customer_220,SMB,North,2023-03-15,52691.0,96.19,completed,2024-03-25
220,Customer_220,SMB,North,2023-03-15,52702.0,443.14,shipped,2024-03-25
220,Customer_220,SMB,North,2023-03-15,53914.0,73.44,completed,2024-05-02
220,Customer_220,SMB,North,2023-03-15,54395.0,213.72,shipped,2024-05-17
220,Customer_220,SMB,North,2023-03-15,54527.0,279.57,completed,2024-05-21
221,Customer_221,B2C,North,2023-03-15,51229.0,323.12,shipped,2024-02-08
221,Customer_221,B2C,North,2023-03-15,52355.0,19.95,completed,2024-03-14
221,Customer_221,B2C,North,2023-03-15,53573.0,35.95,completed,2024-04-21
221,Customer_221,B2C,North,2023-03-15,54886.0,58.25,completed,2024-06-01
221,Customer_221,B2C,North,2023-03-15,54976.0,101.25,shipped,2024-06-04
222,Customer_222,B2C,South,2023-03-15,51304.0,95.77,shipped,2024-02-10
222,Customer_222,B2C,South,2023-03-15,51480.0,313.02,shipped,2024-02-16
222,Customer_222,B2C,South,2023-03-15,51745.0,159.37,completed,2024-02-24
222,Customer_222,B2C,South,2023-03-15,53408.0,203.41,shipped,2024-04-16
222,Customer_222,B2C,South,2023-03-15,54999.0,87.75,shipped,2024-06-05
223,Customer_223,B2B,West,2023-03-16,50418.0,215.14,shipped,2024-01-14
223,Customer_223,B2B,West,2023-03-16,50953.0,180.61,completed,2024-01-30
223,Customer_223,B2B,West,2023-03-16,51460.0,548.59,completed,2024-02-15
223,Customer_223,B2B,West,2023-03-16,53470.0,226.86,shipped,2024-04-18
223,Customer_223,B2B,West,2023-03-16,53899.0,427.27,completed,2024-05-01
224,Customer_224,B2C,Central,2023-03-16,50492.0,242.09,completed,2024-01-16
224,Customer_224,B2C,Central,2023-03-16,50712.0,895.14,completed,2024-01-23
224,Customer_224,B2C,Central,2023-03-16,54278.0,206.49,shipped,2024-05-13
224,Customer_224,B2C,Central,2023-03-16,54983.0,74.87,shipped,2024-06-04
225,Customer_225,B2C,East,2023-03-16,50019.0,293.02,completed,2024-01-01
225,Customer_225,B2C,East,2023-03-16,51089.0,402.87,completed,2024-02-04
225,Customer_225,B2C,East,2023-03-16,52363.0,84.04,pending,2024-03-14
225,Customer_225,B2C,East,2023-03-16,53423.0,104.0,shipped,2024-04-16
225,Customer_225,B2C,East,2023-03-16,53613.0,294.57,completed,2024-04-22
226,Customer_226,B2B,East,2023-03-17,51851.0,185.91,completed,2024-02-27
226,Customer_226,B2B,East,2023-03-17,53421.0,319.32,completed,2024-04-16
226,Customer_226,B2B,East,2023-03-17,53538.0,34.14,pending,2024-04-20
226,Customer_226,B2B,East,2023-03-17,53728.0,553.95,completed,2024-04-26
226,Customer_226,B2B,East,2023-03-17,54272.0,198.69,completed,2024-05-13
227,Customer_227,Enterprise,South,2023-03-17,50611.0,230.25,completed,2024-01-20
227,Customer_227,Enterprise,South,2023-03-17,50757.0,124.99,completed,2024-01-24
227,Customer_227,Enterprise,South,2023-03-17,50768.0,61.31,completed,2024-01-24
227,Customer_227,Enterprise,South,2023-03-17,52153.0,69.32,completed,2024-03-08
227,Customer_227,Enterprise,South,2023-03-17,52166.0,168.07,completed,2024-03-08
227,Customer_227,Enterprise,South,2023-03-17,52738.0,24.47,completed,2024-03-26
227,Customer_227,Enterprise,South,2023-03-17,54788.0,297.34,completed,2024-05-29
227,Customer_227,Enterprise,South,2023-03-17,54924.0,188.18,completed,2024-06-02
228,Customer_228,B2C,North,2023-03-17,50434.0,77.14,completed,2024-01-14
228,Customer_228,B2C,North,2023-03-17,52483.0,174.71,shipped,2024-03-18
228,Customer_228,B2C,North,2023-03-17,52741.0,120.9,pending,2024-03-26
228,Customer_228,B2C,North,2023-03-17,52811.0,100.25,pending,2024-03-28
228,Customer_228,B2C,North,2023-03-17,53215.0,76.8,completed,2024-04-10
228,Customer_228,B2C,North,2023-03-17,54297.0,203.13,pending,2024-05-14
229,Customer_229,SMB,South,2023-03-18,52778.0,33.3,cancelled,2024-03-27
229,Customer_229,SMB,South,2023-03-18,52947.0,157.29,shipped,2024-04-02
229,Customer_229,SMB,South,2023-03-18,53670.0,273.17,completed,2024-04-24
229,Customer_229,SMB,South,2023-03-18,54922.0,65.91,completed,2024-06-02
230,Customer_230,B2C,West,2023-03-18,51135.0,90.72,shipped,2024-02-05
230,Customer_230,B2C,West,2023-03-18,53783.0,124.46,shipped,2024-04-28
230,Customer_230,B2C,West,2023-03-18,54042.0,135.27,completed,2024-05-06
230,Customer_230,B2C,West,2023-03-18,54582.0,57.86,completed,2024-05-23
231,Customer_231,SMB,West,2023-03-18,50998.0,78.21,pending,2024-02-01
231,Customer_231,SMB,West,2023-03-18,51704.0,33.6,completed,2024-02-23
232,Customer_232,B2C,Central,2023-03-19,50861.0,327.17,cancelled,2024-01-27
232,Customer_232,B2C,Central,2023-03-19,50914.0,227.45,completed,2024-01-29
232,Customer_232,B2C,Central,2023-03-19,51370.0,171.48,shipped,2024-02-12
232,Customer_232,B2C,Central,2023-03-19,52096.0,100.1,cancelled,2024-03-06
232,Customer_232,B2C,Central,2023-03-19,53420.0,269.39,completed,2024-04-16
232,Customer_232,B2C,Central,2023-03-19,54621.0,44.88,completed,2024-05-24
232,Customer_232,B2C,Central,2023-03-19,54659.0,158.53,completed,2024-05-25
233,Customer_233,B2C,Central,2023-03-19,50171.0,306.94,completed,2024-01-06
233,Customer_233,B2C,Central,2023-03-19,51565.0,376.65,completed,2024-02-18
233,Customer_233,B2C,Central,2023-03-19,52791.0,461.32,cancelled,2024-03-28
233,Customer_233,B2C,Central,2023-03-19,53224.0,78.17,shipped,2024-04-10
233,Customer_233,B2C,Central,2023-03-19,53295.0,192.82,completed,2024-04-12
233,Customer_233,B2C,Central,2023-03-19,54470.0,30.9,shipped,2024-05-19
233,Customer_233,B2C,Central,2023-03-19,54653.0,424.8,completed,2024-05-25
234,Customer_234,B2C,West,2023-03-19,52379.0,74.87,shipped,2024-03-15
234,Customer_234,B2C,West,2023-03-19,53390.0,93.47,pending,2024-04-15
234,Customer_234,B2C,West,2023-03-19,54210.0,126.78,completed,2024-05-11
234,Customer_234,B2C,West,2023-03-19,54436.0,157.83,completed,2024-05-18
235,Customer_235,B2B,West,2023-03-20,50131.0,23.07,completed,2024-01-05
235,Customer_235,B2B,West,2023-03-20,50156.0,37.5,shipped,2024-01-05
235,Customer_235,B2B,West,2023-03-20,51015.0,147.25,completed,2024-02-01
235,Customer_235,B2B,West,2023-03-20,52083.0,66.99,completed,2024-03-06
235,Customer_235,B2B,West,2023-03-20,53918.0,709.39,completed,2024-05-02
235,Customer_235,B2B,West,2023-03-20,54252.0,162.35,completed,2024-05-12
235,Customer_235,B2B,West,2023-03-20,54625.0,140.82,completed,2024-05-24
235,Customer_235,B2B,West,2023-03-20,54745.0,30.64,completed,2024-05-28
236,Customer_236,SMB,West,2023-03-20,51174.0,56.75,completed,2024-02-06
236,Customer_236,SMB,West,2023-03-20,51537.0,213.87,shipped,2024-02-18
236,Customer_236,SMB,West,2023-03-20,51609.0,409.88,completed,2024-02-20
236,Customer_236,SMB,West,2023-03-20,51933.0,21.31,shipped,2024-03-01
237,Customer_237,B2C,South,2023-03-20,50510.0,117.97,completed,2024-01-16
237,Customer_237,B2C,South,2023-03-20,50958.0,19.01,completed,2024-01-30
237,Customer_237,B2C,South,2023-03-20,51761.0,93.64,completed,2024-02-25
237,Customer_237,B2C,South,2023-03-20,52310.0,72.54,shipped,2024-03-13
237,Customer_237,B2C,South,2023-03-20,52564.0,41.22,completed,2024-03-21
237,Customer_237,B2C,South,2023-03-20,52962.0,170.4,completed,2024-04-02
237,Customer_237,B2C,South,2023-03-20,53432.0,17.77,cancelled,2024-04-17
237,Customer_237,B2C,South,2023-03-20,53446.0,176.71,completed,2024-04-17
237,Customer_237,B2C,South,2023-03-20,54061.0,69.33,completed,2024-05-06
238,Customer_238,B2B,West,2023-03-21,53964.0,344.45,completed,2024-05-03
238,Customer_238,B2B,West,2023-03-21,54534.0,135.97,completed,2024-05-21
238,Customer_238,B2B,West,2023-03-21,54584.0,91.72,completed,2024-05-23
238,Customer_238,B2B,West,2023-03-21,54804.0,122.16,completed,2024-05-30
239,Customer_239,B2C,East,2023-03-21,51031.0,27.48,completed,2024-02-02
239,Customer_239,B2C,East,2023-03-21,51081.0,85.56,completed,2024-02-03
239,Customer_239,B2C,East,2023-03-21,52721.0,206.3,cancelled,2024-03-26
239,Customer_239,B2C,East,2023-03-21,52869.0,44.88,completed,2024-03-30
239,Customer_239,B2C,East,2023-03-21,53714.0,92.52,completed,2024-04-26
239,Customer_239,B2C,East,2023-03-21,54572.0,232.01,completed,2024-05-22
239,Customer_239,B2C,East,2023-03-21,54775.0,47.8,completed,2024-05-29
240,Customer_240,B2B,North,2023-03-21,50620.0,167.56,shipped,2024-01-20
240,Customer_240,B2B,North,2023-03-21,53655.0,658.95,cancelled,2024-04-24
241,Customer_241,Enterprise,West,2023-03-22,53812.0,258.88,shipped,2024-04-29
241,Customer_241,Enterprise,West,2023-03-22,54705.0,284.75,completed,2024-05-27
241,Customer_241,Enterprise,West,2023-03-22,54738.0,81.09,completed,2024-05-28
242,Customer_242,Enterprise,North,2023-03-22,50789.0,129.9,completed,2024-01-25
242,Customer_242,Enterprise,North,2023-03-22,51557.0,312.3,pending,2024-02-18
242,Customer_242,Enterprise,North,2023-03-22,53158.0,194.1,completed,2024-04-08
243,Customer_243,Enterprise,South,2023-03-22,53112.0,99.52,shipped,2024-04-07
243,Customer_243,Enterprise,South,2023-03-22,53832.0,287.58,completed,2024-04-29
244,Customer_244,B2C,North,2023-03-23,51128.0,72.16,shipped,2024-02-05
244,Customer_244,B2C,North,2023-03-23,54913.0,355.24,completed,2024-06-02
245,Customer_245,B2B,South,2023-03-23,51783.0,311.24,completed,2024-02-25
245,Customer_245,B2B,South,2023-03-23,51866.0,210.49,completed,2024-02-28
245,Customer_245,B2B,South,2023-03-23,52201.0,43.1,completed,2024-03-09
245,Customer_245,B2B,South,2023-03-23,53072.0,183.8,completed,2024-04-05
245,Customer_245,B2B,South,2023-03-23,53090.0,262.67,shipped,2024-04-06
245,Customer_245,B2B,South,2023-03-23,53890.0,44.0,pending,2024-05-01
245,Customer_245,B2B,South,2023-03-23,53900.0,29.98,completed,2024-05-01
245,Customer_245,B2B,South,2023-03-23,54145.0,121.02,completed,2024-05-09
246,Customer_246,Enterprise,East,2023-03-23,50091.0,61.44,completed,2024-01-03
246,Customer_246,Enterprise,East,2023-03-23,51546.0,44.84,completed,2024-02-18
246,Customer_246,Enterprise,East,2023-03-23,51561.0,94.46,completed,2024-02-18
246,Customer_246,Enterprise,East,2023-03-23,53233.0,367.03,completed,2024-04-11
246,Customer_246,Enterprise,East,2023-03-23,54342.0,58.64,pending,2024-05-15
247,Customer_247,B2C,South,2023-03-24,50189.0,29.96,completed,2024-01-06
247,Customer_247,B2C,South,2023-03-24,50272.0,364.77,cancelled,2024-01-09
247,Customer_247,B2C,South,2023-03-24,50686.0,83.85,completed,2024-01-22
247,Customer_247,B2C,South,2023-03-24,51164.0,44.67,pending,2024-02-06
247,Customer_247,B2C,South,2023-03-24,52099.0,416.18,completed,2024-03-06
247,Customer_247,B2C,South,2023-03-24,52435.0,261.26,completed,2024-03-17
247,Customer_247,B2C,South,2023-03-24,53417.0,448.05,shipped,2024-04-16
247,Customer_247,B2C,South,2023-03-24,54009.0,373.65,completed,2024-05-05
247,Customer_247,B2C,South,2023-03-24,54284.0,21.12,shipped,2024-05-13
247,Customer_247,B2C,South,2023-03-24,54367.0,156.2,completed,2024-05-16
247,Customer_247,B2C,South,2023-03-24,54945.0,18.36,shipped,2024-06-03
248,Customer_248,Enterprise,South,2023-03-24,50432.0,129.94,completed,2024-01-14
248,Customer_248,Enterprise,South,2023-03-24,51840.0,131.02,completed,2024-02-27
248,Customer_248,Enterprise,South,2023-03-24,52563.0,68.5,completed,2024-03-21
248,Customer_248,Enterprise,South,2023-03-24,53013.0,17.86,completed,2024-04-04
248,Customer_248,Enterprise,South,2023-03-24,53633.0,99.6,completed,2024-04-23
248,Customer_248,Enterprise,South,2023-03-24,54358.0,213.03,completed,2024-05-16
249,Customer_249,Enterprise,Central,2023-03-24,50104.0,60.44,completed,2024-01-04
249,Customer_249,Enterprise,Central,2023-03-24,50784.0,205.51,completed,2024-01-25
249,Customer_249,Enterprise,Central,2023-03-24,53475.0,77.98,completed,2024-04-18
250,Customer_250,SMB,West,2023-03-25,50279.0,294.19,completed,2024-01-09
250,Customer_250,SMB,West,2023-03-25,50282.0,166.77,pending,2024-01-09
250,Customer_250,SMB,West,2023-03-25,50455.0,119.07,completed,2024-01-15
250,Customer_250,SMB,West,2023-03-25,53510.0,128.86,completed,2024-04-19
250,Customer_250,SMB,West,2023-03-25,54643.0,26.97,completed,2024-05-25
251,Customer_251,B2C,West,2023-03-25,50865.0,196.01,completed,2024-01-28
251,Customer_251,B2C,West,2023-03-25,51498.0,861.14,pending,2024-02-16
251,Customer_251,B2C,West,2023-03-25,52477.0,207.03,completed,2024-03-18
251,Customer_251,B2C,West,2023-03-25,54150.0,195.45,completed,2024-05-09
251,Customer_251,B2C,West,2023-03-25,54453.0,47.44,completed,2024-05-19
252,Customer_252,B2C,East,2023-03-25,51812.0,115.98,shipped,2024-02-26
252,Customer_252,B2C,East,2023-03-25,53533.0,56.38,pending,2024-04-20
252,Customer_252,B2C,East,2023-03-25,53978.0,351.63,completed,2024-05-04
252,Customer_252,B2C,East,2023-03-25,53988.0,22.55,completed,2024-05-04
253,Customer_253,SMB,East,2023-03-26,51607.0,110.31,completed,2024-02-20
253,Customer_253,SMB,East,2023-03-26,51686.0,144.9,completed,2024-02-22
253,Customer_253,SMB,East,2023-03-26,53057.0,104.3,completed,2024-04-05
253,Customer_253,SMB,East,2023-03-26,54309.0,25.81,completed,2024-05-14
254,Customer_254,B2C,West,2023-03-26,51228.0,70.96,completed,2024-02-08
254,Customer_254,B2C,West,2023-03-26,52528.0,110.86,pending,2024-03-19
254,Customer_254,B2C,West,2023-03-26,53144.0,183.87,shipped,2024-04-08
254,Customer_254,B2C,West,2023-03-26,54072.0,91.81,completed,2024-05-07
255,Customer_255,B2B,Central,2023-03-26,50233.0,1108.19,completed,2024-01-08
255,Customer_255,B2B,Central,2023-03-26,51732.0,76.65,completed,2024-02-24
255,Customer_255,B2B,Central,2023-03-26,52625.0,381.0,completed,2024-03-23
255,Customer_255,B2B,Central,2023-03-26,54685.0,59.23,shipped,2024-05-26
256,Customer_256,B2C,West,2023-03-27,50652.0,162.1,completed,2024-01-21
256,Customer_256,B2C,West,2023-03-27,51188.0,211.08,shipped,2024-02-07
256,Customer_256,B2C,West,2023-03-27,51772.0,162.13,completed,2024-02-25
256,Customer_256,B2C,West,2023-03-27,52629.0,88.99,completed,2024-03-23
256,Customer_256,B2C,West,2023-03-27,52826.0,25.07,completed,2024-03-29
256,Customer_256,B2C,West,2023-03-27,54549.0,138.72,completed,2024-05-22
257,Customer_257,Enterprise,Central,2023-03-27,50205.0,258.35,completed,2024-01-07
257,Customer_257,Enterprise,Central,2023-03-27,53051.0,714.98,completed,2024-04-05
258,Customer_258,B2C,East,2023-03-27,50346.0,70.54,completed,2024-01-11
258,Customer_258,B2C,East,2023-03-27,51191.0,53.7,completed,2024-02-07
258,Customer_258,B2C,East,2023-03-27,51807.0,294.73,completed,2024-02-26
258,Customer_258,B2C,East,2023-03-27,53607.0,36.95,cancelled,2024-04-22
259,Customer_259,B2C,North,2023-03-28,52949.0,367.54,shipped,2024-04-02
259,Customer_259,B2C,North,2023-03-28,53715.0,92.72,completed,2024-04-26
260,Customer_260,B2B,East,2023-03-28,50691.0,138.27,completed,2024-01-22
260,Customer_260,B2B,East,2023-03-28,51075.0,235.54,completed,2024-02-03
260,Customer_260,B2B,East,2023-03-28,51146.0,100.0,completed,2024-02-05
260,Customer_260,B2B,East,2023-03-28,52264.0,96.02,shipped,2024-03-11
260,Customer_260,B2B,East,2023-03-28,52481.0,31.93,pending,2024-03-18
260,Customer_260,B2B,East,2023-03-28,52660.0,133.62,completed,2024-03-24
260,Customer_260,B2B,East,2023-03-28,53065.0,115.62,completed,2024-04-05
260,Customer_260,B2B,East,2023-03-28,53105.0,96.06,completed,2024-04-07
260,Customer_260,B2B,East,2023-03-28,53283.0,142.64,completed,2024-04-12
260,Customer_260,B2B,East,2023-03-28,54388.0,51.9,completed,2024-05-17
260,Customer_260,B2B,East,2023-03-28,54980.0,183.02,completed,2024-06-04
261,Customer_261,B2C,East,2023-03-28,50361.0,245.16,completed,2024-01-12
261,Customer_261,B2C,East,2023-03-28,52147.0,129.41,pending,2024-03-08
261,Customer_261,B2C,East,2023-03-28,52730.0,522.18,completed,2024-03-26
261,Customer_261,B2C,East,2023-03-28,52750.0,213.9,pending,2024-03-26
261,Customer_261,B2C,East,2023-03-28,53723.0,19.85,completed,2024-04-26
262,Customer_262,Enterprise,South,2023-03-29,50236.0,176.53,cancelled,2024-01-08
262,Customer_262,Enterprise,South,2023-03-29,50413.0,82.24,completed,2024-01-13
262,Customer_262,Enterprise,South,2023-03-29,50819.0,32.18,completed,2024-01-26
262,Customer_262,Enterprise,South,2023-03-29,52500.0,255.72,completed,2024-03-19
262,Customer_262,Enterprise,South,2023-03-29,53675.0,61.03,completed,2024-04-24
262,Customer_262,Enterprise,South,2023-03-29,53687.0,193.55,completed,2024-04-25
263,Customer_263,B2B,South,2023-03-29,50026.0,313.13,completed,2024-01-01
263,Customer_263,B2B,South,2023-03-29,50460.0,77.1,completed,2024-01-15
263,Customer_263,B2B,South,2023-03-29,53191.0,244.25,shipped,2024-04-09
264,Customer_264,B2C,South,2023-03-29,50681.0,129.38,completed,2024-01-22
264,Customer_264,B2C,South,2023-03-29,50714.0,81.42,completed,2024-01-23
264,Customer_264,B2C,South,2023-03-29,54649.0,132.53,completed,2024-05-25
265,Customer_265,SMB,South,2023-03-30,50240.0,71.24,completed,2024-01-08
265,Customer_265,SMB,South,2023-03-30,51022.0,22.7,pending,2024-02-01
265,Customer_265,SMB,South,2023-03-30,51052.0,165.67,shipped,2024-02-02
265,Customer_265,SMB,South,2023-03-30,52897.0,181.74,pending,2024-03-31
265,Customer_265,SMB,South,2023-03-30,53078.0,61.49,shipped,2024-04-06
265,Customer_265,SMB,South,2023-03-30,53589.0,219.02,completed,2024-04-22
265,Customer_265,SMB,South,2023-03-30,54960.0,184.98,completed,2024-06-03
266,Customer_266,SMB,Central,2023-03-30,50093.0,96.69,completed,2024-01-03
266,Customer_266,SMB,Central,2023-03-30,50311.0,118.84,completed,2024-01-10
266,Customer_266,SMB,Central,2023-03-30,52464.0,24.91,completed,2024-03-17
266,Customer_266,SMB,Central,2023-03-30,52895.0,108.2,shipped,2024-03-31
266,Customer_266,SMB,Central,2023-03-30,54143.0,18.85,cancelled,2024-05-09
267,Customer_267,B2C,West,2023-03-30,50022.0,162.59,completed,2024-01-01
267,Customer_267,B2C,West,2023-03-30,51283.0,139.05,completed,2024-02-10
267,Customer_267,B2C,West,2023-03-30,53130.0,40.16,completed,2024-04-07
267,Customer_267,B2C,West,2023-03-30,53389.0,117.98,completed,2024-04-15
267,Customer_267,B2C,West,2023-03-30,53406.0,24.37,pending,2024-04-16
268,Customer_268,SMB,North,2023-03-31,50009.0,506.73,completed,2024-01-01
268,Customer_268,SMB,North,2023-03-31,50229.0,103.04,shipped,2024-01-08
268,Customer_268,SMB,North,2023-03-31,51173.0,52.03,pending,2024-02-06
268,Customer_268,SMB,North,2023-03-31,52508.0,201.69,completed,2024-03-19
268,Customer_268,SMB,North,2023-03-31,52521.0,182.63,shipped,2024-03-19
268,Customer_268,SMB,North,2023-03-31,52667.0,773.55,completed,2024-03-24
268,Customer_268,SMB,North,2023-03-31,53198.0,77.12,completed,2024-04-09
268,Customer_268,SMB,North,2023-03-31,53870.0,160.67,completed,2024-04-30
268,Customer_268,SMB,North,2023-03-31,54822.0,132.87,completed,2024-05-30
269,Customer_269,B2C,East,2023-03-31,50001.0,19.06,shipped,2024-01-01
269,Customer_269,B2C,East,2023-03-31,50579.0,312.19,completed,2024-01-19
269,Customer_269,B2C,East,2023-03-31,51622.0,15.03,completed,2024-02-20
269,Customer_269,B2C,East,2023-03-31,52076.0,40.67,completed,2024-03-05
269,Customer_269,B2C,East,2023-03-31,52533.0,216.82,completed,2024-03-20
269,Customer_269,B2C,East,2023-03-31,52605.0,80.0,completed,2024-03-22
269,Customer_269,B2C,East,2023-03-31,54888.0,299.61,completed,2024-06-01
270,Customer_270,B2C,Central,2023-03-31,50464.0,64.69,pending,2024-01-15
270,Customer_270,B2C,Central,2023-03-31,51029.0,165.23,pending,2024-02-02
270,Customer_270,B2C,Central,2023-03-31,52233.0,62.52,cancelled,2024-03-10
270,Customer_270,B2C,Central,2023-03-31,53050.0,71.02,shipped,2024-04-05
270,Customer_270,B2C,Central,2023-03-31,53329.0,338.32,completed,2024-04-14
270,Customer_270,B2C,Central,2023-03-31,54521.0,242.88,cancelled,2024-05-21
271,Customer_271,SMB,North,2023-04-01,51190.0,40.38,completed,2024-02-07
271,Customer_271,SMB,North,2023-04-01,52249.0,139.21,completed,2024-03-11
271,Customer_271,SMB,North,2023-04-01,52825.0,53.32,completed,2024-03-29
271,Customer_271,SMB,North,2023-04-01,53164.0,32.36,completed,2024-04-08
271,Customer_271,SMB,North,2023-04-01,53401.0,70.77,completed,2024-04-16
272,Customer_272,SMB,Central,2023-04-01,51122.0,106.78,cancelled,2024-02-05
272,Customer_272,SMB,Central,2023-04-01,51845.0,30.23,completed,2024-02-27
272,Customer_272,SMB,Central,2023-04-01,52932.0,57.32,completed,2024-04-01
272,Customer_272,SMB,Central,2023-04-01,54320.0,328.16,completed,2024-05-14
272,Customer_272,SMB,Central,2023-04-01,54598.0,362.6,completed,2024-05-23
273,Customer_273,SMB,Central,2023-04-01,50241.0,31.79,shipped,2024-01-08
273,Customer_273,SMB,Central,2023-04-01,50471.0,20.58,completed,2024-01-15
273,Customer_273,SMB,Central,2023-04-01,50592.0,49.61,completed,2024-01-19
273,Customer_273,SMB,Central,2023-04-01,51877.0,198.31,completed,2024-02-28
273,Customer_273,SMB,Central,2023-04-01,51945.0,41.87,completed,2024-03-01
273,Customer_273,SMB,Central,2023-04-01,52041.0,100.49,shipped,2024-03-04
273,Customer_273,SMB,Central,2023-04-01,52174.0,73.36,completed,2024-03-08
273,Customer_273,SMB,Central,2023-04-01,52782.0,20.31,completed,2024-03-27
273,Customer_273,SMB,Central,2023-04-01,53375.0,36.69,completed,2024-04-15
273,Customer_273,SMB,Central,2023-04-01,54641.0,102.96,completed,2024-05-25
274,Customer_274,Enterprise,East,2023-04-02,50528.0,167.17,completed,2024-01-17
274,Customer_274,Enterprise,East,2023-04-02,52111.0,333.73,completed,2024-03-06
274,Customer_274,Enterprise,East,2023-04-02,54193.0,90.68,completed,2024-05-11
274,Customer_274,Enterprise,East,2023-04-02,54392.0,512.7,completed,2024-05-17
274,Customer_274,Enterprise,East,2023-04-02,54856.0,39.93,completed,2024-05-31
275,Customer_275,B2C,West,2023-04-02,50161.0,407.57,completed,2024-01-06
275,Customer_275,B2C,West,2023-04-02,50952.0,103.27,completed,2024-01-30
275,Customer_275,B2C,West,2023-04-02,51491.0,153.81,completed,2024-02-16
275,Customer_275,B2C,West,2023-04-02,52384.0,42.15,completed,2024-03-15
276,Customer_276,B2C,South,2023-04-02,50498.0,80.15,completed,2024-01-16
276,Customer_276,B2C,South,2023-04-02,51208.0,30.47,completed,2024-02-07
276,Customer_276,B2C,South,2023-04-02,52672.0,109.19,completed,2024-03-24
276,Customer_276,B2C,South,2023-04-02,52896.0,132.72,completed,2024-03-31
276,Customer_276,B2C,South,2023-04-02,52925.0,73.7,completed,2024-04-01
276,Customer_276,B2C,South,2023-04-02,53097.0,361.48,completed,2024-04-06
276,Customer_276,B2C,South,2023-04-02,54448.0,125.44,completed,2024-05-18
277,Customer_277,SMB,West,2023-04-03,50746.0,258.27,completed,2024-01-24
277,Customer_277,SMB,West,2023-04-03,51102.0,552.23,completed,2024-02-04
277,Customer_277,SMB,West,2023-04-03,51458.0,55.56,completed,2024-02-15
277,Customer_277,SMB,West,2023-04-03,51976.0,27.56,completed,2024-03-02
277,Customer_277,SMB,West,2023-04-03,52186.0,202.8,completed,2024-03-09
277,Customer_277,SMB,West,2023-04-03,53427.0,483.06,completed,2024-04-17
277,Customer_277,SMB,West,2023-04-03,53477.0,141.76,shipped,2024-04-18
277,Customer_277,SMB,West,2023-04-03,53738.0,19.94,completed,2024-04-26
278,Customer_278,B2C,East,2023-04-03,50623.0,238.86,completed,2024-01-20
278,Customer_278,B2C,East,2023-04-03,50845.0,53.6,completed,2024-01-27
278,Customer_278,B2C,East,2023-04-03,51934.0,146.66,completed,2024-03-01
278,Customer_278,B2C,East,2023-04-03,52306.0,107.1,completed,2024-03-13
278,Customer_278,B2C,East,2023-04-03,52539.0,100.86,shipped,2024-03-20
278,Customer_278,B2C,East,2023-04-03,53548.0,152.33,completed,2024-04-20
278,Customer_278,B2C,East,2023-04-03,53926.0,250.03,completed,2024-05-02
278,Customer_278,B2C,East,2023-04-03,53985.0,144.52,completed,2024-05-04
279,Customer_279,SMB,East,2023-04-03,51363.0,119.62,completed,2024-02-12
279,Customer_279,SMB,East,2023-04-03,52836.0,62.97,cancelled,2024-03-29
279,Customer_279,SMB,East,2023-04-03,52890.0,175.76,completed,2024-03-31
279,Customer_279,SMB,East,2023-04-03,54422.0,100.2,completed,2024-05-18
280,Customer_280,SMB,East,2023-04-04,52086.0,296.52,completed,2024-03-06
280,Customer_280,SMB,East,2023-04-04,52105.0,157.6,cancelled,2024-03-06
280,Customer_280,SMB,East,2023-04-04,53515.0,139.63,completed,2024-04-19
281,Customer_281,SMB,North,2023-04-04,50802.0,43.0,completed,2024-01-26
281,Customer_281,SMB,North,2023-04-04,51030.0,313.03,completed,2024-02-02
281,Customer_281,SMB,North,2023-04-04,51154.0,146.52,completed,2024-02-06
281,Customer_281,SMB,North,2023-04-04,51508.0,21.66,completed,2024-02-17
281,Customer_281,SMB,North,2023-04-04,52640.0,138.53,completed,2024-03-23
282,Customer_282,B2C,West,2023-04-04,50569.0,47.67,completed,2024-01-18
282,Customer_282,B2C,West,2023-04-04,52297.0,231.98,completed,2024-03-12
282,Customer_282,B2C,West,2023-04-04,52400.0,21.82,completed,2024-03-15
282,Customer_282,B2C,West,2023-04-04,54365.0,112.03,completed,2024-05-16
283,Customer_283,B2C,West,2023-04-05,50122.0,167.72,completed,2024-01-04
283,Customer_283,B2C,West,2023-04-05,50200.0,35.47,completed,2024-01-07
283,Customer_283,B2C,West,2023-04-05,50289.0,56.18,completed,2024-01-10
283,Customer_283,B2C,West,2023-04-05,51514.0,320.29,completed,2024-02-17
283,Customer_283,B2C,West,2023-04-05,51927.0,82.02,shipped,2024-03-01
283,Customer_283,B2C,West,2023-04-05,52360.0,22.66,completed,2024-03-14
283,Customer_283,B2C,West,2023-04-05,52736.0,218.98,completed,2024-03-26
283,Customer_283,B2C,West,2023-04-05,53070.0,30.72,completed,2024-04-05
283,Customer_283,B2C,West,2023-04-05,53146.0,142.85,completed,2024-04-08
283,Customer_283,B2C,West,2023-04-05,54222.0,245.07,completed,2024-05-11
283,Customer_283,B2C,West,2023-04-05,54325.0,312.4,pending,2024-05-15
283,Customer_283,B2C,West,2023-04-05,54391.0,188.25,shipped,2024-05-17
284,Customer_284,B2B,Central,2023-04-05,51751.0,115.07,completed,2024-02-24
284,Customer_284,B2B,Central,2023-04-05,52661.0,120.77,shipped,2024-03-24
284,Customer_284,B2B,Central,2023-04-05,53009.0,45.73,completed,2024-04-04
284,Customer_284,B2B,Central,2023-04-05,54253.0,117.54,shipped,2024-05-12
285,Customer_285,B2C,Central,2023-04-05,51482.0,794.1,shipped,2024-02-16
285,Customer_285,B2C,Central,2023-04-05,53531.0,109.63,shipped,2024-04-20
285,Customer_285,B2C,Central,2023-04-05,54033.0,425.92,completed,2024-05-06
286,Customer_286,B2B,Central,2023-04-06,50310.0,500.59,pending,2024-01-10
286,Customer_286,B2B,Central,2023-04-06,54180.0,108.69,completed,2024-05-10
286,Customer_286,B2B,Central,2023-04-06,54332.0,313.5,pending,2024-05-15
287,Customer_287,B2C,East,2023-04-06,51203.0,21.76,completed,2024-02-07
287,Customer_287,B2C,East,2023-04-06,51476.0,119.49,shipped,2024-02-16
287,Customer_287,B2C,East,2023-04-06,51527.0,65.98,shipped,2024-02-17
287,Customer_287,B2C,East,2023-04-06,51668.0,230.93,shipped,2024-02-22
287,Customer_287,B2C,East,2023-04-06,52998.0,388.11,completed,2024-04-03
287,Customer_287,B2C,East,2023-04-06,54254.0,63.27,completed,2024-05-12
288,Customer_288,B2C,West,2023-04-06,50393.0,64.63,completed,2024-01-13
288,Customer_288,B2C,West,2023-04-06,51117.0,708.44,completed,2024-02-04
288,Customer_288,B2C,West,2023-04-06,51678.0,153.99,completed,2024-02-22
288,Customer_288,B2C,West,2023-04-06,52151.0,152.5,shipped,2024-03-08
288,Customer_288,B2C,West,2023-04-06,52668.0,29.49,pending,2024-03-24
288,Customer_288,B2C,West,2023-04-06,52786.0,363.69,shipped,2024-03-28
288,Customer_288,B2C,West,2023-04-06,54596.0,25.07,shipped,2024-05-23
288,Customer_288,B2C,West,2023-04-06,54749.0,58.75,cancelled,2024-05-28
289,Customer_289,B2C,East,2023-04-07,53068.0,67.85,completed,2024-04-05
289,Customer_289,B2C,East,2023-04-07,53357.0,541.93,completed,2024-04-14
289,Customer_289,B2C,East,2023-04-07,54378.0,287.37,completed,2024-05-16
289,Customer_289,B2C,East,2023-04-07,54579.0,170.6,completed,2024-05-23
289,Customer_289,B2C,East,2023-04-07,54846.0,90.22,completed,2024-05-31
289,Customer_289,B2C,East,2023-04-07,54968.0,37.79,completed,2024-06-04
290,Customer_290,B2C,North,2023-04-07,50142.0,72.08,completed,2024-01-05
290,Customer_290,B2C,North,2023-04-07,51429.0,274.43,completed,2024-02-14
290,Customer_290,B2C,North,2023-04-07,52130.0,290.41,completed,2024-03-07
290,Customer_290,B2C,North,2023-04-07,52743.0,101.97,completed,2024-03-26
290,Customer_290,B2C,North,2023-04-07,53622.0,357.59,completed,2024-04-23
291,Customer_291,B2B,Central,2023-04-07,52624.0,43.59,shipped,2024-03-22
291,Customer_291,B2B,Central,2023-04-07,52790.0,218.46,completed,2024-03-28
291,Customer_291,B2B,Central,2023-04-07,52832.0,138.72,shipped,2024-03-29
291,Customer_291,B2B,Central,2023-04-07,54030.0,468.82,shipped,2024-05-05
292,Customer_292,B2B,East,2023-04-08,50127.0,513.86,completed,2024-01-04
292,Customer_292,B2B,East,2023-04-08,50499.0,68.28,cancelled,2024-01-16
292,Customer_292,B2B,East,2023-04-08,53699.0,169.33,completed,2024-04-25
293,Customer_293,SMB,East,2023-04-08,50378.0,275.3,completed,2024-01-12
293,Customer_293,SMB,East,2023-04-08,53711.0,359.11,completed,2024-04-25
293,Customer_293,SMB,East,2023-04-08,54146.0,289.9,shipped,2024-05-09
294,Customer_294,B2C,North,2023-04-08,50251.0,152.96,completed,2024-01-08
294,Customer_294,B2C,North,2023-04-08,50354.0,85.79,completed,2024-01-12
294,Customer_294,B2C,North,2023-04-08,50475.0,228.71,completed,2024-01-15
294,Customer_294,B2C,North,2023-04-08,50527.0,191.57,completed,2024-01-17
294,Customer_294,B2C,North,2023-04-08,50717.0,67.57,completed,2024-01-23
294,Customer_294,B2C,North,2023-04-08,52438.0,117.13,completed,2024-03-17
294,Customer_294,B2C,North,2023-04-08,52857.0,68.9,completed,2024-03-30
294,Customer_294,B2C,North,2023-04-08,53069.0,250.16,completed,2024-04-05
295,Customer_295,B2B,South,2023-04-09,52447.0,312.93,completed,2024-03-17
295,Customer_295,B2B,South,2023-04-09,54112.0,249.96,shipped,2024-05-08
295,Customer_295,B2B,South,2023-04-09,54237.0,30.1,cancelled,2024-05-12
295,Customer_295,B2B,South,2023-04-09,54387.0,74.46,completed,2024-05-17
295,Customer_295,B2B,South,2023-04-09,54735.0,62.29,pending,2024-05-27
296,Customer_296,B2C,West,2023-04-09,50645.0,285.93,shipped,2024-01-21
296,Customer_296,B2C,West,2023-04-09,50867.0,85.59,shipped,2024-01-28
296,Customer_296,B2C,West,2023-04-09,50956.0,131.86,completed,2024-01-30
296,Customer_296,B2C,West,2023-04-09,51636.0,89.81,completed,2024-02-21
296,Customer_296,B2C,West,2023-04-09,52752.0,50.62,completed,2024-03-26
296,Customer_296,B2C,West,2023-04-09,53598.0,386.35,completed,2024-04-22
296,Customer_296,B2C,West,2023-04-09,54739.0,46.85,completed,2024-05-28
297,Customer_297,SMB,South,2023-04-09,52162.0,24.62,pending,2024-03-08
297,Customer_297,SMB,South,2023-04-09,54028.0,478.38,completed,2024-05-05
298,Customer_298,B2B,Central,2023-04-10,51997.0,65.7,completed,2024-03-03
298,Customer_298,B2B,Central,2023-04-10,52227.0,70.67,shipped,2024-03-10
298,Customer_298,B2B,Central,2023-04-10,53773.0,55.47,shipped,2024-04-27
299,Customer_299,B2C,East,2023-04-10,51255.0,24.99,completed,2024-02-09
299,Customer_299,B2C,East,2023-04-10,52269.0,347.26,shipped,2024-03-11
299,Customer_299,B2C,East,2023-04-10,52338.0,151.62,completed,2024-03-14
299,Customer_299,B2C,East,2023-04-10,53015.0,243.51,completed,2024-04-04
300,Customer_300,B2B,North,2023-04-10,52171.0,194.84,completed,2024-03-08
300,Customer_300,B2B,North,2023-04-10,52748.0,190.01,cancelled,2024-03-26
300,Customer_300,B2B,North,2023-04-10,53754.0,78.53,completed,2024-04-27
301,Customer_301,B2B,North,2023-04-11,50280.0,145.97,pending,2024-01-09
301,Customer_301,B2B,North,2023-04-11,52543.0,149.84,completed,2024-03-20
301,Customer_301,B2B,North,2023-04-11,52582.0,113.38,completed,2024-03-21
301,Customer_301,B2B,North,2023-04-11,53480.0,147.51,shipped,2024-04-18
302,Customer_302,B2C,West,2023-04-11,50387.0,175.64,completed,2024-01-13
302,Customer_302,B2C,West,2023-04-11,50606.0,667.37,completed,2024-01-19
302,Customer_302,B2C,West,2023-04-11,51501.0,275.04,completed,2024-02-16
302,Customer_302,B2C,West,2023-04-11,51839.0,94.38,completed,2024-02-27
302,Customer_302,B2C,West,2023-04-11,51884.0,111.08,completed,2024-02-28
302,Customer_302,B2C,West,2023-04-11,52861.0,229.94,completed,2024-03-30
302,Customer_302,B2C,West,2023-04-11,53187.0,512.98,pending,2024-04-09
302,Customer_302,B2C,West,2023-04-11,53830.0,79.06,cancelled,2024-04-29
302,Customer_302,B2C,West,2023-04-11,54296.0,65.18,completed,2024-05-14
303,Customer_303,B2C,South,2023-04-11,50083.0,244.4,completed,2024-01-03
303,Customer_303,B2C,South,2023-04-11,52223.0,898.18,completed,2024-03-10
303,Customer_303,B2C,South,2023-04-11,52352.0,264.99,completed,2024-03-14
303,Customer_303,B2C,South,2023-04-11,52723.0,172.99,completed,2024-03-26
303,Customer_303,B2C,South,2023-04-11,52891.0,284.97,completed,2024-03-31
303,Customer_303,B2C,South,2023-04-11,53555.0,113.27,completed,2024-04-21
303,Customer_303,B2C,South,2023-04-11,53671.0,53.19,cancelled,2024-04-24
303,Customer_303,B2C,South,2023-04-11,54651.0,32.75,shipped,2024-05-25
304,Customer_304,B2C,West,2023-04-12,50166.0,81.98,completed,2024-01-06
304,Customer_304,B2C,West,2023-04-12,50332.0,20.23,shipped,2024-01-11
304,Customer_304,B2C,West,2023-04-12,50444.0,17.44,shipped,2024-01-14
304,Customer_304,B2C,West,2023-04-12,50482.0,197.08,completed,2024-01-16
304,Customer_304,B2C,West,2023-04-12,50856.0,39.92,completed,2024-01-27
304,Customer_304,B2C,West,2023-04-12,52853.0,46.36,pending,2024-03-30
304,Customer_304,B2C,West,2023-04-12,53828.0,31.53,completed,2024-04-29
305,Customer_305,SMB,East,2023-04-12,50948.0,252.87,shipped,2024-01-30
305,Customer_305,SMB,East,2023-04-12,52324.0,173.11,completed,2024-03-13
305,Customer_305,SMB,East,2023-04-12,53492.0,289.04,pending,2024-04-19
305,Customer_305,SMB,East,2023-04-12,54102.0,158.68,completed,2024-05-08
305,Customer_305,SMB,East,2023-04-12,54789.0,85.89,shipped,2024-05-29
306,Customer_306,Enterprise,West,2023-04-12,50500.0,138.09,cancelled,2024-01-16
306,Customer_306,Enterprise,West,2023-04-12,50988.0,77.48,completed,2024-01-31
306,Customer_306,Enterprise,West,2023-04-12,54336.0,337.05,completed,2024-05-15
306,Customer_306,Enterprise,West,2023-04-12,54824.0,130.51,cancelled,2024-05-30
307,Customer_307,B2C,North,2023-04-13,50100.0,23.18,completed,2024-01-04
307,Customer_307,B2C,North,2023-04-13,53647.0,17.89,completed,2024-04-23
307,Customer_307,B2C,North,2023-04-13,54678.0,139.39,completed,2024-05-26
308,Customer_308,B2C,North,2023-04-13,50112.0,390.17,completed,2024-01-04
308,Customer_308,B2C,North,2023-04-13,52557.0,482.96,completed,2024-03-20
308,Customer_308,B2C,North,2023-04-13,53562.0,92.13,cancelled,2024-04-21
308,Customer_308,B2C,North,2023-04-13,53915.0,142.15,completed,2024-05-02
308,Customer_308,B2C,North,2023-04-13,54662.0,47.34,pending,2024-05-25
309,Customer_309,SMB,Central,2023-04-13,51606.0,382.44,completed,2024-02-20
309,Customer_309,SMB,Central,2023-04-13,54458.0,57.0,completed,2024-05-19
309,Customer_309,SMB,Central,2023-04-13,54484.0,72.45,completed,2024-05-20
310,Customer_310,B2C,Central,2023-04-14,50423.0,148.88,completed,2024-01-14
310,Customer_310,B2C,Central,2023-04-14,51371.0,97.16,completed,2024-02-12
310,Customer_310,B2C,Central,2023-04-14,53761.0,32.96,completed,2024-04-27
310,Customer_310,B2C,Central,2023-04-14,54516.0,33.71,completed,2024-05-21
311,Customer_311,B2C,East,2023-04-14,50740.0,252.48,completed,2024-01-24
311,Customer_311,B2C,East,2023-04-14,51097.0,39.14,completed,2024-02-04
311,Customer_311,B2C,East,2023-04-14,51165.0,18.86,cancelled,2024-02-06
311,Customer_311,B2C,East,2023-04-14,53133.0,52.84,completed,2024-04-07
311,Customer_311,B2C,East,2023-04-14,53516.0,251.19,shipped,2024-04-19
312,Customer_312,B2B,South,2023-04-14,51785.0,287.4,cancelled,2024-02-25
313,Customer_313,B2B,West,2023-04-15,51343.0,506.91,pending,2024-02-11
313,Customer_313,B2B,West,2023-04-15,52468.0,239.81,completed,2024-03-18
313,Customer_313,B2B,West,2023-04-15,52732.0,102.97,pending,2024-03-26
313,Customer_313,B2B,West,2023-04-15,52798.0,246.34,cancelled,2024-03-28
313,Customer_313,B2B,West,2023-04-15,53059.0,543.77,shipped,2024-04-05
313,Customer_313,B2B,West,2023-04-15,53210.0,291.75,completed,2024-04-10
313,Customer_313,B2B,West,2023-04-15,53454.0,228.48,completed,2024-04-17
313,Customer_313,B2B,West,2023-04-15,53760.0,19.41,completed,2024-04-27
313,Customer_313,B2B,West,2023-04-15,53842.0,101.27,completed,2024-04-30
313,Customer_313,B2B,West,2023-04-15,54654.0,40.32,pending,2024-05-25
314,Customer_314,Enterprise,East,2023-04-15,50061.0,295.9,completed,2024-01-02
314,Customer_314,Enterprise,East,2023-04-15,50486.0,129.62,completed,2024-01-16
314,Customer_314,Enterprise,East,2023-04-15,50542.0,133.59,shipped,2024-01-17
314,Customer_314,Enterprise,East,2023-04-15,51049.0,145.14,shipped,2024-02-02
314,Customer_314,Enterprise,East,2023-04-15,51093.0,60.79,completed,2024-02-04
314,Customer_314,Enterprise,East,2023-04-15,51540.0,139.06,completed,2024-02-18
314,Customer_314,Enterprise,East,2023-04-15,53365.0,150.36,completed,2024-04-15
314,Customer_314,Enterprise,East,2023-04-15,53910.0,50.86,completed,2024-05-02
314,Customer_314,Enterprise,East,2023-04-15,54004.0,172.61,completed,2024-05-05
314,Customer_314,Enterprise,East,2023-04-15,54104.0,143.94,shipped,2024-05-08
314,Customer_314,Enterprise,East,2023-04-15,54416.0,180.1,completed,2024-05-17
315,Customer_315,SMB,Central,2023-04-15,50129.0,18.42,completed,2024-01-05
315,Customer_315,SMB,Central,2023-04-15,52535.0,283.95,completed,2024-03-20
315,Customer_315,SMB,Central,2023-04-15,52700.0,60.01,completed,2024-03-25
315,Customer_315,SMB,Central,2023-04-15,52810.0,216.79,completed,2024-03-28
315,Customer_315,SMB,Central,2023-04-15,54878.0,193.72,completed,2024-06-01
315,Customer_315,SMB,Central,2023-04-15,54939.0,80.28,completed,2024-06-03
316,Customer_316,B2C,West,2023-04-16,50049.0,233.32,completed,2024-01-02
316,Customer_316,B2C,West,2023-04-16,54227.0,36.04,completed,2024-05-12
316,Customer_316,B2C,West,2023-04-16,54776.0,174.55,pending,2024-05-29
317,Customer_317,B2C,Central,2023-04-16,51327.0,89.81,pending,2024-02-11
317,Customer_317,B2C,Central,2023-04-16,51608.0,141.3,completed,2024-02-20
317,Customer_317,B2C,Central,2023-04-16,51950.0,336.99,completed,2024-03-01
317,Customer_317,B2C,Central,2023-04-16,54031.0,140.88,completed,2024-05-05
317,Customer_317,B2C,Central,2023-04-16,54092.0,17.36,cancelled,2024-05-07
317,Customer_317,B2C,Central,2023-04-16,54879.0,55.95,completed,2024-06-01
318,Customer_318,B2B,West,2023-04-16,50462.0,135.5,completed,2024-01-15
318,Customer_318,B2B,West,2023-04-16,51035.0,174.17,shipped,2024-02-02
318,Customer_318,B2B,West,2023-04-16,52576.0,27.75,completed,2024-03-21
318,Customer_318,B2B,West,2023-04-16,53143.0,344.98,completed,2024-04-08
318,Customer_318,B2B,West,2023-04-16,53808.0,190.78,cancelled,2024-04-28
319,Customer_319,B2B,South,2023-04-17,51071.0,24.17,completed,2024-02-03
319,Customer_319,B2B,South,2023-04-17,51888.0,86.62,completed,2024-02-28
319,Customer_319,B2B,South,2023-04-17,52870.0,20.88,completed,2024-03-30
319,Customer_319,B2B,South,2023-04-17,53593.0,86.54,completed,2024-04-22
320,Customer_320,B2C,East,2023-04-17,50523.0,207.89,completed,2024-01-17
320,Customer_320,B2C,East,2023-04-17,50582.0,119.66,completed,2024-01-19
320,Customer_320,B2C,East,2023-04-17,54517.0,174.06,completed,2024-05-21
320,Customer_320,B2C,East,2023-04-17,54531.0,43.18,completed,2024-05-21
321,Customer_321,B2C,West,2023-04-17,50030.0,190.31,shipped,2024-01-01
321,Customer_321,B2C,West,2023-04-17,52502.0,134.79,completed,2024-03-19
321,Customer_321,B2C,West,2023-04-17,53545.0,493.23,completed,2024-04-20
321,Customer_321,B2C,West,2023-04-17,53618.0,21.98,completed,2024-04-23
322,Customer_322,SMB,North,2023-04-18,50955.0,17.7,completed,2024-01-30
322,Customer_322,SMB,North,2023-04-18,53095.0,98.33,shipped,2024-04-06
322,Customer_322,SMB,North,2023-04-18,54283.0,30.23,completed,2024-05-13
322,Customer_322,SMB,North,2023-04-18,54722.0,566.38,pending,2024-05-27
323,Customer_323,B2C,North,2023-04-18,50736.0,21.92,completed,2024-01-23
323,Customer_323,B2C,North,2023-04-18,51719.0,210.16,completed,2024-02-23
323,Customer_323,B2C,North,2023-04-18,52958.0,79.08,completed,2024-04-02
324,Customer_324,B2C,West,2023-04-18,50141.0,96.58,pending,2024-01-05
324,Customer_324,B2C,West,2023-04-18,52262.0,74.01,completed,2024-03-11
324,Customer_324,B2C,West,2023-04-18,52917.0,91.58,shipped,2024-04-01
324,Customer_324,B2C,West,2023-04-18,53672.0,325.94,completed,2024-04-24
324,Customer_324,B2C,West,2023-04-18,54864.0,132.09,shipped,2024-05-31
325,Customer_325,Enterprise,West,2023-04-19,51892.0,105.15,cancelled,2024-02-29
325,Customer_325,Enterprise,West,2023-04-19,52012.0,110.33,completed,2024-03-03
325,Customer_325,Enterprise,West,2023-04-19,52414.0,19.66,cancelled,2024-03-16
325,Customer_325,Enterprise,West,2023-04-19,53344.0,33.9,completed,2024-04-14
325,Customer_325,Enterprise,West,2023-04-19,53802.0,50.18,pending,2024-04-28
325,Customer_325,Enterprise,West,2023-04-19,54672.0,20.52,completed,2024-05-25
326,Customer_326,SMB,West,2023-04-19,50224.0,27.37,cancelled,2024-01-07
326,Customer_326,SMB,West,2023-04-19,51410.0,77.67,completed,2024-02-14
326,Customer_326,SMB,West,2023-04-19,51688.0,62.26,pending,2024-02-22
326,Customer_326,SMB,West,2023-04-19,51788.0,100.59,shipped,2024-02-25
326,Customer_326,SMB,West,2023-04-19,51962.0,27.12,pending,2024-03-02
327,Customer_327,B2C,North,2023-04-19,52023.0,75.16,shipped,2024-03-04
327,Customer_327,B2C,North,2023-04-19,52170.0,42.43,completed,2024-03-08
327,Customer_327,B2C,North,2023-04-19,52291.0,69.44,completed,2024-03-12
327,Customer_327,B2C,North,2023-04-19,53716.0,53.49,cancelled,2024-04-26
327,Customer_327,B2C,North,2023-04-19,53934.0,339.06,completed,2024-05-02
327,Customer_327,B2C,North,2023-04-19,54079.0,196.08,completed,2024-05-07
327,Customer_327,B2C,North,2023-04-19,54239.0,28.4,completed,2024-05-12
327,Customer_327,B2C,North,2023-04-19,54508.0,116.57,completed,2024-05-20
327,Customer_327,B2C,North,2023-04-19,54604.0,280.34,shipped,2024-05-23
328,Customer_328,B2C,North,2023-04-20,50600.0,33.25,pending,2024-01-19
328,Customer_328,B2C,North,2023-04-20,51723.0,105.43,shipped,2024-02-23
328,Customer_328,B2C,North,2023-04-20,53273.0,51.78,completed,2024-04-12
329,Customer_329,B2C,West,2023-04-20,52418.0,45.88,completed,2024-03-16
329,Customer_329,B2C,West,2023-04-20,53539.0,195.59,cancelled,2024-04-20
329,Customer_329,B2C,West,2023-04-20,53627.0,103.0,completed,2024-04-23
329,Customer_329,B2C,West,2023-04-20,53840.0,124.64,completed,2024-04-29
330,Customer_330,B2B,Central,2023-04-20,52855.0,216.78,completed,2024-03-30
330,Customer_330,B2B,Central,2023-04-20,53745.0,25.83,completed,2024-04-27
330,Customer_330,B2B,Central,2023-04-20,53889.0,54.12,shipped,2024-05-01
330,Customer_330,B2B,Central,2023-04-20,53907.0,16.37,pending,2024-05-02
331,Customer_331,B2C,Central,2023-04-21,50090.0,22.1,pending,2024-01-03
331,Customer_331,B2C,Central,2023-04-21,50247.0,130.8,completed,2024-01-08
331,Customer_331,B2C,Central,2023-04-21,51018.0,46.35,completed,2024-02-01
331,Customer_331,B2C,Central,2023-04-21,51937.0,256.72,completed,2024-03-01
331,Customer_331,B2C,Central,2023-04-21,52356.0,219.71,completed,2024-03-14
331,Customer_331,B2C,Central,2023-04-21,52489.0,48.41,pending,2024-03-18
331,Customer_331,B2C,Central,2023-04-21,52835.0,64.29,pending,2024-03-29
331,Customer_331,B2C,Central,2023-04-21,53521.0,112.94,cancelled,2024-04-20
331,Customer_331,B2C,Central,2023-04-21,54017.0,112.31,shipped,2024-05-05
332,Customer_332,SMB,South,2023-04-21,50648.0,107.06,completed,2024-01-21
332,Customer_332,SMB,South,2023-04-21,53002.0,257.0,completed,2024-04-03
332,Customer_332,SMB,South,2023-04-21,53568.0,95.36,completed,2024-04-21
332,Customer_332,SMB,South,2023-04-21,53648.0,20.2,completed,2024-04-23
332,Customer_332,SMB,South,2023-04-21,54574.0,288.81,completed,2024-05-22
333,Customer_333,B2B,East,2023-04-21,51136.0,27.16,completed,2024-02-05
333,Customer_333,B2B,East,2023-04-21,51264.0,278.89,completed,2024-02-09
333,Customer_333,B2B,East,2023-04-21,52106.0,450.17,pending,2024-03-06
333,Customer_333,B2B,East,2023-04-21,52877.0,417.85,cancelled,2024-03-30
333,Customer_333,B2B,East,2023-04-21,53327.0,27.02,completed,2024-04-13
333,Customer_333,B2B,East,2023-04-21,53868.0,205.02,completed,2024-04-30
334,Customer_334,B2B,Central,2023-04-22,50683.0,324.03,completed,2024-01-22
334,Customer_334,B2B,Central,2023-04-22,51296.0,153.57,completed,2024-02-10
334,Customer_334,B2B,Central,2023-04-22,54323.0,417.76,pending,2024-05-15
334,Customer_334,B2B,Central,2023-04-22,54823.0,259.66,completed,2024-05-30
335,Customer_335,B2B,North,2023-04-22,50383.0,282.74,completed,2024-01-12
335,Customer_335,B2B,North,2023-04-22,51661.0,383.79,pending,2024-02-21
335,Customer_335,B2B,North,2023-04-22,52573.0,160.12,completed,2024-03-21
335,Customer_335,B2B,North,2023-04-22,54082.0,61.2,shipped,2024-05-07
335,Customer_335,B2B,North,2023-04-22,54956.0,288.15,completed,2024-06-03
336,Customer_336,B2B,Central,2023-04-22,50841.0,44.99,completed,2024-01-27
336,Customer_336,B2B,Central,2023-04-22,52068.0,315.37,completed,2024-03-05
336,Customer_336,B2B,Central,2023-04-22,53001.0,205.42,completed,2024-04-03
336,Customer_336,B2B,Central,2023-04-22,54234.0,84.14,completed,2024-05-12
336,Customer_336,B2B,Central,2023-04-22,54339.0,35.55,completed,2024-05-15
337,Customer_337,SMB,South,2023-04-23,50875.0,105.06,completed,2024-01-28
337,Customer_337,SMB,South,2023-04-23,51722.0,197.0,completed,2024-02-23
337,Customer_337,SMB,South,2023-04-23,51985.0,266.06,completed,2024-03-03
337,Customer_337,SMB,South,2023-04-23,52378.0,463.17,completed,2024-03-15
337,Customer_337,SMB,South,2023-04-23,52383.0,300.83,pending,2024-03-15
337,Customer_337,SMB,South,2023-04-23,53110.0,63.77,completed,2024-04-07
337,Customer_337,SMB,South,2023-04-23,54434.0,48.17,shipped,2024-05-18
338,Customer_338,SMB,South,2023-04-23,51349.0,32.38,completed,2024-02-12
338,Customer_338,SMB,South,2023-04-23,51379.0,36.35,cancelled,2024-02-13
338,Customer_338,SMB,South,2023-04-23,52511.0,31.55,completed,2024-03-19
338,Customer_338,SMB,South,2023-04-23,52756.0,16.67,completed,2024-03-27
338,Customer_338,SMB,South,2023-04-23,53311.0,467.84,completed,2024-04-13
338,Customer_338,SMB,South,2023-04-23,53975.0,91.47,completed,2024-05-04
339,Customer_339,B2C,East,2023-04-23,51642.0,474.18,completed,2024-02-21
339,Customer_339,B2C,East,2023-04-23,52180.0,741.64,shipped,2024-03-09
339,Customer_339,B2C,East,2023-04-23,53664.0,35.43,completed,2024-04-24
339,Customer_339,B2C,East,2023-04-23,53674.0,49.48,completed,2024-04-24
339,Customer_339,B2C,East,2023-04-23,53973.0,107.98,completed,2024-05-04
339,Customer_339,B2C,East,2023-04-23,54478.0,95.19,completed,2024-05-19
340,Customer_340,B2B,Central,2023-04-24,50670.0,106.95,shipped,2024-01-21
340,Customer_340,B2B,Central,2023-04-24,51705.0,83.78,completed,2024-02-23
340,Customer_340,B2B,Central,2023-04-24,52359.0,18.39,completed,2024-03-14
340,Customer_340,B2B,Central,2023-04-24,52866.0,34.16,completed,2024-03-30
340,Customer_340,B2B,Central,2023-04-24,52894.0,107.82,completed,2024-03-31
340,Customer_340,B2B,Central,2023-04-24,53849.0,46.41,completed,2024-04-30
340,Customer_340,B2B,Central,2023-04-24,54568.0,74.14,completed,2024-05-22
341,Customer_341,B2C,North,2023-04-24,51216.0,121.13,completed,2024-02-07
341,Customer_341,B2C,North,2023-04-24,51225.0,101.76,completed,2024-02-08
341,Customer_341,B2C,North,2023-04-24,52587.0,54.22,cancelled,2024-03-21
341,Customer_341,B2C,North,2023-04-24,52765.0,165.8,shipped,2024-03-27
341,Customer_341,B2C,North,2023-04-24,54346.0,223.92,completed,2024-05-15
342,Customer_342,B2C,North,2023-04-24,50607.0,137.09,completed,2024-01-19
342,Customer_342,B2C,North,2023-04-24,50647.0,122.8,completed,2024-01-21
342,Customer_342,B2C,North,2023-04-24,52392.0,255.33,completed,2024-03-15
343,Customer_343,B2B,West,2023-04-25,51176.0,63.46,pending,2024-02-06
343,Customer_343,B2B,West,2023-04-25,51307.0,72.4,completed,2024-02-10
343,Customer_343,B2B,West,2023-04-25,52565.0,171.44,completed,2024-03-21
343,Customer_343,B2B,West,2023-04-25,52614.0,405.03,completed,2024-03-22
343,Customer_343,B2B,West,2023-04-25,53140.0,60.79,shipped,2024-04-08
343,Customer_343,B2B,West,2023-04-25,53245.0,76.22,completed,2024-04-11
343,Customer_343,B2B,West,2023-04-25,53419.0,26.6,shipped,2024-04-16
343,Customer_343,B2B,West,2023-04-25,53702.0,18.66,completed,2024-04-25
343,Customer_343,B2B,West,2023-04-25,54046.0,331.55,completed,2024-05-06
343,Customer_343,B2B,West,2023-04-25,54183.0,385.65,shipped,2024-05-10
344,Customer_344,B2C,North,2023-04-25,50011.0,115.91,pending,2024-01-01
344,Customer_344,B2C,North,2023-04-25,50995.0,43.71,completed,2024-02-01
344,Customer_344,B2C,North,2023-04-25,51220.0,145.91,shipped,2024-02-08
344,Customer_344,B2C,North,2023-04-25,52018.0,217.94,completed,2024-03-04
344,Customer_344,B2C,North,2023-04-25,54424.0,566.48,completed,2024-05-18
345,Customer_345,B2C,East,2023-04-25,52238.0,45.45,completed,2024-03-10
345,Customer_345,B2C,East,2023-04-25,52585.0,400.0,cancelled,2024-03-21
345,Customer_345,B2C,East,2023-04-25,53307.0,65.57,completed,2024-04-13
345,Customer_345,B2C,East,2023-04-25,53888.0,80.9,completed,2024-05-01
345,Customer_345,B2C,East,2023-04-25,53909.0,172.72,completed,2024-05-02
345,Customer_345,B2C,East,2023-04-25,54363.0,250.51,completed,2024-05-16
345,Customer_345,B2C,East,2023-04-25,54472.0,121.16,completed,2024-05-19
345,Customer_345,B2C,East,2023-04-25,54489.0,454.97,shipped,2024-05-20
346,Customer_346,B2C,East,2023-04-26,,,,
347,Customer_347,B2C,North,2023-04-26,50245.0,239.4,pending,2024-01-08
347,Customer_347,B2C,North,2023-04-26,53532.0,20.07,completed,2024-04-20
347,Customer_347,B2C,North,2023-04-26,54115.0,28.46,completed,2024-05-08
348,Customer_348,B2B,North,2023-04-26,50501.0,16.26,completed,2024-01-16
348,Customer_348,B2B,North,2023-04-26,52168.0,58.78,pending,2024-03-08
348,Customer_348,B2B,North,2023-04-26,53377.0,234.2,completed,2024-04-15
348,Customer_348,B2B,North,2023-04-26,54128.0,105.75,completed,2024-05-08
348,Customer_348,B2B,North,2023-04-26,54353.0,33.9,completed,2024-05-16
348,Customer_348,B2B,North,2023-04-26,54495.0,189.77,completed,2024-05-20
349,Customer_349,B2C,West,2023-04-27,50274.0,610.54,shipped,2024-01-09
349,Customer_349,B2C,West,2023-04-27,50968.0,61.94,completed,2024-01-31
349,Customer_349,B2C,West,2023-04-27,52834.0,84.86,shipped,2024-03-29
349,Customer_349,B2C,West,2023-04-27,54504.0,486.28,completed,2024-05-20
349,Customer_349,B2C,West,2023-04-27,54725.0,28.75,shipped,2024-05-27
350,Customer_350,B2C,North,2023-04-27,50316.0,90.33,completed,2024-01-10
350,Customer_350,B2C,North,2023-04-27,50854.0,279.43,completed,2024-01-27
350,Customer_350,B2C,North,2023-04-27,51576.0,83.62,completed,2024-02-19
350,Customer_350,B2C,North,2023-04-27,51790.0,32.07,pending,2024-02-25
350,Customer_350,B2C,North,2023-04-27,52157.0,152.96,completed,2024-03-08
351,Customer_351,B2C,West,2023-04-27,52179.0,152.11,shipped,2024-03-09
351,Customer_351,B2C,West,2023-04-27,54163.0,429.72,completed,2024-05-10
351,Customer_351,B2C,West,2023-04-27,54616.0,141.5,completed,2024-05-24
352,Customer_352,SMB,West,2023-04-28,51384.0,76.61,completed,2024-02-13
352,Customer_352,SMB,West,2023-04-28,53152.0,37.04,completed,2024-04-08
352,Customer_352,SMB,West,2023-04-28,53350.0,65.46,completed,2024-04-14
352,Customer_352,SMB,West,2023-04-28,54021.0,74.28,completed,2024-05-05
353,Customer_353,B2C,North,2023-04-28,52556.0,36.23,completed,2024-03-20
353,Customer_353,B2C,North,2023-04-28,53786.0,144.66,completed,2024-04-28
354,Customer_354,B2B,South,2023-04-28,50671.0,176.58,completed,2024-01-21
354,Customer_354,B2B,South,2023-04-28,51789.0,48.62,completed,2024-02-25
354,Customer_354,B2B,South,2023-04-28,52462.0,150.65,completed,2024-03-17
354,Customer_354,B2B,South,2023-04-28,53441.0,197.82,completed,2024-04-17
354,Customer_354,B2B,South,2023-04-28,54029.0,299.05,completed,2024-05-05
354,Customer_354,B2B,South,2023-04-28,54063.0,46.57,completed,2024-05-06
354,Customer_354,B2B,South,2023-04-28,54244.0,165.99,pending,2024-05-12
355,Customer_355,B2B,South,2023-04-29,50012.0,230.68,completed,2024-01-01
355,Customer_355,B2B,South,2023-04-29,50700.0,99.25,completed,2024-01-22
355,Customer_355,B2B,South,2023-04-29,51350.0,176.74,completed,2024-02-12
355,Customer_355,B2B,South,2023-04-29,51575.0,458.01,completed,2024-02-19
355,Customer_355,B2B,South,2023-04-29,51731.0,28.61,completed,2024-02-24
355,Customer_355,B2B,South,2023-04-29,52144.0,31.43,completed,2024-03-07
355,Customer_355,B2B,South,2023-04-29,52455.0,58.64,pending,2024-03-17
355,Customer_355,B2B,South,2023-04-29,52789.0,316.63,completed,2024-03-28
355,Customer_355,B2B,South,2023-04-29,53189.0,30.01,completed,2024-04-09
355,Customer_355,B2B,South,2023-04-29,53820.0,454.22,completed,2024-04-29
355,Customer_355,B2B,South,2023-04-29,53977.0,371.23,completed,2024-05-04
356,Customer_356,B2C,West,2023-04-29,52095.0,88.81,completed,2024-03-06
356,Customer_356,B2C,West,2023-04-29,53949.0,92.68,completed,2024-05-03
356,Customer_356,B2C,West,2023-04-29,54286.0,152.18,shipped,2024-05-13
356,Customer_356,B2C,West,2023-04-29,54619.0,577.89,completed,2024-05-24
357,Customer_357,B2B,North,2023-04-29,50206.0,295.34,pending,2024-01-07
357,Customer_357,B2B,North,2023-04-29,50533.0,138.21,completed,2024-01-17
357,Customer_357,B2B,North,2023-04-29,51496.0,81.59,shipped,2024-02-16
357,Customer_357,B2B,North,2023-04-29,52838.0,74.05,completed,2024-03-29
358,Customer_358,B2C,South,2023-04-30,51042.0,158.04,completed,2024-02-02
358,Customer_358,B2C,South,2023-04-30,51970.0,380.76,completed,2024-03-02
358,Customer_358,B2C,South,2023-04-30,52351.0,53.16,completed,2024-03-14
358,Customer_358,B2C,South,2023-04-30,52505.0,184.52,completed,2024-03-19
358,Customer_358,B2C,South,2023-04-30,52823.0,79.62,shipped,2024-03-29
359,Customer_359,Enterprise,North,2023-04-30,50470.0,28.67,completed,2024-01-15
359,Customer_359,Enterprise,North,2023-04-30,52768.0,124.92,shipped,2024-03-27
359,Customer_359,Enterprise,North,2023-04-30,53758.0,79.66,completed,2024-04-27
360,Customer_360,B2C,North,2023-04-30,51900.0,120.79,shipped,2024-02-29
360,Customer_360,B2C,North,2023-04-30,52540.0,136.74,completed,2024-03-20
360,Customer_360,B2C,North,2023-04-30,53048.0,81.07,completed,2024-04-05
360,Customer_360,B2C,North,2023-04-30,53101.0,496.99,pending,2024-04-06
360,Customer_360,B2C,North,2023-04-30,53576.0,140.58,shipped,2024-04-21
360,Customer_360,B2C,North,2023-04-30,53579.0,188.87,shipped,2024-04-21
360,Customer_360,B2C,North,2023-04-30,54830.0,283.83,completed,2024-05-30
361,Customer_361,B2C,North,2023-05-01,50788.0,58.15,shipped,2024-01-25
361,Customer_361,B2C,North,2023-05-01,50837.0,16.29,completed,2024-01-27
361,Customer_361,B2C,North,2023-05-01,50910.0,204.33,completed,2024-01-29
361,Customer_361,B2C,North,2023-05-01,51160.0,465.97,completed,2024-02-06
361,Customer_361,B2C,North,2023-05-01,53726.0,138.67,completed,2024-04-26
362,Customer_362,B2C,Central,2023-05-01,51983.0,561.75,cancelled,2024-03-02
362,Customer_362,B2C,Central,2023-05-01,52114.0,62.11,completed,2024-03-07
362,Customer_362,B2C,Central,2023-05-01,53601.0,60.43,pending,2024-04-22
362,Customer_362,B2C,Central,2023-05-01,53854.0,381.6,completed,2024-04-30
362,Customer_362,B2C,Central,2023-05-01,54834.0,88.53,shipped,2024-05-31
363,Customer_363,B2C,North,2023-05-01,50946.0,109.49,cancelled,2024-01-30
363,Customer_363,B2C,North,2023-05-01,51301.0,29.72,completed,2024-02-10
363,Customer_363,B2C,North,2023-05-01,53520.0,199.37,pending,2024-04-19
363,Customer_363,B2C,North,2023-05-01,53662.0,28.32,completed,2024-04-24
363,Customer_363,B2C,North,2023-05-01,54054.0,147.1,completed,2024-05-06
363,Customer_363,B2C,North,2023-05-01,54280.0,139.9,pending,2024-05-13
364,Customer_364,B2C,Central,2023-05-02,50663.0,137.87,completed,2024-01-21
364,Customer_364,B2C,Central,2023-05-02,50710.0,32.75,completed,2024-01-23
364,Customer_364,B2C,Central,2023-05-02,50735.0,126.12,completed,2024-01-23
364,Customer_364,B2C,Central,2023-05-02,51051.0,29.85,completed,2024-02-02
364,Customer_364,B2C,Central,2023-05-02,51486.0,91.13,pending,2024-02-16
364,Customer_364,B2C,Central,2023-05-02,52426.0,459.37,shipped,2024-03-16
364,Customer_364,B2C,Central,2023-05-02,52770.0,310.7,completed,2024-03-27
364,Customer_364,B2C,Central,2023-05-02,54177.0,165.48,completed,2024-05-10
364,Customer_364,B2C,Central,2023-05-02,54310.0,22.33,shipped,2024-05-14
364,Customer_364,B2C,Central,2023-05-02,54974.0,100.22,completed,2024-06-04
365,Customer_365,Enterprise,West,2023-05-02,50017.0,127.56,completed,2024-01-01
365,Customer_365,Enterprise,West,2023-05-02,50137.0,40.38,completed,2024-01-05
365,Customer_365,Enterprise,West,2023-05-02,53638.0,178.4,pending,2024-04-23
366,Customer_366,B2C,South,2023-05-02,50270.0,97.63,shipped,2024-01-09
366,Customer_366,B2C,South,2023-05-02,51249.0,103.57,completed,2024-02-09
366,Customer_366,B2C,South,2023-05-02,51378.0,251.26,completed,2024-02-13
366,Customer_366,B2C,South,2023-05-02,51918.0,62.43,completed,2024-02-29
366,Customer_366,B2C,South,2023-05-02,53212.0,229.73,pending,2024-04-10
366,Customer_366,B2C,South,2023-05-02,53460.0,63.82,completed,2024-04-18
366,Customer_366,B2C,South,2023-05-02,54109.0,249.86,completed,2024-05-08
366,Customer_366,B2C,South,2023-05-02,54233.0,41.47,completed,2024-05-12
367,Customer_367,Enterprise,South,2023-05-03,50394.0,113.28,completed,2024-01-13
367,Customer_367,Enterprise,South,2023-05-03,50705.0,124.3,completed,2024-01-23
367,Customer_367,Enterprise,South,2023-05-03,50926.0,488.08,completed,2024-01-29
367,Customer_367,Enterprise,South,2023-05-03,51041.0,203.33,completed,2024-02-02
367,Customer_367,Enterprise,South,2023-05-03,51390.0,291.8,cancelled,2024-02-13
367,Customer_367,Enterprise,South,2023-05-03,51453.0,201.73,completed,2024-02-15
367,Customer_367,Enterprise,South,2023-05-03,51526.0,20.27,completed,2024-02-17
367,Customer_367,Enterprise,South,2023-05-03,53447.0,53.9,pending,2024-04-17
367,Customer_367,Enterprise,South,2023-05-03,53550.0,103.07,pending,2024-04-20
367,Customer_367,Enterprise,South,2023-05-03,54076.0,203.29,cancelled,2024-05-07
368,Customer_368,Enterprise,South,2023-05-03,50658.0,22.27,pending,2024-01-21
368,Customer_368,Enterprise,South,2023-05-03,51210.0,76.86,cancelled,2024-02-07
368,Customer_368,Enterprise,South,2023-05-03,52555.0,117.37,completed,2024-03-20
368,Customer_368,Enterprise,South,2023-05-03,53352.0,339.58,completed,2024-04-14
368,Customer_368,Enterprise,South,2023-05-03,53807.0,215.18,completed,2024-04-28
368,Customer_368,Enterprise,South,2023-05-03,54807.0,182.57,completed,2024-05-30
369,Customer_369,B2B,South,2023-05-03,50662.0,301.73,completed,2024-01-21
369,Customer_369,B2B,South,2023-05-03,51886.0,155.18,completed,2024-02-28
369,Customer_369,B2B,South,2023-05-03,52277.0,420.76,completed,2024-03-12
369,Customer_369,B2B,South,2023-05-03,52679.0,22.78,completed,2024-03-24
369,Customer_369,B2B,South,2023-05-03,53411.0,225.65,shipped,2024-04-16
369,Customer_369,B2B,South,2023-05-03,54661.0,265.69,completed,2024-05-25
369,Customer_369,B2B,South,2023-05-03,54860.0,30.73,completed,2024-05-31
370,Customer_370,B2B,South,2023-05-04,50618.0,245.54,completed,2024-01-20
370,Customer_370,B2B,South,2023-05-04,50829.0,101.56,shipped,2024-01-26
370,Customer_370,B2B,South,2023-05-04,51543.0,202.83,completed,2024-02-18
370,Customer_370,B2B,South,2023-05-04,52290.0,92.92,completed,2024-03-12
370,Customer_370,B2B,South,2023-05-04,53223.0,32.64,completed,2024-04-10
371,Customer_371,B2B,South,2023-05-04,50756.0,267.54,cancelled,2024-01-24
371,Customer_371,B2B,South,2023-05-04,51637.0,158.58,completed,2024-02-21
371,Customer_371,B2B,South,2023-05-04,51763.0,113.81,completed,2024-02-25
371,Customer_371,B2B,South,2023-05-04,53194.0,80.28,completed,2024-04-09
371,Customer_371,B2B,South,2023-05-04,53865.0,422.3,completed,2024-04-30
371,Customer_371,B2B,South,2023-05-04,54483.0,1052.59,shipped,2024-05-20
372,Customer_372,B2B,South,2023-05-04,51676.0,99.14,completed,2024-02-22
372,Customer_372,B2B,South,2023-05-04,53665.0,367.1,completed,2024-04-24
372,Customer_372,B2B,South,2023-05-04,53798.0,30.95,shipped,2024-04-28
373,Customer_373,B2B,West,2023-05-05,51942.0,180.04,completed,2024-03-01
374,Customer_374,B2C,North,2023-05-05,50351.0,16.8,cancelled,2024-01-11
374,Customer_374,B2C,North,2023-05-05,50863.0,92.72,completed,2024-01-27
374,Customer_374,B2C,North,2023-05-05,52981.0,188.03,completed,2024-04-03
375,Customer_375,B2B,East,2023-05-05,51695.0,70.92,completed,2024-02-22
375,Customer_375,B2B,East,2023-05-05,51742.0,233.46,pending,2024-02-24
375,Customer_375,B2B,East,2023-05-05,52203.0,73.0,completed,2024-03-09
375,Customer_375,B2B,East,2023-05-05,52648.0,257.45,completed,2024-03-23
375,Customer_375,B2B,East,2023-05-05,53643.0,99.08,shipped,2024-04-23
375,Customer_375,B2B,East,2023-05-05,54330.0,137.66,shipped,2024-05-15
375,Customer_375,B2B,East,2023-05-05,54471.0,90.78,cancelled,2024-05-19
375,Customer_375,B2B,East,2023-05-05,54680.0,220.87,completed,2024-05-26
375,Customer_375,B2B,East,2023-05-05,54780.0,191.81,completed,2024-05-29
376,Customer_376,B2C,Central,2023-05-06,50047.0,110.34,completed,2024-01-02
376,Customer_376,B2C,Central,2023-05-06,50208.0,537.82,completed,2024-01-07
376,Customer_376,B2C,Central,2023-05-06,50411.0,240.29,shipped,2024-01-13
376,Customer_376,B2C,Central,2023-05-06,51263.0,81.54,completed,2024-02-09
376,Customer_376,B2C,Central,2023-05-06,51416.0,25.87,shipped,2024-02-14
376,Customer_376,B2C,Central,2023-05-06,52422.0,58.59,completed,2024-03-16
376,Customer_376,B2C,Central,2023-05-06,54135.0,99.53,completed,2024-05-09
376,Customer_376,B2C,Central,2023-05-06,54231.0,70.86,completed,2024-05-12
376,Customer_376,B2C,Central,2023-05-06,54932.0,96.35,completed,2024-06-03
377,Customer_377,SMB,East,2023-05-06,50211.0,25.22,shipped,2024-01-07
377,Customer_377,SMB,East,2023-05-06,51085.0,161.58,completed,2024-02-03
377,Customer_377,SMB,East,2023-05-06,51192.0,53.37,shipped,2024-02-07
377,Customer_377,SMB,East,2023-05-06,51257.0,46.12,completed,2024-02-09
377,Customer_377,SMB,East,2023-05-06,52415.0,64.97,completed,2024-03-16
378,Customer_378,B2B,East,2023-05-06,51402.0,282.41,completed,2024-02-13
378,Customer_378,B2B,East,2023-05-06,51684.0,196.77,completed,2024-02-22
378,Customer_378,B2B,East,2023-05-06,51771.0,18.68,completed,2024-02-25
378,Customer_378,B2B,East,2023-05-06,52193.0,253.23,completed,2024-03-09
378,Customer_378,B2B,East,2023-05-06,54267.0,240.31,completed,2024-05-13
378,Customer_378,B2B,East,2023-05-06,54382.0,19.81,completed,2024-05-16
378,Customer_378,B2B,East,2023-05-06,54518.0,300.61,pending,2024-05-21
379,Customer_379,SMB,North,2023-05-07,53393.0,260.4,completed,2024-04-16
379,Customer_379,SMB,North,2023-05-07,53822.0,258.75,completed,2024-04-29
379,Customer_379,SMB,North,2023-05-07,53906.0,158.85,completed,2024-05-02
379,Customer_379,SMB,North,2023-05-07,54544.0,61.86,completed,2024-05-21
380,Customer_380,B2C,North,2023-05-07,50599.0,515.24,completed,2024-01-19
380,Customer_380,B2C,North,2023-05-07,51086.0,137.71,completed,2024-02-03
380,Customer_380,B2C,North,2023-05-07,51855.0,653.25,completed,2024-02-27
380,Customer_380,B2C,North,2023-05-07,52960.0,20.95,completed,2024-04-02
380,Customer_380,B2C,North,2023-05-07,54943.0,258.03,completed,2024-06-03
381,Customer_381,B2B,North,2023-05-07,50872.0,164.7,pending,2024-01-28
381,Customer_381,B2B,North,2023-05-07,50978.0,58.13,completed,2024-01-31
381,Customer_381,B2B,North,2023-05-07,51455.0,422.8,cancelled,2024-02-15
381,Customer_381,B2B,North,2023-05-07,53148.0,207.51,completed,2024-04-08
381,Customer_381,B2B,North,2023-05-07,53222.0,22.14,completed,2024-04-10
381,Customer_381,B2B,North,2023-05-07,53442.0,201.82,completed,2024-04-17
381,Customer_381,B2B,North,2023-05-07,53954.0,196.58,completed,2024-05-03
381,Customer_381,B2B,North,2023-05-07,54681.0,138.13,completed,2024-05-26
382,Customer_382,B2C,South,2023-05-08,50198.0,177.57,completed,2024-01-07
382,Customer_382,B2C,South,2023-05-08,51291.0,67.41,completed,2024-02-10
382,Customer_382,B2C,South,2023-05-08,51770.0,65.29,completed,2024-02-25
382,Customer_382,B2C,South,2023-05-08,54107.0,96.64,completed,2024-05-08
382,Customer_382,B2C,South,2023-05-08,54350.0,670.09,completed,2024-05-15
382,Customer_382,B2C,South,2023-05-08,54826.0,24.04,completed,2024-05-30
383,Customer_383,B2C,West,2023-05-08,50556.0,442.7,completed,2024-01-18
383,Customer_383,B2C,West,2023-05-08,51551.0,257.73,completed,2024-02-18
383,Customer_383,B2C,West,2023-05-08,53556.0,138.39,completed,2024-04-21
383,Customer_383,B2C,West,2023-05-08,53586.0,306.37,completed,2024-04-22
383,Customer_383,B2C,West,2023-05-08,53657.0,25.99,completed,2024-04-24
383,Customer_383,B2C,West,2023-05-08,53882.0,76.45,completed,2024-05-01
383,Customer_383,B2C,West,2023-05-08,54360.0,224.18,completed,2024-05-16
384,Customer_384,SMB,South,2023-05-08,50476.0,71.54,completed,2024-01-15
384,Customer_384,SMB,South,2023-05-08,50577.0,214.19,pending,2024-01-19
384,Customer_384,SMB,South,2023-05-08,51809.0,44.3,completed,2024-02-26
384,Customer_384,SMB,South,2023-05-08,52345.0,53.45,completed,2024-03-14
384,Customer_384,SMB,South,2023-05-08,52442.0,82.12,completed,2024-03-17
384,Customer_384,SMB,South,2023-05-08,52551.0,292.52,completed,2024-03-20
384,Customer_384,SMB,South,2023-05-08,53701.0,250.74,shipped,2024-04-25
384,Customer_384,SMB,South,2023-05-08,54368.0,93.31,completed,2024-05-16
384,Customer_384,SMB,South,2023-05-08,54861.0,69.88,completed,2024-05-31
385,Customer_385,SMB,West,2023-05-09,52683.0,20.18,completed,2024-03-24
385,Customer_385,SMB,West,2023-05-09,52875.0,23.09,completed,2024-03-30
385,Customer_385,SMB,West,2023-05-09,53284.0,106.98,completed,2024-04-12
385,Customer_385,SMB,West,2023-05-09,54174.0,244.15,completed,2024-05-10
386,Customer_386,SMB,West,2023-05-09,50682.0,31.02,completed,2024-01-22
386,Customer_386,SMB,West,2023-05-09,51583.0,55.05,completed,2024-02-19
386,Customer_386,SMB,West,2023-05-09,51987.0,135.02,completed,2024-03-03
386,Customer_386,SMB,West,2023-05-09,52208.0,87.19,completed,2024-03-09
387,Customer_387,B2C,East,2023-05-09,50333.0,43.02,completed,2024-01-11
387,Customer_387,B2C,East,2023-05-09,51207.0,278.09,completed,2024-02-07
387,Customer_387,B2C,East,2023-05-09,51949.0,175.75,completed,2024-03-01
387,Customer_387,B2C,East,2023-05-09,53077.0,66.56,completed,2024-04-06
387,Customer_387,B2C,East,2023-05-09,53709.0,168.63,completed,2024-04-25
387,Customer_387,B2C,East,2023-05-09,54062.0,131.65,completed,2024-05-06
387,Customer_387,B2C,East,2023-05-09,54345.0,159.28,completed,2024-05-15
387,Customer_387,B2C,East,2023-05-09,54532.0,520.1,completed,2024-05-21
388,Customer_388,B2B,East,2023-05-10,50105.0,644.54,shipped,2024-01-04
388,Customer_388,B2B,East,2023-05-10,51114.0,182.76,completed,2024-02-04
388,Customer_388,B2B,East,2023-05-10,51234.0,202.25,completed,2024-02-08
388,Customer_388,B2B,East,2023-05-10,51825.0,92.78,completed,2024-02-27
388,Customer_388,B2B,East,2023-05-10,51921.0,202.48,shipped,2024-03-01
388,Customer_388,B2B,East,2023-05-10,51952.0,80.55,shipped,2024-03-01
388,Customer_388,B2B,East,2023-05-10,52128.0,100.92,shipped,2024-03-07
388,Customer_388,B2B,East,2023-05-10,54288.0,65.72,completed,2024-05-13
389,Customer_389,SMB,West,2023-05-10,51324.0,23.69,completed,2024-02-11
390,Customer_390,SMB,West,2023-05-10,50162.0,179.1,completed,2024-01-06
390,Customer_390,SMB,West,2023-05-10,50524.0,283.18,completed,2024-01-17
390,Customer_390,SMB,West,2023-05-10,51433.0,129.34,cancelled,2024-02-14
390,Customer_390,SMB,West,2023-05-10,51610.0,128.34,completed,2024-02-20
390,Customer_390,SMB,West,2023-05-10,52349.0,20.91,shipped,2024-03-14
390,Customer_390,SMB,West,2023-05-10,53278.0,67.08,completed,2024-04-12
390,Customer_390,SMB,West,2023-05-10,53367.0,59.33,completed,2024-04-15
390,Customer_390,SMB,West,2023-05-10,53402.0,793.58,completed,2024-04-16
390,Customer_390,SMB,West,2023-05-10,54038.0,17.23,completed,2024-05-06
391,Customer_391,Enterprise,South,2023-05-11,50755.0,377.66,shipped,2024-01-24
391,Customer_391,Enterprise,South,2023-05-11,51417.0,168.26,completed,2024-02-14
391,Customer_391,Enterprise,South,2023-05-11,52312.0,117.99,completed,2024-03-13
391,Customer_391,Enterprise,South,2023-05-11,52445.0,54.65,shipped,2024-03-17
391,Customer_391,Enterprise,South,2023-05-11,53866.0,351.58,pending,2024-04-30
391,Customer_391,Enterprise,South,2023-05-11,53919.0,165.25,shipped,2024-05-02
392,Customer_392,B2C,South,2023-05-11,51958.0,216.19,shipped,2024-03-02
392,Customer_392,B2C,South,2023-05-11,52656.0,124.42,pending,2024-03-23
392,Customer_392,B2C,South,2023-05-11,54194.0,47.24,completed,2024-05-11
393,Customer_393,B2C,East,2023-05-11,50160.0,155.75,completed,2024-01-05
393,Customer_393,B2C,East,2023-05-11,50396.0,34.31,completed,2024-01-13
393,Customer_393,B2C,East,2023-05-11,50402.0,213.68,pending,2024-01-13
393,Customer_393,B2C,East,2023-05-11,50621.0,174.44,cancelled,2024-01-20
393,Customer_393,B2C,East,2023-05-11,53322.0,51.46,shipped,2024-04-13
394,Customer_394,SMB,North,2023-05-12,52302.0,127.79,completed,2024-03-12
395,Customer_395,B2C,West,2023-05-12,51779.0,711.5,completed,2024-02-25
395,Customer_395,B2C,West,2023-05-12,51846.0,17.03,shipped,2024-02-27
395,Customer_395,B2C,West,2023-05-12,52817.0,494.61,shipped,2024-03-29
395,Customer_395,B2C,West,2023-05-12,53696.0,224.42,shipped,2024-04-25
396,Customer_396,Enterprise,South,2023-05-12,50302.0,135.94,completed,2024-01-10
396,Customer_396,Enterprise,South,2023-05-12,52261.0,76.32,completed,2024-03-11
396,Customer_396,Enterprise,South,2023-05-12,53382.0,17.84,pending,2024-04-15
397,Customer_397,SMB,East,2023-05-13,51510.0,127.48,shipped,2024-02-17
397,Customer_397,SMB,East,2023-05-13,54185.0,606.05,shipped,2024-05-10
397,Customer_397,SMB,East,2023-05-13,54708.0,39.47,pending,2024-05-27
398,Customer_398,B2C,South,2023-05-13,50040.0,147.69,completed,2024-01-02
398,Customer_398,B2C,South,2023-05-13,50293.0,264.12,completed,2024-01-10
398,Customer_398,B2C,South,2023-05-13,52643.0,190.62,completed,2024-03-23
399,Customer_399,SMB,West,2023-05-13,50728.0,307.43,completed,2024-01-23
399,Customer_399,SMB,West,2023-05-13,51181.0,282.78,completed,2024-02-06
399,Customer_399,SMB,West,2023-05-13,52751.0,110.4,completed,2024-03-26
399,Customer_399,SMB,West,2023-05-13,52914.0,141.68,completed,2024-04-01
399,Customer_399,SMB,West,2023-05-13,53184.0,76.57,completed,2024-04-09
399,Customer_399,SMB,West,2023-05-13,54191.0,139.93,completed,2024-05-10
399,Customer_399,SMB,West,2023-05-13,54772.0,112.88,pending,2024-05-29
400,Customer_400,SMB,West,2023-05-14,51116.0,69.55,completed,2024-02-04
400,Customer_400,SMB,West,2023-05-14,51753.0,519.77,completed,2024-02-24
400,Customer_400,SMB,West,2023-05-14,51793.0,114.96,completed,2024-02-26
400,Customer_400,SMB,West,2023-05-14,52314.0,44.92,completed,2024-03-13
400,Customer_400,SMB,West,2023-05-14,52892.0,137.6,shipped,2024-03-31
400,Customer_400,SMB,West,2023-05-14,54934.0,418.91,completed,2024-06-03
401,Customer_401,B2B,Central,2023-05-14,50060.0,299.56,completed,2024-01-02
401,Customer_401,B2B,Central,2023-05-14,50303.0,117.9,completed,2024-01-10
401,Customer_401,B2B,Central,2023-05-14,51054.0,231.74,completed,2024-02-02
401,Customer_401,B2B,Central,2023-05-14,51814.0,59.69,completed,2024-02-26
401,Customer_401,B2B,Central,2023-05-14,52787.0,121.5,completed,2024-03-28
401,Customer_401,B2B,Central,2023-05-14,53379.0,224.91,completed,2024-04-15
401,Customer_401,B2B,Central,2023-05-14,53489.0,246.94,completed,2024-04-19
401,Customer_401,B2B,Central,2023-05-14,53935.0,268.56,completed,2024-05-02
401,Customer_401,B2B,Central,2023-05-14,54379.0,157.4,completed,2024-05-16
401,Customer_401,B2B,Central,2023-05-14,54645.0,360.05,completed,2024-05-25
402,Customer_402,Enterprise,North,2023-05-14,51076.0,37.89,shipped,2024-02-03
402,Customer_402,Enterprise,North,2023-05-14,54603.0,32.56,pending,2024-05-23
403,Customer_403,B2C,Central,2023-05-15,52039.0,304.74,shipped,2024-03-04
403,Customer_403,B2C,Central,2023-05-15,52902.0,180.56,shipped,2024-03-31
403,Customer_403,B2C,Central,2023-05-15,53376.0,124.66,completed,2024-04-15
403,Customer_403,B2C,Central,2023-05-15,53969.0,272.35,shipped,2024-05-04
404,Customer_404,SMB,East,2023-05-15,51594.0,246.92,pending,2024-02-19
404,Customer_404,SMB,East,2023-05-15,51738.0,374.24,pending,2024-02-24
404,Customer_404,SMB,East,2023-05-15,53007.0,151.19,completed,2024-04-03
404,Customer_404,SMB,East,2023-05-15,53456.0,182.74,completed,2024-04-17
404,Customer_404,SMB,East,2023-05-15,54015.0,114.03,shipped,2024-05-05
405,Customer_405,B2C,South,2023-05-15,51479.0,206.78,shipped,2024-02-16
405,Customer_405,B2C,South,2023-05-15,52204.0,176.29,pending,2024-03-09
405,Customer_405,B2C,South,2023-05-15,52859.0,160.52,pending,2024-03-30
405,Customer_405,B2C,South,2023-05-15,53004.0,33.4,completed,2024-04-03
405,Customer_405,B2C,South,2023-05-15,53209.0,201.75,completed,2024-04-10
405,Customer_405,B2C,South,2023-05-15,53236.0,142.25,completed,2024-04-11
405,Customer_405,B2C,South,2023-05-15,54525.0,211.35,completed,2024-05-21
406,Customer_406,SMB,East,2023-05-16,50614.0,19.04,pending,2024-01-20
406,Customer_406,SMB,East,2023-05-16,52693.0,29.84,shipped,2024-03-25
406,Customer_406,SMB,East,2023-05-16,53370.0,130.47,shipped,2024-04-15
406,Customer_406,SMB,East,2023-05-16,53663.0,31.89,completed,2024-04-24
406,Customer_406,SMB,East,2023-05-16,54056.0,15.56,completed,2024-05-06
406,Customer_406,SMB,East,2023-05-16,54637.0,67.07,completed,2024-05-24
407,Customer_407,B2C,West,2023-05-16,53650.0,287.78,completed,2024-04-24
407,Customer_407,B2C,West,2023-05-16,53788.0,253.18,pending,2024-04-28
407,Customer_407,B2C,West,2023-05-16,54127.0,227.01,cancelled,2024-05-08
407,Customer_407,B2C,West,2023-05-16,54240.0,87.02,shipped,2024-05-12
407,Customer_407,B2C,West,2023-05-16,54688.0,185.79,completed,2024-05-26
407,Customer_407,B2C,West,2023-05-16,54800.0,77.51,completed,2024-05-29
408,Customer_408,B2B,Central,2023-05-16,50713.0,66.93,completed,2024-01-23
408,Customer_408,B2B,Central,2023-05-16,53959.0,71.03,completed,2024-05-03
408,Customer_408,B2B,Central,2023-05-16,54195.0,130.53,completed,2024-05-11
408,Customer_408,B2B,Central,2023-05-16,54247.0,179.94,pending,2024-05-12
408,Customer_408,B2B,Central,2023-05-16,54433.0,47.28,completed,2024-05-18
408,Customer_408,B2B,Central,2023-05-16,54510.0,181.48,completed,2024-05-20
409,Customer_409,Enterprise,Central,2023-05-17,50596.0,189.03,completed,2024-01-19
409,Customer_409,Enterprise,Central,2023-05-17,50938.0,350.61,completed,2024-01-30
409,Customer_409,Enterprise,Central,2023-05-17,52728.0,135.46,completed,2024-03-26
409,Customer_409,Enterprise,Central,2023-05-17,53363.0,75.69,completed,2024-04-15
410,Customer_410,B2B,Central,2023-05-17,50250.0,215.23,cancelled,2024-01-08
410,Customer_410,B2B,Central,2023-05-17,51573.0,39.35,shipped,2024-02-19
410,Customer_410,B2B,Central,2023-05-17,54131.0,309.03,pending,2024-05-09
411,Customer_411,B2C,East,2023-05-17,50496.0,255.13,shipped,2024-01-16
411,Customer_411,B2C,East,2023-05-17,53034.0,46.75,completed,2024-04-04
412,Customer_412,Enterprise,West,2023-05-18,50737.0,421.45,completed,2024-01-24
412,Customer_412,Enterprise,West,2023-05-18,51488.0,16.83,pending,2024-02-16
412,Customer_412,Enterprise,West,2023-05-18,51627.0,69.3,shipped,2024-02-20
412,Customer_412,Enterprise,West,2023-05-18,53170.0,416.33,completed,2024-04-09
412,Customer_412,Enterprise,West,2023-05-18,53340.0,48.16,cancelled,2024-04-14
412,Customer_412,Enterprise,West,2023-05-18,53724.0,183.24,completed,2024-04-26
412,Customer_412,Enterprise,West,2023-05-18,54103.0,40.29,completed,2024-05-08
412,Customer_412,Enterprise,West,2023-05-18,54322.0,129.98,completed,2024-05-15
413,Customer_413,Enterprise,South,2023-05-18,50966.0,333.88,completed,2024-01-31
413,Customer_413,Enterprise,South,2023-05-18,51314.0,85.11,completed,2024-02-11
413,Customer_413,Enterprise,South,2023-05-18,52429.0,117.7,shipped,2024-03-16
413,Customer_413,Enterprise,South,2023-05-18,53397.0,412.05,shipped,2024-04-16
414,Customer_414,B2C,South,2023-05-18,50741.0,221.6,cancelled,2024-01-24
414,Customer_414,B2C,South,2023-05-18,51432.0,186.53,completed,2024-02-14
414,Customer_414,B2C,South,2023-05-18,51836.0,110.04,shipped,2024-02-27
414,Customer_414,B2C,South,2023-05-18,52267.0,69.87,completed,2024-03-11
414,Customer_414,B2C,South,2023-05-18,53310.0,119.25,completed,2024-04-13
414,Customer_414,B2C,South,2023-05-18,53359.0,109.7,completed,2024-04-14
414,Customer_414,B2C,South,2023-05-18,53996.0,192.03,completed,2024-05-04
414,Customer_414,B2C,South,2023-05-18,54566.0,145.84,cancelled,2024-05-22
414,Customer_414,B2C,South,2023-05-18,54848.0,99.6,completed,2024-05-31
415,Customer_415,B2C,East,2023-05-19,51182.0,65.24,completed,2024-02-06
415,Customer_415,B2C,East,2023-05-19,51777.0,490.95,completed,2024-02-25
415,Customer_415,B2C,East,2023-05-19,54024.0,39.04,completed,2024-05-05
416,Customer_416,B2C,Central,2023-05-19,50773.0,161.68,completed,2024-01-25
416,Customer_416,B2C,Central,2023-05-19,51372.0,38.81,completed,2024-02-12
416,Customer_416,B2C,Central,2023-05-19,52045.0,38.1,shipped,2024-03-04
416,Customer_416,B2C,Central,2023-05-19,52550.0,191.0,completed,2024-03-20
416,Customer_416,B2C,Central,2023-05-19,52854.0,141.26,shipped,2024-03-30
416,Customer_416,B2C,Central,2023-05-19,53963.0,693.94,completed,2024-05-03
416,Customer_416,B2C,Central,2023-05-19,54721.0,199.37,completed,2024-05-27
417,Customer_417,B2C,North,2023-05-19,50574.0,38.34,shipped,2024-01-18
417,Customer_417,B2C,North,2023-05-19,52244.0,41.34,completed,2024-03-11
417,Customer_417,B2C,North,2023-05-19,53732.0,112.14,shipped,2024-04-26
418,Customer_418,B2C,East,2023-05-20,50720.0,265.55,pending,2024-01-23
418,Customer_418,B2C,East,2023-05-20,52251.0,168.09,completed,2024-03-11
419,Customer_419,B2C,East,2023-05-20,50554.0,119.83,completed,2024-01-18
419,Customer_419,B2C,East,2023-05-20,50585.0,149.64,shipped,2024-01-19
419,Customer_419,B2C,East,2023-05-20,50835.0,148.85,completed,2024-01-27
419,Customer_419,B2C,East,2023-05-20,52260.0,460.94,completed,2024-03-11
419,Customer_419,B2C,East,2023-05-20,52280.0,32.44,pending,2024-03-12
419,Customer_419,B2C,East,2023-05-20,52411.0,208.43,completed,2024-03-16
419,Customer_419,B2C,East,2023-05-20,54693.0,60.25,completed,2024-05-26
420,Customer_420,SMB,West,2023-05-20,50234.0,61.8,completed,2024-01-08
420,Customer_420,SMB,West,2023-05-20,50660.0,58.31,completed,2024-01-21
420,Customer_420,SMB,West,2023-05-20,50999.0,192.57,completed,2024-02-01
420,Customer_420,SMB,West,2023-05-20,51099.0,88.12,pending,2024-02-04
420,Customer_420,SMB,West,2023-05-20,52711.0,316.31,pending,2024-03-25
420,Customer_420,SMB,West,2023-05-20,54355.0,37.58,cancelled,2024-05-16
420,Customer_420,SMB,West,2023-05-20,54481.0,66.68,completed,2024-05-20
420,Customer_420,SMB,West,2023-05-20,54512.0,78.8,pending,2024-05-20
421,Customer_421,SMB,South,2023-05-21,50389.0,39.9,pending,2024-01-13
421,Customer_421,SMB,South,2023-05-21,50699.0,37.32,completed,2024-01-22
421,Customer_421,SMB,South,2023-05-21,51345.0,94.83,completed,2024-02-12
421,Customer_421,SMB,South,2023-05-21,51716.0,273.22,pending,2024-02-23
421,Customer_421,SMB,South,2023-05-21,52069.0,139.14,completed,2024-03-05
421,Customer_421,SMB,South,2023-05-21,53178.0,92.43,completed,2024-04-09
421,Customer_421,SMB,South,2023-05-21,53301.0,340.11,completed,2024-04-13
421,Customer_421,SMB,South,2023-05-21,53730.0,96.17,completed,2024-04-26
421,Customer_421,SMB,South,2023-05-21,54445.0,193.14,pending,2024-05-18
421,Customer_421,SMB,South,2023-05-21,54820.0,228.09,shipped,2024-05-30
422,Customer_422,SMB,East,2023-05-21,51931.0,205.43,pending,2024-03-01
422,Customer_422,SMB,East,2023-05-21,52082.0,49.46,completed,2024-03-06
422,Customer_422,SMB,East,2023-05-21,52621.0,356.02,completed,2024-03-22
422,Customer_422,SMB,East,2023-05-21,53279.0,271.5,shipped,2024-04-12
422,Customer_422,SMB,East,2023-05-21,53343.0,266.42,completed,2024-04-14
423,Customer_423,B2B,East,2023-05-21,50751.0,152.97,completed,2024-01-24
423,Customer_423,B2B,East,2023-05-21,51303.0,41.55,cancelled,2024-02-10
423,Customer_423,B2B,East,2023-05-21,51896.0,96.47,shipped,2024-02-29
423,Customer_423,B2B,East,2023-05-21,51897.0,17.56,cancelled,2024-02-29
423,Customer_423,B2B,East,2023-05-21,53177.0,426.86,completed,2024-04-09
424,Customer_424,B2C,Central,2023-05-22,51581.0,125.68,completed,2024-02-19
424,Customer_424,B2C,Central,2023-05-22,51951.0,144.07,pending,2024-03-01
424,Customer_424,B2C,Central,2023-05-22,52052.0,461.32,completed,2024-03-05
424,Customer_424,B2C,Central,2023-05-22,52923.0,150.14,completed,2024-04-01
424,Customer_424,B2C,Central,2023-05-22,53518.0,162.71,completed,2024-04-19
424,Customer_424,B2C,Central,2023-05-22,54216.0,245.63,shipped,2024-05-11
424,Customer_424,B2C,Central,2023-05-22,54614.0,34.16,completed,2024-05-24
425,Customer_425,B2B,Central,2023-05-22,50415.0,87.93,completed,2024-01-13
425,Customer_425,B2B,Central,2023-05-22,52013.0,72.27,cancelled,2024-03-03
425,Customer_425,B2B,Central,2023-05-22,52536.0,92.9,completed,2024-03-20
425,Customer_425,B2B,Central,2023-05-22,53552.0,253.22,completed,2024-04-20
425,Customer_425,B2B,Central,2023-05-22,53653.0,19.74,shipped,2024-04-24
425,Customer_425,B2B,Central,2023-05-22,54491.0,162.27,completed,2024-05-20
426,Customer_426,B2C,North,2023-05-22,50678.0,187.75,completed,2024-01-22
426,Customer_426,B2C,North,2023-05-22,51059.0,44.83,completed,2024-02-03
426,Customer_426,B2C,North,2023-05-22,51260.0,247.63,pending,2024-02-09
426,Customer_426,B2C,North,2023-05-22,51849.0,18.28,completed,2024-02-27
426,Customer_426,B2C,North,2023-05-22,52457.0,195.2,completed,2024-03-17
426,Customer_426,B2C,North,2023-05-22,52989.0,60.56,completed,2024-04-03
427,Customer_427,B2C,West,2023-05-23,50077.0,220.5,completed,2024-01-03
427,Customer_427,B2C,West,2023-05-23,50711.0,289.67,completed,2024-01-23
427,Customer_427,B2C,West,2023-05-23,51095.0,193.83,completed,2024-02-04
427,Customer_427,B2C,West,2023-05-23,51563.0,78.13,completed,2024-02-18
427,Customer_427,B2C,West,2023-05-23,51978.0,97.42,completed,2024-03-02
427,Customer_427,B2C,West,2023-05-23,53217.0,72.16,completed,2024-04-10
427,Customer_427,B2C,West,2023-05-23,53810.0,400.14,completed,2024-04-29
428,Customer_428,SMB,North,2023-05-23,52726.0,68.67,completed,2024-03-26
428,Customer_428,SMB,North,2023-05-23,52934.0,100.98,completed,2024-04-01
428,Customer_428,SMB,North,2023-05-23,53018.0,20.68,shipped,2024-04-04
428,Customer_428,SMB,North,2023-05-23,53216.0,116.1,completed,2024-04-10
428,Customer_428,SMB,North,2023-05-23,54374.0,241.1,completed,2024-05-16
428,Customer_428,SMB,North,2023-05-23,54870.0,294.09,completed,2024-06-01
429,Customer_429,B2C,Central,2023-05-23,50419.0,33.08,shipped,2024-01-14
429,Customer_429,B2C,Central,2023-05-23,51525.0,76.22,shipped,2024-02-17
429,Customer_429,B2C,Central,2023-05-23,52677.0,19.73,completed,2024-03-24
429,Customer_429,B2C,Central,2023-05-23,53024.0,28.73,completed,2024-04-04
429,Customer_429,B2C,Central,2023-05-23,53276.0,91.23,completed,2024-04-12
429,Customer_429,B2C,Central,2023-05-23,53330.0,221.84,shipped,2024-04-14
429,Customer_429,B2C,Central,2023-05-23,53821.0,57.46,cancelled,2024-04-29
429,Customer_429,B2C,Central,2023-05-23,54364.0,218.67,completed,2024-05-16
429,Customer_429,B2C,Central,2023-05-23,54748.0,63.11,shipped,2024-05-28
430,Customer_430,B2B,South,2023-05-24,50665.0,92.2,cancelled,2024-01-21
430,Customer_430,B2B,South,2023-05-24,53569.0,306.29,completed,2024-04-21
431,Customer_431,B2B,Central,2023-05-24,50564.0,323.2,completed,2024-01-18
431,Customer_431,B2B,Central,2023-05-24,51178.0,58.99,completed,2024-02-06
431,Customer_431,B2B,Central,2023-05-24,51354.0,360.74,completed,2024-02-12
431,Customer_431,B2B,Central,2023-05-24,52327.0,95.03,completed,2024-03-13
431,Customer_431,B2B,Central,2023-05-24,53335.0,33.47,cancelled,2024-04-14
431,Customer_431,B2B,Central,2023-05-24,53448.0,97.5,completed,2024-04-17
432,Customer_432,SMB,West,2023-05-24,50719.0,447.98,completed,2024-01-23
432,Customer_432,SMB,West,2023-05-24,51202.0,41.04,shipped,2024-02-07
432,Customer_432,SMB,West,2023-05-24,52358.0,36.41,completed,2024-03-14
432,Customer_432,SMB,West,2023-05-24,52509.0,116.96,completed,2024-03-19
432,Customer_432,SMB,West,2023-05-24,52864.0,101.3,completed,2024-03-30
432,Customer_432,SMB,West,2023-05-24,54593.0,65.51,completed,2024-05-23
433,Customer_433,B2C,Central,2023-05-25,51124.0,203.59,pending,2024-02-05
433,Customer_433,B2C,Central,2023-05-25,53957.0,478.06,completed,2024-05-03
433,Customer_433,B2C,Central,2023-05-25,53982.0,168.86,shipped,2024-05-04
433,Customer_433,B2C,Central,2023-05-25,54766.0,258.06,shipped,2024-05-28
433,Customer_433,B2C,Central,2023-05-25,54797.0,55.35,cancelled,2024-05-29
434,Customer_434,B2B,West,2023-05-25,51513.0,463.13,completed,2024-02-17
434,Customer_434,B2B,West,2023-05-25,51733.0,35.72,completed,2024-02-24
434,Customer_434,B2B,West,2023-05-25,51890.0,148.42,completed,2024-02-29
434,Customer_434,B2B,West,2023-05-25,52149.0,18.89,shipped,2024-03-08
434,Customer_434,B2B,West,2023-05-25,53433.0,319.84,cancelled,2024-04-17
434,Customer_434,B2B,West,2023-05-25,53767.0,532.38,completed,2024-04-27
434,Customer_434,B2B,West,2023-05-25,54144.0,141.72,completed,2024-05-09
435,Customer_435,B2B,West,2023-05-25,50317.0,474.68,completed,2024-01-10
435,Customer_435,B2B,West,2023-05-25,51256.0,23.49,completed,2024-02-09
435,Customer_435,B2B,West,2023-05-25,51883.0,164.53,cancelled,2024-02-28
435,Customer_435,B2B,West,2023-05-25,52298.0,42.57,pending,2024-03-12
435,Customer_435,B2B,West,2023-05-25,52325.0,59.97,completed,2024-03-13
435,Customer_435,B2B,West,2023-05-25,52433.0,62.21,completed,2024-03-17
435,Customer_435,B2B,West,2023-05-25,54303.0,56.36,completed,2024-05-14
435,Customer_435,B2B,West,2023-05-25,54513.0,77.12,completed,2024-05-21
436,Customer_436,SMB,West,2023-05-26,50832.0,160.86,cancelled,2024-01-26
436,Customer_436,SMB,West,2023-05-26,51805.0,343.64,completed,2024-02-26
436,Customer_436,SMB,West,2023-05-26,52226.0,89.6,cancelled,2024-03-10
436,Customer_436,SMB,West,2023-05-26,53848.0,369.85,completed,2024-04-30
436,Customer_436,SMB,West,2023-05-26,53853.0,301.59,completed,2024-04-30
436,Customer_436,SMB,West,2023-05-26,54634.0,41.31,completed,2024-05-24
437,Customer_437,B2B,West,2023-05-26,50536.0,384.64,completed,2024-01-17
437,Customer_437,B2B,West,2023-05-26,51673.0,161.96,completed,2024-02-22
437,Customer_437,B2B,West,2023-05-26,54034.0,319.32,completed,2024-05-06
437,Customer_437,B2B,West,2023-05-26,54048.0,131.83,completed,2024-05-06
437,Customer_437,B2B,West,2023-05-26,54713.0,84.59,shipped,2024-05-27
438,Customer_438,SMB,West,2023-05-26,50722.0,215.34,completed,2024-01-23
438,Customer_438,SMB,West,2023-05-26,50827.0,36.25,completed,2024-01-26
438,Customer_438,SMB,West,2023-05-26,50844.0,735.16,shipped,2024-01-27
438,Customer_438,SMB,West,2023-05-26,51044.0,331.93,pending,2024-02-02
438,Customer_438,SMB,West,2023-05-26,52598.0,15.45,shipped,2024-03-22
438,Customer_438,SMB,West,2023-05-26,53606.0,74.47,completed,2024-04-22
438,Customer_438,SMB,West,2023-05-26,54116.0,211.35,cancelled,2024-05-08
438,Customer_438,SMB,West,2023-05-26,54386.0,52.52,completed,2024-05-17
439,Customer_439,SMB,South,2023-05-27,50123.0,474.67,completed,2024-01-04
439,Customer_439,SMB,South,2023-05-27,50176.0,60.88,cancelled,2024-01-06
439,Customer_439,SMB,South,2023-05-27,50586.0,297.0,completed,2024-01-19
439,Customer_439,SMB,South,2023-05-27,50609.0,91.27,shipped,2024-01-20
439,Customer_439,SMB,South,2023-05-27,50900.0,290.87,pending,2024-01-29
439,Customer_439,SMB,South,2023-05-27,51404.0,79.42,pending,2024-02-13
439,Customer_439,SMB,South,2023-05-27,51685.0,64.09,completed,2024-02-22
439,Customer_439,SMB,South,2023-05-27,52364.0,283.26,completed,2024-03-14
439,Customer_439,SMB,South,2023-05-27,52443.0,181.0,shipped,2024-03-17
439,Customer_439,SMB,South,2023-05-27,54533.0,127.29,completed,2024-05-21
440,Customer_440,B2B,North,2023-05-27,50474.0,28.56,shipped,2024-01-15
440,Customer_440,B2B,North,2023-05-27,52402.0,27.37,completed,2024-03-16
440,Customer_440,B2B,North,2023-05-27,53430.0,515.77,shipped,2024-04-17
440,Customer_440,B2B,North,2023-05-27,54954.0,378.85,completed,2024-06-03
440,Customer_440,B2B,North,2023-05-27,54991.0,20.91,shipped,2024-06-04
441,Customer_441,B2B,East,2023-05-27,50259.0,118.1,completed,2024-01-09
441,Customer_441,B2B,East,2023-05-27,50403.0,19.69,completed,2024-01-13
441,Customer_441,B2B,East,2023-05-27,50626.0,46.01,completed,2024-01-20
441,Customer_441,B2B,East,2023-05-27,50689.0,64.59,completed,2024-01-22
441,Customer_441,B2B,East,2023-05-27,51587.0,239.69,completed,2024-02-19
441,Customer_441,B2B,East,2023-05-27,52281.0,142.66,completed,2024-03-12
441,Customer_441,B2B,East,2023-05-27,52300.0,114.55,completed,2024-03-12
441,Customer_441,B2B,East,2023-05-27,52330.0,210.13,completed,2024-03-13
441,Customer_441,B2B,East,2023-05-27,53483.0,260.95,completed,2024-04-18
442,Customer_442,Enterprise,North,2023-05-28,50703.0,178.51,completed,2024-01-22
442,Customer_442,Enterprise,North,2023-05-28,51322.0,152.54,completed,2024-02-11
442,Customer_442,Enterprise,North,2023-05-28,51831.0,111.83,shipped,2024-02-27
442,Customer_442,Enterprise,North,2023-05-28,53795.0,20.44,completed,2024-04-28
442,Customer_442,Enterprise,North,2023-05-28,54315.0,401.98,completed,2024-05-14
443,Customer_443,B2C,West,2023-05-28,51104.0,152.94,cancelled,2024-02-04
443,Customer_443,B2C,West,2023-05-28,51157.0,108.75,shipped,2024-02-06
443,Customer_443,B2C,West,2023-05-28,52090.0,1119.27,pending,2024-03-06
443,Customer_443,B2C,West,2023-05-28,52694.0,61.66,shipped,2024-03-25
443,Customer_443,B2C,West,2023-05-28,52724.0,52.54,completed,2024-03-26
443,Customer_443,B2C,West,2023-05-28,52982.0,17.89,cancelled,2024-04-03
443,Customer_443,B2C,West,2023-05-28,53591.0,188.79,shipped,2024-04-22
443,Customer_443,B2C,West,2023-05-28,53741.0,78.84,completed,2024-04-26
443,Customer_443,B2C,West,2023-05-28,54790.0,142.97,shipped,2024-05-29
444,Customer_444,B2C,South,2023-05-28,50889.0,30.56,completed,2024-01-28
444,Customer_444,B2C,South,2023-05-28,51830.0,53.72,completed,2024-02-27
444,Customer_444,B2C,South,2023-05-28,53084.0,150.41,completed,2024-04-06
444,Customer_444,B2C,South,2023-05-28,53099.0,33.68,completed,2024-04-06
444,Customer_444,B2C,South,2023-05-28,53126.0,170.36,completed,2024-04-07
444,Customer_444,B2C,South,2023-05-28,54375.0,23.7,shipped,2024-05-16
445,Customer_445,SMB,Central,2023-05-29,50537.0,42.87,completed,2024-01-17
445,Customer_445,SMB,Central,2023-05-29,50849.0,110.17,completed,2024-01-27
445,Customer_445,SMB,Central,2023-05-29,51184.0,108.69,completed,2024-02-06
445,Customer_445,SMB,Central,2023-05-29,53272.0,82.47,completed,2024-04-12
445,Customer_445,SMB,Central,2023-05-29,54000.0,295.49,completed,2024-05-04
445,Customer_445,SMB,Central,2023-05-29,54098.0,61.23,completed,2024-05-08
445,Customer_445,SMB,Central,2023-05-29,54519.0,417.38,completed,2024-05-21
446,Customer_446,Enterprise,South,2023-05-29,50149.0,255.85,completed,2024-01-05
446,Customer_446,Enterprise,South,2023-05-29,51456.0,74.5,completed,2024-02-15
446,Customer_446,Enterprise,South,2023-05-29,51810.0,112.37,completed,2024-02-26
446,Customer_446,Enterprise,South,2023-05-29,53280.0,25.89,completed,2024-04-12
446,Customer_446,Enterprise,South,2023-05-29,54638.0,396.05,completed,2024-05-24
447,Customer_447,Enterprise,West,2023-05-29,50441.0,41.79,completed,2024-01-14
447,Customer_447,Enterprise,West,2023-05-29,50467.0,40.32,completed,2024-01-15
447,Customer_447,Enterprise,West,2023-05-29,52427.0,53.2,completed,2024-03-16
447,Customer_447,Enterprise,West,2023-05-29,54414.0,181.75,completed,2024-05-17
448,Customer_448,SMB,South,2023-05-30,50320.0,16.23,completed,2024-01-10
448,Customer_448,SMB,South,2023-05-30,50895.0,162.18,completed,2024-01-28
448,Customer_448,SMB,South,2023-05-30,52211.0,35.42,pending,2024-03-10
448,Customer_448,SMB,South,2023-05-30,52631.0,40.93,completed,2024-03-23
449,Customer_449,B2C,South,2023-05-30,50749.0,20.3,shipped,2024-01-24
449,Customer_449,B2C,South,2023-05-30,51735.0,165.37,completed,2024-02-24
449,Customer_449,B2C,South,2023-05-30,53010.0,515.05,completed,2024-04-04
449,Customer_449,B2C,South,2023-05-30,53055.0,213.09,completed,2024-04-05
449,Customer_449,B2C,South,2023-05-30,53171.0,82.28,completed,2024-04-09
449,Customer_449,B2C,South,2023-05-30,54699.0,132.56,shipped,2024-05-26
450,Customer_450,B2B,West,2023-05-30,50377.0,361.39,pending,2024-01-12
450,Customer_450,B2B,West,2023-05-30,50764.0,415.03,completed,2024-01-24
450,Customer_450,B2B,West,2023-05-30,50951.0,142.88,completed,2024-01-30
450,Customer_450,B2B,West,2023-05-30,51274.0,198.81,completed,2024-02-09
450,Customer_450,B2B,West,2023-05-30,52048.0,57.35,completed,2024-03-04
450,Customer_450,B2B,West,2023-05-30,52570.0,261.68,completed,2024-03-21
450,Customer_450,B2B,West,2023-05-30,53033.0,62.76,completed,2024-04-04
450,Customer_450,B2B,West,2023-05-30,53203.0,68.84,completed,2024-04-10
450,Customer_450,B2B,West,2023-05-30,54589.0,334.89,shipped,2024-05-23
451,Customer_451,SMB,South,2023-05-31,50334.0,118.88,completed,2024-01-11
451,Customer_451,SMB,South,2023-05-31,50535.0,251.57,pending,2024-01-17
451,Customer_451,SMB,South,2023-05-31,50573.0,281.4,completed,2024-01-18
451,Customer_451,SMB,South,2023-05-31,50787.0,434.8,completed,2024-01-25
451,Customer_451,SMB,South,2023-05-31,50792.0,58.61,shipped,2024-01-25
451,Customer_451,SMB,South,2023-05-31,51334.0,37.76,completed,2024-02-11
451,Customer_451,SMB,South,2023-05-31,54175.0,26.11,completed,2024-05-10
451,Customer_451,SMB,South,2023-05-31,54874.0,50.31,completed,2024-06-01
452,Customer_452,B2C,East,2023-05-31,50106.0,70.6,completed,2024-01-04
452,Customer_452,B2C,East,2023-05-31,50525.0,48.63,completed,2024-01-17
452,Customer_452,B2C,East,2023-05-31,51272.0,550.93,completed,2024-02-09
452,Customer_452,B2C,East,2023-05-31,52964.0,67.56,completed,2024-04-02
452,Customer_452,B2C,East,2023-05-31,53137.0,143.38,completed,2024-04-08
452,Customer_452,B2C,East,2023-05-31,53288.0,146.47,completed,2024-04-12
452,Customer_452,B2C,East,2023-05-31,53632.0,291.34,completed,2024-04-23
452,Customer_452,B2C,East,2023-05-31,54380.0,43.39,shipped,2024-05-16
453,Customer_453,B2C,East,2023-05-31,50290.0,352.5,completed,2024-01-10
453,Customer_453,B2C,East,2023-05-31,50494.0,70.4,completed,2024-01-16
453,Customer_453,B2C,East,2023-05-31,51066.0,23.37,completed,2024-02-03
453,Customer_453,B2C,East,2023-05-31,52357.0,36.47,completed,2024-03-14
453,Customer_453,B2C,East,2023-05-31,54093.0,72.47,completed,2024-05-07
453,Customer_453,B2C,East,2023-05-31,54700.0,573.53,completed,2024-05-26
454,Customer_454,Enterprise,South,2023-06-01,51011.0,274.07,completed,2024-02-01
454,Customer_454,Enterprise,South,2023-06-01,51938.0,146.92,completed,2024-03-01
454,Customer_454,Enterprise,South,2023-06-01,53353.0,21.9,completed,2024-04-14
454,Customer_454,Enterprise,South,2023-06-01,54581.0,390.36,shipped,2024-05-23
454,Customer_454,Enterprise,South,2023-06-01,54751.0,312.62,shipped,2024-05-28
455,Customer_455,B2B,Central,2023-06-01,50356.0,382.16,completed,2024-01-12
455,Customer_455,B2B,Central,2023-06-01,52259.0,50.48,shipped,2024-03-11
455,Customer_455,B2B,Central,2023-06-01,52830.0,50.46,completed,2024-03-29
455,Customer_455,B2B,Central,2023-06-01,53771.0,199.19,completed,2024-04-27
455,Customer_455,B2B,Central,2023-06-01,54100.0,122.31,shipped,2024-05-08
456,Customer_456,B2C,West,2023-06-01,50051.0,220.71,completed,2024-01-02
456,Customer_456,B2C,West,2023-06-01,50314.0,112.79,completed,2024-01-10
456,Customer_456,B2C,West,2023-06-01,51082.0,637.1,completed,2024-02-03
456,Customer_456,B2C,West,2023-06-01,52469.0,73.12,shipped,2024-03-18
456,Customer_456,B2C,West,2023-06-01,54261.0,87.92,completed,2024-05-13
457,Customer_457,B2B,East,2023-06-02,50097.0,180.96,shipped,2024-01-04
457,Customer_457,B2B,East,2023-06-02,51879.0,64.89,completed,2024-02-28
457,Customer_457,B2B,East,2023-06-02,52155.0,221.26,completed,2024-03-08
457,Customer_457,B2B,East,2023-06-02,53325.0,193.51,completed,2024-04-13
457,Customer_457,B2B,East,2023-06-02,54673.0,73.16,completed,2024-05-26
457,Customer_457,B2B,East,2023-06-02,54740.0,306.0,completed,2024-05-28
458,Customer_458,B2C,Central,2023-06-02,51687.0,48.9,completed,2024-02-22
458,Customer_458,B2C,Central,2023-06-02,53939.0,51.5,completed,2024-05-03
458,Customer_458,B2C,Central,2023-06-02,54200.0,158.86,completed,2024-05-11
458,Customer_458,B2C,Central,2023-06-02,54741.0,336.39,pending,2024-05-28
459,Customer_459,B2B,South,2023-06-02,51024.0,258.44,completed,2024-02-01
459,Customer_459,B2B,South,2023-06-02,51287.0,796.15,completed,2024-02-10
459,Customer_459,B2B,South,2023-06-02,52466.0,68.71,completed,2024-03-18
459,Customer_459,B2B,South,2023-06-02,54431.0,272.69,completed,2024-05-18
460,Customer_460,B2B,Central,2023-06-03,50942.0,424.54,completed,2024-01-30
460,Customer_460,B2B,Central,2023-06-03,53526.0,209.53,completed,2024-04-20
460,Customer_460,B2B,Central,2023-06-03,53880.0,109.3,completed,2024-05-01
461,Customer_461,B2B,North,2023-06-03,51038.0,19.49,completed,2024-02-02
461,Customer_461,B2B,North,2023-06-03,54018.0,244.37,completed,2024-05-05
461,Customer_461,B2B,North,2023-06-03,54698.0,133.86,completed,2024-05-26
462,Customer_462,B2C,East,2023-06-03,50430.0,116.13,pending,2024-01-14
462,Customer_462,B2C,East,2023-06-03,52021.0,240.39,completed,2024-03-04
462,Customer_462,B2C,East,2023-06-03,52122.0,125.16,shipped,2024-03-07
462,Customer_462,B2C,East,2023-06-03,53297.0,286.17,pending,2024-04-13
463,Customer_463,SMB,South,2023-06-04,50491.0,16.24,completed,2024-01-16
463,Customer_463,SMB,South,2023-06-04,51833.0,310.31,pending,2024-02-27
463,Customer_463,SMB,South,2023-06-04,51941.0,222.24,completed,2024-03-01
463,Customer_463,SMB,South,2023-06-04,51974.0,98.56,shipped,2024-03-02
463,Customer_463,SMB,South,2023-06-04,52622.0,405.87,completed,2024-03-22
464,Customer_464,B2C,West,2023-06-04,50146.0,17.73,completed,2024-01-05
464,Customer_464,B2C,West,2023-06-04,52753.0,130.38,shipped,2024-03-27
465,Customer_465,Enterprise,South,2023-06-04,51528.0,234.44,completed,2024-02-17
465,Customer_465,Enterprise,South,2023-06-04,52087.0,85.83,pending,2024-03-06
465,Customer_465,Enterprise,South,2023-06-04,52100.0,161.5,completed,2024-03-06
465,Customer_465,Enterprise,South,2023-06-04,53162.0,332.64,completed,2024-04-08
465,Customer_465,Enterprise,South,2023-06-04,53366.0,25.85,completed,2024-04-15
465,Customer_465,Enterprise,South,2023-06-04,53431.0,39.6,completed,2024-04-17
465,Customer_465,Enterprise,South,2023-06-04,54573.0,56.94,completed,2024-05-22
466,Customer_466,B2C,West,2023-06-05,51740.0,79.16,pending,2024-02-24
466,Customer_466,B2C,West,2023-06-05,54666.0,159.2,completed,2024-05-25
466,Customer_466,B2C,West,2023-06-05,54814.0,110.3,completed,2024-05-30
467,Customer_467,B2C,South,2023-06-05,50158.0,320.02,shipped,2024-01-05
467,Customer_467,B2C,South,2023-06-05,50868.0,56.48,completed,2024-01-28
467,Customer_467,B2C,South,2023-06-05,50928.0,52.2,completed,2024-01-29
467,Customer_467,B2C,South,2023-06-05,51899.0,62.97,completed,2024-02-29
467,Customer_467,B2C,South,2023-06-05,52075.0,87.38,completed,2024-03-05
467,Customer_467,B2C,South,2023-06-05,53785.0,144.86,completed,2024-04-28
467,Customer_467,B2C,South,2023-06-05,54357.0,65.14,completed,2024-05-16
468,Customer_468,SMB,Central,2023-06-05,51395.0,122.02,completed,2024-02-13
468,Customer_468,SMB,Central,2023-06-05,52969.0,215.16,pending,2024-04-02
468,Customer_468,SMB,Central,2023-06-05,53242.0,216.98,completed,2024-04-11
468,Customer_468,SMB,Central,2023-06-05,54255.0,111.28,completed,2024-05-12
468,Customer_468,SMB,Central,2023-06-05,54361.0,22.02,completed,2024-05-16
469,Customer_469,B2B,Central,2023-06-06,51389.0,61.85,completed,2024-02-13
469,Customer_469,B2B,Central,2023-06-06,52231.0,46.98,completed,2024-03-10
469,Customer_469,B2B,Central,2023-06-06,52258.0,139.45,completed,2024-03-11
470,Customer_470,Enterprise,Central,2023-06-06,54250.0,89.36,pending,2024-05-12
471,Customer_471,B2B,North,2023-06-06,50120.0,228.37,completed,2024-01-04
471,Customer_471,B2B,North,2023-06-06,50170.0,105.25,completed,2024-01-06
471,Customer_471,B2B,North,2023-06-06,50185.0,128.22,pending,2024-01-06
471,Customer_471,B2B,North,2023-06-06,50278.0,31.18,completed,2024-01-09
471,Customer_471,B2B,North,2023-06-06,51382.0,60.29,completed,2024-02-13
471,Customer_471,B2B,North,2023-06-06,51728.0,270.89,completed,2024-02-23
471,Customer_471,B2B,North,2023-06-06,51757.0,61.96,shipped,2024-02-24
471,Customer_471,B2B,North,2023-06-06,52053.0,297.09,completed,2024-03-05
471,Customer_471,B2B,North,2023-06-06,52143.0,154.91,completed,2024-03-07
471,Customer_471,B2B,North,2023-06-06,53619.0,40.77,completed,2024-04-23
471,Customer_471,B2B,North,2023-06-06,54665.0,271.82,completed,2024-05-25
472,Customer_472,Enterprise,West,2023-06-07,53797.0,158.38,completed,2024-04-28
472,Customer_472,Enterprise,West,2023-06-07,53972.0,85.51,completed,2024-05-04
472,Customer_472,Enterprise,West,2023-06-07,54117.0,322.35,completed,2024-05-08
473,Customer_473,B2B,Central,2023-06-07,51842.0,347.54,completed,2024-02-27
473,Customer_473,B2B,Central,2023-06-07,51998.0,92.24,completed,2024-03-03
474,Customer_474,SMB,North,2023-06-07,51817.0,36.08,cancelled,2024-02-26
474,Customer_474,SMB,North,2023-06-07,52544.0,226.54,completed,2024-03-20
474,Customer_474,SMB,North,2023-06-07,53846.0,272.87,completed,2024-04-30
474,Customer_474,SMB,North,2023-06-07,54274.0,125.73,shipped,2024-05-13
474,Customer_474,SMB,North,2023-06-07,54348.0,204.08,completed,2024-05-15
474,Customer_474,SMB,North,2023-06-07,54732.0,30.9,pending,2024-05-27
475,Customer_475,B2C,West,2023-06-08,51718.0,130.48,completed,2024-02-23
475,Customer_475,B2C,West,2023-06-08,53677.0,385.81,pending,2024-04-24
475,Customer_475,B2C,West,2023-06-08,54838.0,46.02,shipped,2024-05-31
476,Customer_476,Enterprise,South,2023-06-08,51201.0,246.65,completed,2024-02-07
476,Customer_476,Enterprise,South,2023-06-08,51691.0,158.67,shipped,2024-02-22
476,Customer_476,Enterprise,South,2023-06-08,52079.0,63.18,shipped,2024-03-05
476,Customer_476,Enterprise,South,2023-06-08,53196.0,133.71,completed,2024-04-09
476,Customer_476,Enterprise,South,2023-06-08,53264.0,166.54,completed,2024-04-11
476,Customer_476,Enterprise,South,2023-06-08,53274.0,411.35,completed,2024-04-12
476,Customer_476,Enterprise,South,2023-06-08,55000.0,23.54,shipped,2024-06-05
477,Customer_477,B2B,North,2023-06-08,51522.0,589.74,completed,2024-02-17
477,Customer_477,B2B,North,2023-06-08,52919.0,273.12,completed,2024-04-01
477,Customer_477,B2B,North,2023-06-08,53312.0,230.39,completed,2024-04-13
477,Customer_477,B2B,North,2023-06-08,53319.0,130.99,shipped,2024-04-13
478,Customer_478,B2C,East,2023-06-09,51908.0,416.97,completed,2024-02-29
478,Customer_478,B2C,East,2023-06-09,52829.0,161.12,completed,2024-03-29
478,Customer_478,B2C,East,2023-06-09,53153.0,79.07,cancelled,2024-04-08
479,Customer_479,Enterprise,North,2023-06-09,50191.0,93.28,cancelled,2024-01-06
479,Customer_479,Enterprise,North,2023-06-09,51509.0,366.48,shipped,2024-02-17
479,Customer_479,Enterprise,North,2023-06-09,51748.0,172.58,completed,2024-02-24
479,Customer_479,Enterprise,North,2023-06-09,52439.0,71.12,completed,2024-03-17
480,Customer_480,B2C,North,2023-06-09,50522.0,275.74,completed,2024-01-17
480,Customer_480,B2C,North,2023-06-09,51134.0,170.56,completed,2024-02-05
480,Customer_480,B2C,North,2023-06-09,51306.0,668.37,completed,2024-02-10
480,Customer_480,B2C,North,2023-06-09,51534.0,117.87,shipped,2024-02-17
480,Customer_480,B2C,North,2023-06-09,51590.0,614.14,pending,2024-02-19
480,Customer_480,B2C,North,2023-06-09,51679.0,222.49,completed,2024-02-22
480,Customer_480,B2C,North,2023-06-09,53248.0,127.73,completed,2024-04-11
480,Customer_480,B2C,North,2023-06-09,53861.0,176.21,completed,2024-04-30
480,Customer_480,B2C,North,2023-06-09,54106.0,21.52,completed,2024-05-08
480,Customer_480,B2C,North,2023-06-09,54785.0,317.37,completed,2024-05-29
481,Customer_481,B2C,West,2023-06-10,51645.0,112.86,completed,2024-02-21
481,Customer_481,B2C,West,2023-06-10,51651.0,114.56,completed,2024-02-21
481,Customer_481,B2C,West,2023-06-10,52497.0,236.74,shipped,2024-03-19
481,Customer_481,B2C,West,2023-06-10,52841.0,141.27,shipped,2024-03-29
481,Customer_481,B2C,West,2023-06-10,54257.0,257.66,shipped,2024-05-13
481,Customer_481,B2C,West,2023-06-10,54352.0,193.43,shipped,2024-05-15
481,Customer_481,B2C,West,2023-06-10,54658.0,142.32,completed,2024-05-25
481,Customer_481,B2C,West,2023-06-10,54782.0,119.44,cancelled,2024-05-29
481,Customer_481,B2C,West,2023-06-10,54947.0,221.45,completed,2024-06-03
482,Customer_482,B2C,South,2023-06-10,52232.0,53.21,completed,2024-03-10
482,Customer_482,B2C,South,2023-06-10,52492.0,134.43,completed,2024-03-18
482,Customer_482,B2C,South,2023-06-10,53123.0,416.94,pending,2024-04-07
483,Customer_483,B2C,East,2023-06-10,50545.0,24.43,completed,2024-01-18
483,Customer_483,B2C,East,2023-06-10,50635.0,170.51,completed,2024-01-20
483,Customer_483,B2C,East,2023-06-10,50646.0,189.83,completed,2024-01-21
483,Customer_483,B2C,East,2023-06-10,51231.0,49.68,completed,2024-02-08
483,Customer_483,B2C,East,2023-06-10,51394.0,209.52,shipped,2024-02-13
483,Customer_483,B2C,East,2023-06-10,51399.0,98.06,completed,2024-02-13
483,Customer_483,B2C,East,2023-06-10,52822.0,118.53,completed,2024-03-29
483,Customer_483,B2C,East,2023-06-10,54747.0,151.12,completed,2024-05-28
484,Customer_484,B2C,Central,2023-06-11,50283.0,284.47,shipped,2024-01-09
484,Customer_484,B2C,Central,2023-06-11,54300.0,62.79,completed,2024-05-14
485,Customer_485,B2C,Central,2023-06-11,51729.0,711.5,completed,2024-02-24
485,Customer_485,B2C,Central,2023-06-11,52684.0,292.21,completed,2024-03-24
485,Customer_485,B2C,Central,2023-06-11,53505.0,19.66,completed,2024-04-19
485,Customer_485,B2C,Central,2023-06-11,53930.0,287.8,shipped,2024-05-02
485,Customer_485,B2C,Central,2023-06-11,54366.0,22.69,completed,2024-05-16
485,Customer_485,B2C,Central,2023-06-11,54667.0,800.98,completed,2024-05-25
485,Customer_485,B2C,Central,2023-06-11,54712.0,37.68,shipped,2024-05-27
485,Customer_485,B2C,Central,2023-06-11,54955.0,86.57,completed,2024-06-03
486,Customer_486,Enterprise,North,2023-06-11,50726.0,414.68,completed,2024-01-23
486,Customer_486,Enterprise,North,2023-06-11,53302.0,341.51,completed,2024-04-13
486,Customer_486,Enterprise,North,2023-06-11,53965.0,74.61,shipped,2024-05-03
486,Customer_486,Enterprise,North,2023-06-11,54020.0,58.55,completed,2024-05-05
486,Customer_486,Enterprise,North,2023-06-11,54798.0,107.78,completed,2024-05-29
487,Customer_487,B2B,West,2023-06-12,50559.0,40.82,completed,2024-01-18
487,Customer_487,B2B,West,2023-06-12,52074.0,136.06,completed,2024-03-05
487,Customer_487,B2B,West,2023-06-12,52681.0,26.16,completed,2024-03-24
487,Customer_487,B2B,West,2023-06-12,53282.0,153.14,completed,2024-04-12
487,Customer_487,B2B,West,2023-06-12,54050.0,34.17,completed,2024-05-06
487,Customer_487,B2B,West,2023-06-12,54639.0,43.26,completed,2024-05-24
488,Customer_488,B2C,West,2023-06-12,50570.0,19.24,completed,2024-01-18
488,Customer_488,B2C,West,2023-06-12,50843.0,107.28,shipped,2024-01-27
488,Customer_488,B2C,West,2023-06-12,51471.0,28.03,completed,2024-02-15
488,Customer_488,B2C,West,2023-06-12,53564.0,827.16,completed,2024-04-21
488,Customer_488,B2C,West,2023-06-12,53998.0,558.35,shipped,2024-05-04
488,Customer_488,B2C,West,2023-06-12,54988.0,107.24,completed,2024-06-04
489,Customer_489,Enterprise,Central,2023-06-12,50650.0,185.83,completed,2024-01-21
489,Customer_489,Enterprise,Central,2023-06-12,50803.0,165.33,completed,2024-01-26
489,Customer_489,Enterprise,Central,2023-06-12,51495.0,248.56,pending,2024-02-16
489,Customer_489,Enterprise,Central,2023-06-12,51600.0,27.46,cancelled,2024-02-19
489,Customer_489,Enterprise,Central,2023-06-12,52616.0,93.57,completed,2024-03-22
489,Customer_489,Enterprise,Central,2023-06-12,53574.0,33.29,completed,2024-04-21
489,Customer_489,Enterprise,Central,2023-06-12,54161.0,180.21,shipped,2024-05-10
490,Customer_490,SMB,East,2023-06-13,50904.0,104.12,completed,2024-01-29
490,Customer_490,SMB,East,2023-06-13,51055.0,131.35,completed,2024-02-02
490,Customer_490,SMB,East,2023-06-13,51074.0,168.83,completed,2024-02-03
490,Customer_490,SMB,East,2023-06-13,51118.0,26.83,cancelled,2024-02-04
490,Customer_490,SMB,East,2023-06-13,51550.0,713.97,completed,2024-02-18
490,Customer_490,SMB,East,2023-06-13,54384.0,213.85,completed,2024-05-16
490,Customer_490,SMB,East,2023-06-13,54522.0,37.57,completed,2024-05-21
490,Customer_490,SMB,East,2023-06-13,54777.0,188.21,shipped,2024-05-29
490,Customer_490,SMB,East,2023-06-13,54948.0,103.22,completed,2024-06-03
491,Customer_491,B2C,South,2023-06-13,51214.0,169.31,completed,2024-02-07
491,Customer_491,B2C,South,2023-06-13,51320.0,321.49,cancelled,2024-02-11
491,Customer_491,B2C,South,2023-06-13,51692.0,427.68,completed,2024-02-22
491,Customer_491,B2C,South,2023-06-13,52326.0,25.85,completed,2024-03-13
491,Customer_491,B2C,South,2023-06-13,52715.0,97.3,completed,2024-03-25
491,Customer_491,B2C,South,2023-06-13,52757.0,24.24,completed,2024-03-27
491,Customer_491,B2C,South,2023-06-13,53197.0,219.15,completed,2024-04-09
491,Customer_491,B2C,South,2023-06-13,53449.0,295.89,completed,2024-04-17
491,Customer_491,B2C,South,2023-06-13,54786.0,90.19,completed,2024-05-29
492,Customer_492,B2C,East,2023-06-13,50654.0,469.75,completed,2024-01-21
492,Customer_492,B2C,East,2023-06-13,51841.0,58.24,completed,2024-02-27
492,Customer_492,B2C,East,2023-06-13,52800.0,33.56,completed,2024-03-28
492,Customer_492,B2C,East,2023-06-13,52972.0,38.07,completed,2024-04-02
492,Customer_492,B2C,East,2023-06-13,53221.0,28.27,completed,2024-04-10
492,Customer_492,B2C,East,2023-06-13,53354.0,42.6,completed,2024-04-14
493,Customer_493,B2C,South,2023-06-14,51615.0,207.68,completed,2024-02-20
493,Customer_493,B2C,South,2023-06-14,51624.0,215.68,completed,2024-02-20
493,Customer_493,B2C,South,2023-06-14,51650.0,458.1,completed,2024-02-21
493,Customer_493,B2C,South,2023-06-14,52569.0,100.27,completed,2024-03-21
493,Customer_493,B2C,South,2023-06-14,54707.0,176.26,shipped,2024-05-27
494,Customer_494,B2B,Central,2023-06-14,50267.0,40.23,completed,2024-01-09
494,Customer_494,B2B,Central,2023-06-14,50612.0,237.73,shipped,2024-01-20
494,Customer_494,B2B,Central,2023-06-14,50916.0,698.74,completed,2024-01-29
494,Customer_494,B2B,Central,2023-06-14,51143.0,31.87,cancelled,2024-02-05
494,Customer_494,B2B,Central,2023-06-14,51281.0,389.88,completed,2024-02-10
494,Customer_494,B2B,Central,2023-06-14,51454.0,319.83,completed,2024-02-15
494,Customer_494,B2B,Central,2023-06-14,51469.0,177.43,completed,2024-02-15
494,Customer_494,B2B,Central,2023-06-14,52209.0,132.66,completed,2024-03-10
494,Customer_494,B2B,Central,2023-06-14,52303.0,66.54,completed,2024-03-12
494,Customer_494,B2B,Central,2023-06-14,53006.0,292.23,completed,2024-04-03
494,Customer_494,B2B,Central,2023-06-14,54311.0,24.46,completed,2024-05-14
495,Customer_495,B2C,South,2023-06-14,50629.0,185.18,pending,2024-01-20
495,Customer_495,B2C,South,2023-06-14,51103.0,17.16,completed,2024-02-04
495,Customer_495,B2C,South,2023-06-14,52900.0,148.12,completed,2024-03-31
495,Customer_495,B2C,South,2023-06-14,52985.0,39.09,completed,2024-04-03
495,Customer_495,B2C,South,2023-06-14,53599.0,63.8,cancelled,2024-04-22
495,Customer_495,B2C,South,2023-06-14,53743.0,262.19,completed,2024-04-26
495,Customer_495,B2C,South,2023-06-14,53945.0,242.23,completed,2024-05-03
496,Customer_496,B2C,West,2023-06-15,50299.0,86.38,completed,2024-01-10
496,Customer_496,B2C,West,2023-06-15,51107.0,39.54,completed,2024-02-04
496,Customer_496,B2C,West,2023-06-15,51211.0,70.66,completed,2024-02-07
496,Customer_496,B2C,West,2023-06-15,51782.0,17.3,completed,2024-02-25
496,Customer_496,B2C,West,2023-06-15,52874.0,23.79,completed,2024-03-30
496,Customer_496,B2C,West,2023-06-15,53904.0,122.22,completed,2024-05-01
497,Customer_497,B2C,North,2023-06-15,53031.0,100.43,pending,2024-04-04
497,Customer_497,B2C,North,2023-06-15,53571.0,337.99,completed,2024-04-21
497,Customer_497,B2C,North,2023-06-15,54153.0,387.66,completed,2024-05-09
498,Customer_498,B2B,North,2023-06-15,52604.0,277.1,completed,2024-03-22
498,Customer_498,B2B,North,2023-06-15,52916.0,280.09,completed,2024-04-01
498,Customer_498,B2B,North,2023-06-15,54052.0,35.61,completed,2024-05-06
499,Customer_499,Enterprise,Central,2023-06-16,51028.0,102.83,cancelled,2024-02-02
499,Customer_499,Enterprise,Central,2023-06-16,51658.0,189.2,completed,2024-02-21
499,Customer_499,Enterprise,Central,2023-06-16,51872.0,347.22,completed,2024-02-28
499,Customer_499,Enterprise,Central,2023-06-16,52311.0,352.71,shipped,2024-03-13
499,Customer_499,Enterprise,Central,2023-06-16,52665.0,320.68,completed,2024-03-24
499,Customer_499,Enterprise,Central,2023-06-16,52729.0,81.33,completed,2024-03-26
499,Customer_499,Enterprise,Central,2023-06-16,53052.0,103.35,completed,2024-04-05
499,Customer_499,Enterprise,Central,2023-06-16,53399.0,234.53,cancelled,2024-04-16
499,Customer_499,Enterprise,Central,2023-06-16,53932.0,21.26,completed,2024-05-02
499,Customer_499,Enterprise,Central,2023-06-16,54668.0,214.31,completed,2024-05-25
500,Customer_500,Enterprise,West,2023-06-16,50940.0,276.72,completed,2024-01-30
500,Customer_500,Enterprise,West,2023-06-16,51487.0,82.97,completed,2024-02-16
500,Customer_500,Enterprise,West,2023-06-16,51878.0,66.71,shipped,2024-02-28
500,Customer_500,Enterprise,West,2023-06-16,52804.0,38.91,shipped,2024-03-28
500,Customer_500,Enterprise,West,2023-06-16,53003.0,117.03,cancelled,2024-04-03
500,Customer_500,Enterprise,West,2023-06-16,53436.0,41.17,completed,2024-04-17
500,Customer_500,Enterprise,West,2023-06-16,53596.0,197.81,completed,2024-04-22
500,Customer_500,Enterprise,West,2023-06-16,54383.0,121.2,completed,2024-05-16
500,Customer_500,Enterprise,West,2023-06-16,54832.0,249.3,completed,2024-05-30
501,Customer_501,B2C,East,2023-06-16,52774.0,268.69,completed,2024-03-27
501,Customer_501,B2C,East,2023-06-16,53289.0,64.6,completed,2024-04-12
501,Customer_501,B2C,East,2023-06-16,53468.0,526.47,pending,2024-04-18
502,Customer_502,B2C,West,2023-06-17,52126.0,31.35,completed,2024-03-07
502,Customer_502,B2C,West,2023-06-17,52295.0,418.46,completed,2024-03-12
502,Customer_502,B2C,West,2023-06-17,52644.0,369.82,completed,2024-03-23
502,Customer_502,B2C,West,2023-06-17,53337.0,82.95,completed,2024-04-14
503,Customer_503,B2C,North,2023-06-17,50443.0,105.3,completed,2024-01-14
503,Customer_503,B2C,North,2023-06-17,50458.0,231.79,completed,2024-01-15
503,Customer_503,B2C,North,2023-06-17,50563.0,128.73,completed,2024-01-18
503,Customer_503,B2C,North,2023-06-17,54599.0,198.34,completed,2024-05-23
503,Customer_503,B2C,North,2023-06-17,54674.0,231.3,completed,2024-05-26
503,Customer_503,B2C,North,2023-06-17,54857.0,218.57,cancelled,2024-05-31
504,Customer_504,SMB,North,2023-06-17,50339.0,1036.77,completed,2024-01-11
504,Customer_504,SMB,North,2023-06-17,50412.0,282.65,completed,2024-01-13
504,Customer_504,SMB,North,2023-06-17,51259.0,125.09,completed,2024-02-09
504,Customer_504,SMB,North,2023-06-17,51398.0,234.29,completed,2024-02-13
504,Customer_504,SMB,North,2023-06-17,52727.0,53.13,completed,2024-03-26
504,Customer_504,SMB,North,2023-06-17,53485.0,56.61,completed,2024-04-18
504,Customer_504,SMB,North,2023-06-17,53501.0,98.38,completed,2024-04-19
504,Customer_504,SMB,North,2023-06-17,54223.0,179.88,completed,2024-05-11
505,Customer_505,B2C,West,2023-06-18,50034.0,67.17,shipped,2024-01-02
505,Customer_505,B2C,West,2023-06-18,51364.0,521.5,completed,2024-02-12
505,Customer_505,B2C,West,2023-06-18,51954.0,243.84,completed,2024-03-02
505,Customer_505,B2C,West,2023-06-18,52256.0,185.98,completed,2024-03-11
505,Customer_505,B2C,West,2023-06-18,52514.0,31.58,completed,2024-03-19
505,Customer_505,B2C,West,2023-06-18,53125.0,60.67,completed,2024-04-07
505,Customer_505,B2C,West,2023-06-18,53748.0,220.24,completed,2024-04-27
505,Customer_505,B2C,West,2023-06-18,54130.0,48.84,completed,2024-05-09
505,Customer_505,B2C,West,2023-06-18,54562.0,373.89,completed,2024-05-22
506,Customer_506,B2B,West,2023-06-18,52319.0,203.19,completed,2024-03-13
506,Customer_506,B2B,West,2023-06-18,52366.0,210.2,completed,2024-03-14
506,Customer_506,B2B,West,2023-06-18,53884.0,109.0,completed,2024-05-01
507,Customer_507,Enterprise,North,2023-06-18,50295.0,455.73,shipped,2024-01-10
507,Customer_507,Enterprise,North,2023-06-18,51744.0,17.56,completed,2024-02-24
507,Customer_507,Enterprise,North,2023-06-18,52248.0,113.63,completed,2024-03-11
507,Customer_507,Enterprise,North,2023-06-18,53139.0,96.14,completed,2024-04-08
507,Customer_507,Enterprise,North,2023-06-18,53482.0,46.33,cancelled,2024-04-18
508,Customer_508,SMB,East,2023-06-19,50088.0,19.63,completed,2024-01-03
508,Customer_508,SMB,East,2023-06-19,50215.0,81.15,completed,2024-01-07
508,Customer_508,SMB,East,2023-06-19,50617.0,77.53,completed,2024-01-20
508,Customer_508,SMB,East,2023-06-19,50840.0,42.46,cancelled,2024-01-27
508,Customer_508,SMB,East,2023-06-19,51592.0,472.58,pending,2024-02-19
508,Customer_508,SMB,East,2023-06-19,52880.0,31.13,completed,2024-03-30
508,Customer_508,SMB,East,2023-06-19,54474.0,44.51,completed,2024-05-19
508,Customer_508,SMB,East,2023-06-19,54684.0,100.0,pending,2024-05-26
508,Customer_508,SMB,East,2023-06-19,54752.0,263.95,cancelled,2024-05-28
509,Customer_509,Enterprise,Central,2023-06-19,50445.0,33.67,shipped,2024-01-14
509,Customer_509,Enterprise,Central,2023-06-19,51385.0,136.35,completed,2024-02-13
509,Customer_509,Enterprise,Central,2023-06-19,52485.0,78.01,completed,2024-03-18
509,Customer_509,Enterprise,Central,2023-06-19,52967.0,111.21,completed,2024-04-02
509,Customer_509,Enterprise,Central,2023-06-19,53348.0,213.64,completed,2024-04-14
509,Customer_509,Enterprise,Central,2023-06-19,54636.0,23.08,shipped,2024-05-24
509,Customer_509,Enterprise,Central,2023-06-19,54723.0,54.81,shipped,2024-05-27
510,Customer_510,SMB,Central,2023-06-19,52272.0,150.26,cancelled,2024-03-11
511,Customer_511,B2C,West,2023-06-20,50037.0,41.26,pending,2024-01-02
511,Customer_511,B2C,West,2023-06-20,50480.0,68.82,completed,2024-01-15
511,Customer_511,B2C,West,2023-06-20,50605.0,276.77,cancelled,2024-01-19
511,Customer_511,B2C,West,2023-06-20,51375.0,213.58,completed,2024-02-12
511,Customer_511,B2C,West,2023-06-20,53109.0,61.65,completed,2024-04-07
511,Customer_511,B2C,West,2023-06-20,53720.0,50.04,completed,2024-04-26
511,Customer_511,B2C,West,2023-06-20,54047.0,186.8,shipped,2024-05-06
512,Customer_512,B2C,Central,2023-06-20,51413.0,647.68,completed,2024-02-14
512,Customer_512,B2C,Central,2023-06-20,53697.0,50.14,pending,2024-04-25
513,Customer_513,Enterprise,North,2023-06-20,50008.0,100.99,completed,2024-01-01
513,Customer_513,Enterprise,North,2023-06-20,50425.0,19.0,completed,2024-01-14
514,Customer_514,SMB,North,2023-06-21,50502.0,27.94,completed,2024-01-16
514,Customer_514,SMB,North,2023-06-21,50765.0,256.17,completed,2024-01-24
514,Customer_514,SMB,North,2023-06-21,51663.0,421.3,shipped,2024-02-21
514,Customer_514,SMB,North,2023-06-21,52017.0,40.57,completed,2024-03-04
514,Customer_514,SMB,North,2023-06-21,53960.0,70.18,completed,2024-05-03
514,Customer_514,SMB,North,2023-06-21,54836.0,135.93,shipped,2024-05-31
514,Customer_514,SMB,North,2023-06-21,54891.0,209.45,completed,2024-06-01
515,Customer_515,B2B,West,2023-06-21,52073.0,47.27,completed,2024-03-05
515,Customer_515,B2B,West,2023-06-21,52316.0,63.16,shipped,2024-03-13
515,Customer_515,B2B,West,2023-06-21,52484.0,121.15,shipped,2024-03-18
515,Customer_515,B2B,West,2023-06-21,52696.0,128.22,completed,2024-03-25
515,Customer_515,B2B,West,2023-06-21,53780.0,275.12,completed,2024-04-28
515,Customer_515,B2B,West,2023-06-21,54442.0,17.77,completed,2024-05-18
515,Customer_515,B2B,West,2023-06-21,54539.0,119.45,shipped,2024-05-21
516,Customer_516,B2B,West,2023-06-21,50067.0,15.24,completed,2024-01-03
516,Customer_516,B2B,West,2023-06-21,50227.0,48.86,pending,2024-01-08
516,Customer_516,B2B,West,2023-06-21,51556.0,52.32,completed,2024-02-18
516,Customer_516,B2B,West,2023-06-21,51864.0,207.51,completed,2024-02-28
516,Customer_516,B2B,West,2023-06-21,52213.0,26.38,shipped,2024-03-10
516,Customer_516,B2B,West,2023-06-21,52424.0,170.68,completed,2024-03-16
517,Customer_517,B2C,West,2023-06-22,50107.0,56.55,shipped,2024-01-04
517,Customer_517,B2C,West,2023-06-22,50965.0,117.04,shipped,2024-01-31
517,Customer_517,B2C,West,2023-06-22,50984.0,583.27,completed,2024-01-31
517,Customer_517,B2C,West,2023-06-22,52156.0,108.14,completed,2024-03-08
517,Customer_517,B2C,West,2023-06-22,54689.0,60.22,completed,2024-05-26
517,Customer_517,B2C,West,2023-06-22,54895.0,62.6,completed,2024-06-01
518,Customer_518,SMB,East,2023-06-22,50325.0,43.26,completed,2024-01-11
518,Customer_518,SMB,East,2023-06-22,50384.0,161.48,completed,2024-01-12
518,Customer_518,SMB,East,2023-06-22,50947.0,162.72,shipped,2024-01-30
518,Customer_518,SMB,East,2023-06-22,51439.0,369.65,cancelled,2024-02-14
518,Customer_518,SMB,East,2023-06-22,52437.0,102.65,pending,2024-03-17
519,Customer_519,Enterprise,Central,2023-06-22,50608.0,63.87,pending,2024-01-19
519,Customer_519,Enterprise,Central,2023-06-22,51040.0,660.18,completed,2024-02-02
519,Customer_519,Enterprise,Central,2023-06-22,51628.0,76.6,completed,2024-02-20
519,Customer_519,Enterprise,Central,2023-06-22,53281.0,249.94,completed,2024-04-12
519,Customer_519,Enterprise,Central,2023-06-22,53836.0,123.05,completed,2024-04-29
519,Customer_519,Enterprise,Central,2023-06-22,54167.0,27.52,completed,2024-05-10
520,Customer_520,B2B,West,2023-06-23,50210.0,81.35,shipped,2024-01-07
520,Customer_520,B2B,West,2023-06-23,51448.0,27.31,completed,2024-02-15
520,Customer_520,B2B,West,2023-06-23,51775.0,221.16,pending,2024-02-25
520,Customer_520,B2B,West,2023-06-23,51939.0,887.47,completed,2024-03-01
520,Customer_520,B2B,West,2023-06-23,51956.0,40.15,cancelled,2024-03-02
520,Customer_520,B2B,West,2023-06-23,51967.0,170.48,completed,2024-03-02
520,Customer_520,B2B,West,2023-06-23,52210.0,109.66,shipped,2024-03-10
520,Customer_520,B2B,West,2023-06-23,53373.0,61.95,pending,2024-04-15
520,Customer_520,B2B,West,2023-06-23,54088.0,173.25,shipped,2024-05-07
520,Customer_520,B2B,West,2023-06-23,54647.0,70.8,completed,2024-05-25
521,Customer_521,B2C,South,2023-06-23,51662.0,223.63,completed,2024-02-21
521,Customer_521,B2C,South,2023-06-23,54520.0,554.46,pending,2024-05-21
521,Customer_521,B2C,South,2023-06-23,54975.0,35.22,completed,2024-06-04
522,Customer_522,B2C,South,2023-06-23,51674.0,95.89,shipped,2024-02-22
522,Customer_522,B2C,South,2023-06-23,52050.0,263.59,completed,2024-03-05
522,Customer_522,B2C,South,2023-06-23,54842.0,412.5,cancelled,2024-05-31
523,Customer_523,Enterprise,North,2023-06-24,50622.0,477.17,completed,2024-01-20
523,Customer_523,Enterprise,North,2023-06-24,51712.0,122.63,shipped,2024-02-23
523,Customer_523,Enterprise,North,2023-06-24,51756.0,69.06,pending,2024-02-24
523,Customer_523,Enterprise,North,2023-06-24,51759.0,155.04,cancelled,2024-02-24
523,Customer_523,Enterprise,North,2023-06-24,52522.0,99.96,completed,2024-03-19
523,Customer_523,Enterprise,North,2023-06-24,53230.0,208.22,cancelled,2024-04-10
523,Customer_523,Enterprise,North,2023-06-24,54900.0,16.5,completed,2024-06-02
523,Customer_523,Enterprise,North,2023-06-24,54938.0,43.76,cancelled,2024-06-03
524,Customer_524,SMB,Central,2023-06-24,52112.0,74.46,completed,2024-03-06
524,Customer_524,SMB,Central,2023-06-24,52993.0,119.84,completed,2024-04-03
524,Customer_524,SMB,Central,2023-06-24,53803.0,105.54,completed,2024-04-28
524,Customer_524,SMB,Central,2023-06-24,54308.0,146.18,shipped,2024-05-14
525,Customer_525,SMB,West,2023-06-24,50572.0,17.96,completed,2024-01-18
525,Customer_525,SMB,West,2023-06-24,51463.0,99.1,completed,2024-02-15
525,Customer_525,SMB,West,2023-06-24,51568.0,84.33,completed,2024-02-18
525,Customer_525,SMB,West,2023-06-24,52977.0,168.22,completed,2024-04-03
525,Customer_525,SMB,West,2023-06-24,54439.0,34.29,completed,2024-05-18
525,Customer_525,SMB,West,2023-06-24,54644.0,80.9,completed,2024-05-25
526,Customer_526,B2C,South,2023-06-25,53192.0,79.64,shipped,2024-04-09
526,Customer_526,B2C,South,2023-06-25,54455.0,63.34,completed,2024-05-19
526,Customer_526,B2C,South,2023-06-25,54858.0,81.1,completed,2024-05-31
526,Customer_526,B2C,South,2023-06-25,54989.0,185.68,completed,2024-06-04
527,Customer_527,B2C,Central,2023-06-25,51767.0,165.49,completed,2024-02-25
527,Customer_527,B2C,Central,2023-06-25,52944.0,23.23,shipped,2024-04-01
527,Customer_527,B2C,Central,2023-06-25,53049.0,157.75,completed,2024-04-05
528,Customer_528,B2C,North,2023-06-25,50435.0,32.66,completed,2024-01-14
528,Customer_528,B2C,North,2023-06-25,51605.0,36.72,completed,2024-02-20
528,Customer_528,B2C,North,2023-06-25,51882.0,318.7,completed,2024-02-28
528,Customer_528,B2C,North,2023-06-25,51905.0,222.98,shipped,2024-02-29
528,Customer_528,B2C,North,2023-06-25,52937.0,232.58,completed,2024-04-01
528,Customer_528,B2C,North,2023-06-25,53630.0,324.82,completed,2024-04-23
528,Customer_528,B2C,North,2023-06-25,53986.0,195.9,completed,2024-05-04
528,Customer_528,B2C,North,2023-06-25,54187.0,55.33,pending,2024-05-10
528,Customer_528,B2C,North,2023-06-25,54398.0,15.85,completed,2024-05-17
528,Customer_528,B2C,North,2023-06-25,54862.0,119.23,completed,2024-05-31
529,Customer_529,B2B,East,2023-06-26,51368.0,37.78,cancelled,2024-02-12
529,Customer_529,B2B,East,2023-06-26,51548.0,51.4,completed,2024-02-18
529,Customer_529,B2B,East,2023-06-26,51827.0,325.33,completed,2024-02-27
529,Customer_529,B2B,East,2023-06-26,52666.0,184.0,shipped,2024-03-24
529,Customer_529,B2B,East,2023-06-26,53497.0,60.39,completed,2024-04-19
529,Customer_529,B2B,East,2023-06-26,54151.0,29.8,completed,2024-05-09
529,Customer_529,B2B,East,2023-06-26,54400.0,139.29,completed,2024-05-17
530,Customer_530,SMB,Central,2023-06-26,50531.0,30.54,completed,2024-01-17
530,Customer_530,SMB,Central,2023-06-26,50690.0,57.0,completed,2024-01-22
530,Customer_530,SMB,Central,2023-06-26,51505.0,28.28,completed,2024-02-17
530,Customer_530,SMB,Central,2023-06-26,51656.0,100.76,shipped,2024-02-21
530,Customer_530,SMB,Central,2023-06-26,51843.0,75.76,completed,2024-02-27
530,Customer_530,SMB,Central,2023-06-26,52172.0,242.3,completed,2024-03-08
530,Customer_530,SMB,Central,2023-06-26,53990.0,35.65,completed,2024-05-04
530,Customer_530,SMB,Central,2023-06-26,54373.0,386.45,completed,2024-05-16
530,Customer_530,SMB,Central,2023-06-26,54850.0,83.21,completed,2024-05-31
531,Customer_531,SMB,Central,2023-06-26,51163.0,464.57,completed,2024-02-06
531,Customer_531,SMB,Central,2023-06-26,51570.0,35.48,completed,2024-02-19
532,Customer_532,Enterprise,East,2023-06-27,50702.0,95.95,shipped,2024-01-22
532,Customer_532,Enterprise,East,2023-06-27,51875.0,119.66,completed,2024-02-28
532,Customer_532,Enterprise,East,2023-06-27,52396.0,38.52,shipped,2024-03-15
532,Customer_532,Enterprise,East,2023-06-27,52529.0,209.72,pending,2024-03-20
532,Customer_532,Enterprise,East,2023-06-27,54831.0,209.11,completed,2024-05-30
533,Customer_533,Enterprise,Central,2023-06-27,50148.0,28.56,pending,2024-01-05
533,Customer_533,Enterprise,Central,2023-06-27,50337.0,91.33,pending,2024-01-11
533,Customer_533,Enterprise,Central,2023-06-27,51960.0,64.12,completed,2024-03-02
533,Customer_533,Enterprise,Central,2023-06-27,53103.0,136.18,completed,2024-04-06
533,Customer_533,Enterprise,Central,2023-06-27,53200.0,31.13,completed,2024-04-09
533,Customer_533,Enterprise,Central,2023-06-27,53457.0,896.96,completed,2024-04-18
533,Customer_533,Enterprise,Central,2023-06-27,53465.0,41.22,completed,2024-04-18
533,Customer_533,Enterprise,Central,2023-06-27,54331.0,86.71,completed,2024-05-15
533,Customer_533,Enterprise,Central,2023-06-27,54894.0,171.03,completed,2024-06-01
534,Customer_534,B2C,North,2023-06-27,50375.0,19.82,completed,2024-01-12
534,Customer_534,B2C,North,2023-06-27,51213.0,57.85,completed,2024-02-07
534,Customer_534,B2C,North,2023-06-27,51693.0,495.52,pending,2024-02-22
534,Customer_534,B2C,North,2023-06-27,51844.0,38.94,completed,2024-02-27
534,Customer_534,B2C,North,2023-06-27,53583.0,215.52,completed,2024-04-21
534,Customer_534,B2C,North,2023-06-27,54404.0,123.96,pending,2024-05-17
535,Customer_535,SMB,North,2023-06-28,54019.0,99.77,shipped,2024-05-05
535,Customer_535,SMB,North,2023-06-28,54852.0,273.51,cancelled,2024-05-31
536,Customer_536,Enterprise,East,2023-06-28,50199.0,269.71,completed,2024-01-07
536,Customer_536,Enterprise,East,2023-06-28,52814.0,44.49,completed,2024-03-28
536,Customer_536,Enterprise,East,2023-06-28,53481.0,375.39,completed,2024-04-18
536,Customer_536,Enterprise,East,2023-06-28,53839.0,296.26,completed,2024-04-29
536,Customer_536,Enterprise,East,2023-06-28,54065.0,143.9,completed,2024-05-07
536,Customer_536,Enterprise,East,2023-06-28,54936.0,38.22,completed,2024-06-03
537,Customer_537,SMB,West,2023-06-28,50416.0,216.84,completed,2024-01-13
537,Customer_537,SMB,West,2023-06-28,50727.0,83.03,completed,2024-01-23
537,Customer_537,SMB,West,2023-06-28,52651.0,43.85,shipped,2024-03-23
537,Customer_537,SMB,West,2023-06-28,52816.0,22.32,completed,2024-03-28
537,Customer_537,SMB,West,2023-06-28,53331.0,743.98,shipped,2024-04-14
537,Customer_537,SMB,West,2023-06-28,53766.0,101.34,completed,2024-04-27
537,Customer_537,SMB,West,2023-06-28,54059.0,129.17,cancelled,2024-05-06
538,Customer_538,B2B,South,2023-06-29,50986.0,44.45,completed,2024-01-31
538,Customer_538,B2B,South,2023-06-29,52609.0,60.28,completed,2024-03-22
538,Customer_538,B2B,South,2023-06-29,54691.0,68.38,completed,2024-05-26
539,Customer_539,B2C,West,2023-06-29,,,,
540,Customer_540,B2B,Central,2023-06-29,50102.0,60.18,completed,2024-01-04
540,Customer_540,B2B,Central,2023-06-29,50140.0,32.55,cancelled,2024-01-05
540,Customer_540,B2B,Central,2023-06-29,50363.0,221.87,shipped,2024-01-12
540,Customer_540,B2B,Central,2023-06-29,50668.0,229.49,cancelled,2024-01-21
540,Customer_540,B2B,Central,2023-06-29,51171.0,69.52,completed,2024-02-06
540,Customer_540,B2B,Central,2023-06-29,51461.0,109.21,shipped,2024-02-15
540,Customer_540,B2B,Central,2023-06-29,51801.0,318.5,pending,2024-02-26
540,Customer_540,B2B,Central,2023-06-29,51824.0,183.33,shipped,2024-02-26
540,Customer_540,B2B,Central,2023-06-29,52956.0,70.4,completed,2024-04-02
540,Customer_540,B2B,Central,2023-06-29,52971.0,24.05,completed,2024-04-02
540,Customer_540,B2B,Central,2023-06-29,53219.0,76.74,pending,2024-04-10
540,Customer_540,B2B,Central,2023-06-29,53626.0,159.62,completed,2024-04-23
540,Customer_540,B2B,Central,2023-06-29,53719.0,50.82,completed,2024-04-26
541,Customer_541,Enterprise,South,2023-06-30,50550.0,43.79,completed,2024-01-18
541,Customer_541,Enterprise,South,2023-06-30,52000.0,533.73,completed,2024-03-03
541,Customer_541,Enterprise,South,2023-06-30,52056.0,97.57,shipped,2024-03-05
541,Customer_541,Enterprise,South,2023-06-30,52833.0,149.88,completed,2024-03-29
541,Customer_541,Enterprise,South,2023-06-30,54890.0,38.62,cancelled,2024-06-01
541,Customer_541,Enterprise,South,2023-06-30,54919.0,95.26,cancelled,2024-06-02
541,Customer_541,Enterprise,South,2023-06-30,54957.0,71.35,completed,2024-06-03
542,Customer_542,B2C,East,2023-06-30,50566.0,32.75,completed,2024-01-18
542,Customer_542,B2C,East,2023-06-30,50642.0,156.98,completed,2024-01-21
542,Customer_542,B2C,East,2023-06-30,50680.0,32.96,completed,2024-01-22
542,Customer_542,B2C,East,2023-06-30,50884.0,119.41,completed,2024-01-28
542,Customer_542,B2C,East,2023-06-30,51235.0,40.74,completed,2024-02-08
542,Customer_542,B2C,East,2023-06-30,51284.0,258.66,completed,2024-02-10
542,Customer_542,B2C,East,2023-06-30,52294.0,192.44,completed,2024-03-12
542,Customer_542,B2C,East,2023-06-30,52420.0,579.76,pending,2024-03-16
542,Customer_542,B2C,East,2023-06-30,53291.0,38.51,completed,2024-04-12
542,Customer_542,B2C,East,2023-06-30,54629.0,33.09,completed,2024-05-24
543,Customer_543,B2B,East,2023-06-30,50666.0,41.44,shipped,2024-01-21
543,Customer_543,B2B,East,2023-06-30,51876.0,42.28,completed,2024-02-28
544,Customer_544,B2C,South,2023-07-01,52015.0,173.66,completed,2024-03-03
544,Customer_544,B2C,South,2023-07-01,52293.0,297.16,pending,2024-03-12
544,Customer_544,B2C,South,2023-07-01,53438.0,52.13,completed,2024-04-17
544,Customer_544,B2C,South,2023-07-01,53453.0,104.56,completed,2024-04-17
544,Customer_544,B2C,South,2023-07-01,53694.0,66.9,completed,2024-04-25
544,Customer_544,B2C,South,2023-07-01,54652.0,394.9,shipped,2024-05-25
544,Customer_544,B2C,South,2023-07-01,54849.0,69.73,completed,2024-05-31
545,Customer_545,B2C,North,2023-07-01,,,,
546,Customer_546,B2C,South,2023-07-01,50053.0,25.01,shipped,2024-01-02
546,Customer_546,B2C,South,2023-07-01,50318.0,114.58,pending,2024-01-10
546,Customer_546,B2C,South,2023-07-01,53349.0,43.53,completed,2024-04-14
546,Customer_546,B2C,South,2023-07-01,54840.0,142.56,completed,2024-05-31
547,Customer_547,B2B,Central,2023-07-02,51422.0,212.69,completed,2024-02-14
547,Customer_547,B2B,Central,2023-07-02,51602.0,27.33,shipped,2024-02-20
547,Customer_547,B2B,Central,2023-07-02,52054.0,75.75,completed,2024-03-05
547,Customer_547,B2B,Central,2023-07-02,52436.0,41.9,completed,2024-03-17
547,Customer_547,B2B,Central,2023-07-02,53616.0,198.1,completed,2024-04-22
547,Customer_547,B2B,Central,2023-07-02,53796.0,259.85,completed,2024-04-28
547,Customer_547,B2B,Central,2023-07-02,54122.0,243.12,completed,2024-05-08
548,Customer_548,B2C,North,2023-07-02,50057.0,261.92,shipped,2024-01-02
548,Customer_548,B2C,North,2023-07-02,51755.0,61.28,cancelled,2024-02-24
548,Customer_548,B2C,North,2023-07-02,52988.0,277.65,completed,2024-04-03
548,Customer_548,B2C,North,2023-07-02,53829.0,26.72,completed,2024-04-29
549,Customer_549,B2C,East,2023-07-02,51584.0,144.75,completed,2024-02-19
549,Customer_549,B2C,East,2023-07-02,51631.0,419.33,shipped,2024-02-20
549,Customer_549,B2C,East,2023-07-02,52070.0,465.39,completed,2024-03-05
549,Customer_549,B2C,East,2023-07-02,52623.0,86.43,completed,2024-03-22
549,Customer_549,B2C,East,2023-07-02,53414.0,318.34,completed,2024-04-16
549,Customer_549,B2C,East,2023-07-02,53474.0,52.65,completed,2024-04-18
549,Customer_549,B2C,East,2023-07-02,54799.0,110.95,completed,2024-05-29
549,Customer_549,B2C,East,2023-07-02,54971.0,33.38,completed,2024-06-04
550,Customer_550,SMB,South,2023-07-03,50454.0,18.51,completed,2024-01-15
550,Customer_550,SMB,South,2023-07-03,50519.0,55.92,shipped,2024-01-17
550,Customer_550,SMB,South,2023-07-03,50859.0,329.14,completed,2024-01-27
550,Customer_550,SMB,South,2023-07-03,50881.0,66.67,cancelled,2024-01-28
550,Customer_550,SMB,South,2023-07-03,52181.0,29.08,completed,2024-03-09
550,Customer_550,SMB,South,2023-07-03,52473.0,460.99,shipped,2024-03-18
550,Customer_550,SMB,South,2023-07-03,53268.0,288.41,pending,2024-04-12
550,Customer_550,SMB,South,2023-07-03,53933.0,27.19,completed,2024-05-02
551,Customer_551,B2C,West,2023-07-03,51148.0,167.28,completed,2024-02-05
551,Customer_551,B2C,West,2023-07-03,51635.0,89.09,pending,2024-02-21
551,Customer_551,B2C,West,2023-07-03,53290.0,27.12,completed,2024-04-12
551,Customer_551,B2C,West,2023-07-03,53700.0,106.9,completed,2024-04-25
551,Customer_551,B2C,West,2023-07-03,54045.0,275.58,shipped,2024-05-06
551,Customer_551,B2C,West,2023-07-03,54289.0,73.3,completed,2024-05-14
551,Customer_551,B2C,West,2023-07-03,54501.0,546.97,cancelled,2024-05-20
551,Customer_551,B2C,West,2023-07-03,54967.0,18.04,shipped,2024-06-04
552,Customer_552,SMB,West,2023-07-03,50557.0,127.37,completed,2024-01-18
552,Customer_552,SMB,West,2023-07-03,52315.0,131.79,cancelled,2024-03-13
552,Customer_552,SMB,West,2023-07-03,53008.0,208.35,completed,2024-04-03
553,Customer_553,B2C,Central,2023-07-04,50175.0,114.07,pending,2024-01-06
553,Customer_553,B2C,Central,2023-07-04,51158.0,158.42,shipped,2024-02-06
553,Customer_553,B2C,Central,2023-07-04,51489.0,57.99,completed,2024-02-16
553,Customer_553,B2C,Central,2023-07-04,52063.0,90.48,completed,2024-03-05
553,Customer_553,B2C,Central,2023-07-04,53763.0,189.21,completed,2024-04-27
554,Customer_554,B2C,West,2023-07-04,50178.0,41.65,completed,2024-01-06
554,Customer_554,B2C,West,2023-07-04,51553.0,252.03,completed,2024-02-18
554,Customer_554,B2C,West,2023-07-04,51868.0,120.55,completed,2024-02-28
554,Customer_554,B2C,West,2023-07-04,52819.0,144.93,completed,2024-03-29
554,Customer_554,B2C,West,2023-07-04,52936.0,57.08,pending,2024-04-01
554,Customer_554,B2C,West,2023-07-04,54037.0,162.09,completed,2024-05-06
555,Customer_555,SMB,South,2023-07-04,51053.0,65.61,completed,2024-02-02
555,Customer_555,SMB,South,2023-07-04,51162.0,133.27,completed,2024-02-06
555,Customer_555,SMB,South,2023-07-04,52141.0,95.34,completed,2024-03-07
555,Customer_555,SMB,South,2023-07-04,52150.0,253.97,completed,2024-03-08
555,Customer_555,SMB,South,2023-07-04,52862.0,678.12,completed,2024-03-30
556,Customer_556,B2C,South,2023-07-05,51376.0,26.46,cancelled,2024-02-12
556,Customer_556,B2C,South,2023-07-05,51377.0,163.78,shipped,2024-02-13
556,Customer_556,B2C,South,2023-07-05,51617.0,250.33,completed,2024-02-20
556,Customer_556,B2C,South,2023-07-05,52370.0,222.8,completed,2024-03-15
556,Customer_556,B2C,South,2023-07-05,53087.0,84.29,shipped,2024-04-06
557,Customer_557,B2B,West,2023-07-05,52309.0,82.48,completed,2024-03-13
557,Customer_557,B2B,West,2023-07-05,52698.0,533.34,completed,2024-03-25
557,Customer_557,B2B,West,2023-07-05,53294.0,306.15,shipped,2024-04-12
557,Customer_557,B2B,West,2023-07-05,53952.0,50.33,completed,2024-05-03
557,Customer_557,B2B,West,2023-07-05,54362.0,48.85,pending,2024-05-16
557,Customer_557,B2B,West,2023-07-05,54963.0,60.65,completed,2024-06-04
557,Customer_557,B2B,West,2023-07-05,54984.0,142.1,pending,2024-06-04
558,Customer_558,B2B,South,2023-07-05,50276.0,122.46,completed,2024-01-09
558,Customer_558,B2B,South,2023-07-05,50949.0,536.25,completed,2024-01-30
558,Customer_558,B2B,South,2023-07-05,51105.0,139.05,shipped,2024-02-04
558,Customer_558,B2B,South,2023-07-05,51400.0,106.72,completed,2024-02-13
558,Customer_558,B2B,South,2023-07-05,52633.0,15.4,pending,2024-03-23
558,Customer_558,B2B,South,2023-07-05,52685.0,109.09,completed,2024-03-24
558,Customer_558,B2B,South,2023-07-05,54085.0,136.93,completed,2024-05-07
558,Customer_558,B2B,South,2023-07-05,54219.0,87.31,shipped,2024-05-11
558,Customer_558,B2B,South,2023-07-05,54443.0,89.03,shipped,2024-05-18
558,Customer_558,B2B,South,2023-07-05,54524.0,91.61,pending,2024-05-21
559,Customer_559,SMB,Central,2023-07-06,50029.0,111.96,completed,2024-01-01
559,Customer_559,SMB,Central,2023-07-06,50031.0,155.36,completed,2024-01-01
559,Customer_559,SMB,Central,2023-07-06,50287.0,99.45,pending,2024-01-09
559,Customer_559,SMB,Central,2023-07-06,50518.0,105.83,shipped,2024-01-17
559,Customer_559,SMB,Central,2023-07-06,51871.0,356.31,pending,2024-02-28
559,Customer_559,SMB,Central,2023-07-06,52085.0,220.99,completed,2024-03-06
559,Customer_559,SMB,Central,2023-07-06,52878.0,65.51,completed,2024-03-30
559,Customer_559,SMB,Central,2023-07-06,53336.0,144.67,shipped,2024-04-14
559,Customer_559,SMB,Central,2023-07-06,53750.0,237.11,completed,2024-04-27
559,Customer_559,SMB,Central,2023-07-06,54457.0,85.46,completed,2024-05-19
559,Customer_559,SMB,Central,2023-07-06,54973.0,30.62,shipped,2024-06-04
560,Customer_560,B2C,North,2023-07-06,51640.0,179.1,completed,2024-02-21
560,Customer_560,B2C,North,2023-07-06,51806.0,304.39,completed,2024-02-26
560,Customer_560,B2C,North,2023-07-06,52022.0,87.45,cancelled,2024-03-04
560,Customer_560,B2C,North,2023-07-06,52058.0,65.7,completed,2024-03-05
560,Customer_560,B2C,North,2023-07-06,52176.0,311.3,shipped,2024-03-08
560,Customer_560,B2C,North,2023-07-06,54246.0,129.46,pending,2024-05-12
560,Customer_560,B2C,North,2023-07-06,54273.0,659.24,completed,2024-05-13
561,Customer_561,SMB,Central,2023-07-06,50937.0,870.83,completed,2024-01-30
561,Customer_561,SMB,Central,2023-07-06,51579.0,132.53,completed,2024-02-19
561,Customer_561,SMB,Central,2023-07-06,51948.0,24.18,completed,2024-03-01
561,Customer_561,SMB,Central,2023-07-06,53581.0,44.18,completed,2024-04-21
561,Customer_561,SMB,Central,2023-07-06,54961.0,336.26,completed,2024-06-04
562,Customer_562,B2B,Central,2023-07-07,50565.0,189.41,completed,2024-01-18
562,Customer_562,B2B,Central,2023-07-07,51090.0,80.6,completed,2024-02-04
562,Customer_562,B2B,Central,2023-07-07,53392.0,366.77,completed,2024-04-15
563,Customer_563,B2B,South,2023-07-07,50326.0,174.1,completed,2024-01-11
563,Customer_563,B2B,South,2023-07-07,50902.0,37.48,completed,2024-01-29
563,Customer_563,B2B,South,2023-07-07,51279.0,64.02,completed,2024-02-09
563,Customer_563,B2B,South,2023-07-07,51321.0,81.75,completed,2024-02-11
563,Customer_563,B2B,South,2023-07-07,52142.0,27.89,completed,2024-03-07
563,Customer_563,B2B,South,2023-07-07,52273.0,257.17,cancelled,2024-03-12
563,Customer_563,B2B,South,2023-07-07,52572.0,58.94,completed,2024-03-21
563,Customer_563,B2B,South,2023-07-07,52905.0,508.54,completed,2024-03-31
563,Customer_563,B2B,South,2023-07-07,53789.0,164.81,completed,2024-04-28
564,Customer_564,B2B,North,2023-07-07,51218.0,335.21,completed,2024-02-08
564,Customer_564,B2B,North,2023-07-07,51902.0,209.29,shipped,2024-02-29
564,Customer_564,B2B,North,2023-07-07,52307.0,631.96,completed,2024-03-13
564,Customer_564,B2B,North,2023-07-07,54526.0,128.66,completed,2024-05-21
565,Customer_565,B2C,South,2023-07-08,51331.0,172.27,completed,2024-02-11
565,Customer_565,B2C,South,2023-07-08,52560.0,130.89,completed,2024-03-20
565,Customer_565,B2C,South,2023-07-08,52808.0,265.93,cancelled,2024-03-28
565,Customer_565,B2C,South,2023-07-08,54695.0,83.29,pending,2024-05-26
566,Customer_566,B2C,East,2023-07-08,50284.0,256.24,completed,2024-01-09
566,Customer_566,B2C,East,2023-07-08,50695.0,144.1,pending,2024-01-22
566,Customer_566,B2C,East,2023-07-08,52304.0,189.47,completed,2024-03-12
566,Customer_566,B2C,East,2023-07-08,53149.0,190.42,completed,2024-04-08
566,Customer_566,B2C,East,2023-07-08,53204.0,157.32,completed,2024-04-10
566,Customer_566,B2C,East,2023-07-08,54089.0,46.38,completed,2024-05-07
566,Customer_566,B2C,East,2023-07-08,54978.0,187.51,shipped,2024-06-04
567,Customer_567,B2C,South,2023-07-08,50548.0,45.63,completed,2024-01-18
567,Customer_567,B2C,South,2023-07-08,51253.0,39.96,completed,2024-02-09
567,Customer_567,B2C,South,2023-07-08,51643.0,155.56,shipped,2024-02-21
567,Customer_567,B2C,South,2023-07-08,52655.0,224.72,completed,2024-03-23
567,Customer_567,B2C,South,2023-07-08,53595.0,124.44,completed,2024-04-22
567,Customer_567,B2C,South,2023-07-08,53721.0,35.1,completed,2024-04-26
567,Customer_567,B2C,South,2023-07-08,54399.0,19.54,shipped,2024-05-17
568,Customer_568,B2C,South,2023-07-09,50830.0,19.61,pending,2024-01-26
568,Customer_568,B2C,South,2023-07-09,51964.0,15.54,completed,2024-03-02
568,Customer_568,B2C,South,2023-07-09,52615.0,41.63,completed,2024-03-22
568,Customer_568,B2C,South,2023-07-09,53535.0,341.32,completed,2024-04-20
568,Customer_568,B2C,South,2023-07-09,53881.0,30.85,shipped,2024-05-01
569,Customer_569,Enterprise,South,2023-07-09,52109.0,152.51,cancelled,2024-03-06
569,Customer_569,Enterprise,South,2023-07-09,52398.0,90.12,completed,2024-03-15
569,Customer_569,Enterprise,South,2023-07-09,53394.0,63.12,completed,2024-04-16
569,Customer_569,Enterprise,South,2023-07-09,53434.0,47.59,completed,2024-04-17
569,Customer_569,Enterprise,South,2023-07-09,54477.0,48.53,shipped,2024-05-19
570,Customer_570,B2C,North,2023-07-09,50488.0,146.35,completed,2024-01-16
570,Customer_570,B2C,North,2023-07-09,50597.0,83.46,pending,2024-01-19
570,Customer_570,B2C,North,2023-07-09,51347.0,16.52,shipped,2024-02-12
570,Customer_570,B2C,North,2023-07-09,51367.0,118.97,shipped,2024-02-12
570,Customer_570,B2C,North,2023-07-09,52305.0,110.31,completed,2024-03-13
571,Customer_571,B2C,South,2023-07-10,50018.0,1235.63,completed,2024-01-01
571,Customer_571,B2C,South,2023-07-10,50255.0,25.29,completed,2024-01-08
571,Customer_571,B2C,South,2023-07-10,50367.0,51.24,completed,2024-01-12
571,Customer_571,B2C,South,2023-07-10,51625.0,152.34,pending,2024-02-20
571,Customer_571,B2C,South,2023-07-10,52046.0,70.56,completed,2024-03-04
571,Customer_571,B2C,South,2023-07-10,53180.0,121.16,completed,2024-04-09
571,Customer_571,B2C,South,2023-07-10,53339.0,342.04,completed,2024-04-14
571,Customer_571,B2C,South,2023-07-10,54113.0,138.06,completed,2024-05-08
571,Customer_571,B2C,South,2023-07-10,54499.0,56.13,completed,2024-05-20
571,Customer_571,B2C,South,2023-07-10,54657.0,113.74,completed,2024-05-25
572,Customer_572,SMB,North,2023-07-10,50132.0,372.6,completed,2024-01-05
572,Customer_572,SMB,North,2023-07-10,50209.0,496.44,completed,2024-01-07
572,Customer_572,SMB,North,2023-07-10,53639.0,39.62,completed,2024-04-23
572,Customer_572,SMB,North,2023-07-10,54259.0,109.6,completed,2024-05-13
573,Customer_573,B2C,West,2023-07-10,50551.0,298.36,shipped,2024-01-18
573,Customer_573,B2C,West,2023-07-10,51337.0,112.08,completed,2024-02-11
573,Customer_573,B2C,West,2023-07-10,52376.0,144.58,completed,2024-03-15
573,Customer_573,B2C,West,2023-07-10,52717.0,84.85,completed,2024-03-25
573,Customer_573,B2C,West,2023-07-10,52820.0,363.72,completed,2024-03-29
573,Customer_573,B2C,West,2023-07-10,53412.0,146.24,completed,2024-04-16
573,Customer_573,B2C,West,2023-07-10,53891.0,73.42,shipped,2024-05-01
573,Customer_573,B2C,West,2023-07-10,54133.0,133.46,completed,2024-05-09
573,Customer_573,B2C,West,2023-07-10,54718.0,96.15,completed,2024-05-27
573,Customer_573,B2C,West,2023-07-10,54720.0,40.08,completed,2024-05-27
573,Customer_573,B2C,West,2023-07-10,54921.0,45.54,completed,2024-06-02
574,Customer_574,B2C,East,2023-07-11,50669.0,408.63,pending,2024-01-21
574,Customer_574,B2C,East,2023-07-11,51266.0,56.93,cancelled,2024-02-09
574,Customer_574,B2C,East,2023-07-11,51538.0,143.2,completed,2024-02-18
574,Customer_574,B2C,East,2023-07-11,52612.0,19.98,completed,2024-03-22
574,Customer_574,B2C,East,2023-07-11,53708.0,32.17,completed,2024-04-25
574,Customer_574,B2C,East,2023-07-11,54792.0,60.82,completed,2024-05-29
575,Customer_575,SMB,North,2023-07-11,50086.0,15.24,completed,2024-01-03
575,Customer_575,SMB,North,2023-07-11,50763.0,79.83,shipped,2024-01-24
575,Customer_575,SMB,North,2023-07-11,50850.0,136.32,completed,2024-01-27
575,Customer_575,SMB,North,2023-07-11,52594.0,23.66,cancelled,2024-03-22
575,Customer_575,SMB,North,2023-07-11,52851.0,24.74,cancelled,2024-03-30
575,Customer_575,SMB,North,2023-07-11,54742.0,67.84,completed,2024-05-28
575,Customer_575,SMB,North,2023-07-11,54917.0,35.67,shipped,2024-06-02
576,Customer_576,Enterprise,West,2023-07-11,50327.0,18.87,shipped,2024-01-11
576,Customer_576,Enterprise,West,2023-07-11,51141.0,16.17,completed,2024-02-05
576,Customer_576,Enterprise,West,2023-07-11,52124.0,442.47,cancelled,2024-03-07
576,Customer_576,Enterprise,West,2023-07-11,54166.0,58.26,completed,2024-05-10
576,Customer_576,Enterprise,West,2023-07-11,54761.0,233.01,completed,2024-05-28
577,Customer_577,B2B,North,2023-07-12,50096.0,210.13,completed,2024-01-03
577,Customer_577,B2B,North,2023-07-12,50655.0,249.65,completed,2024-01-21
577,Customer_577,B2B,North,2023-07-12,52071.0,26.28,completed,2024-03-05
578,Customer_578,Enterprise,North,2023-07-12,52884.0,67.8,cancelled,2024-03-31
578,Customer_578,Enterprise,North,2023-07-12,54871.0,164.77,shipped,2024-06-01
579,Customer_579,B2C,East,2023-07-12,50990.0,370.3,shipped,2024-01-31
579,Customer_579,B2C,East,2023-07-12,51293.0,63.35,completed,2024-02-10
579,Customer_579,B2C,East,2023-07-12,52745.0,235.08,completed,2024-03-26
579,Customer_579,B2C,East,2023-07-12,53770.0,419.13,completed,2024-04-27
579,Customer_579,B2C,East,2023-07-12,54137.0,106.02,completed,2024-05-09
580,Customer_580,B2C,Central,2023-07-13,50811.0,270.82,completed,2024-01-26
580,Customer_580,B2C,Central,2023-07-13,50927.0,72.44,completed,2024-01-29
580,Customer_580,B2C,Central,2023-07-13,51542.0,51.74,pending,2024-02-18
580,Customer_580,B2C,Central,2023-07-13,53093.0,166.11,completed,2024-04-06
580,Customer_580,B2C,Central,2023-07-13,53263.0,347.82,completed,2024-04-11
581,Customer_581,B2C,Central,2023-07-13,50139.0,116.0,completed,2024-01-05
581,Customer_581,B2C,Central,2023-07-13,51087.0,24.2,completed,2024-02-03
581,Customer_581,B2C,Central,2023-07-13,51736.0,144.52,pending,2024-02-24
581,Customer_581,B2C,Central,2023-07-13,54899.0,128.01,completed,2024-06-02
582,Customer_582,Enterprise,North,2023-07-13,50516.0,155.46,completed,2024-01-17
582,Customer_582,Enterprise,North,2023-07-13,50725.0,63.47,completed,2024-01-23
582,Customer_582,Enterprise,North,2023-07-13,50970.0,202.12,completed,2024-01-31
582,Customer_582,Enterprise,North,2023-07-13,51800.0,384.82,completed,2024-02-26
582,Customer_582,Enterprise,North,2023-07-13,52139.0,221.59,completed,2024-03-07
582,Customer_582,Enterprise,North,2023-07-13,52627.0,206.85,completed,2024-03-23
582,Customer_582,Enterprise,North,2023-07-13,53752.0,217.36,completed,2024-04-27
582,Customer_582,Enterprise,North,2023-07-13,54768.0,19.89,completed,2024-05-28
582,Customer_582,Enterprise,North,2023-07-13,54910.0,723.01,shipped,2024-06-02
583,Customer_583,B2C,South,2023-07-14,51006.0,73.88,completed,2024-02-01
583,Customer_583,B2C,South,2023-07-14,52827.0,162.5,shipped,2024-03-29
583,Customer_583,B2C,South,2023-07-14,54359.0,32.26,completed,2024-05-16
583,Customer_583,B2C,South,2023-07-14,54918.0,20.25,completed,2024-06-02
584,Customer_584,B2C,West,2023-07-14,50358.0,107.29,shipped,2024-01-12
584,Customer_584,B2C,West,2023-07-14,53306.0,185.15,completed,2024-04-13
584,Customer_584,B2C,West,2023-07-14,53948.0,343.26,completed,2024-05-03
584,Customer_584,B2C,West,2023-07-14,54014.0,90.03,pending,2024-05-05
584,Customer_584,B2C,West,2023-07-14,54245.0,187.99,completed,2024-05-12
584,Customer_584,B2C,West,2023-07-14,54343.0,85.2,cancelled,2024-05-15
584,Customer_584,B2C,West,2023-07-14,54515.0,66.68,completed,2024-05-21
585,Customer_585,B2C,South,2023-07-14,52270.0,59.44,completed,2024-03-11
586,Customer_586,B2B,South,2023-07-15,50487.0,291.71,pending,2024-01-16
586,Customer_586,B2B,South,2023-07-15,52228.0,58.46,shipped,2024-03-10
586,Customer_586,B2B,South,2023-07-15,53174.0,86.26,completed,2024-04-09
586,Customer_586,B2B,South,2023-07-15,53286.0,108.56,pending,2024-04-12
586,Customer_586,B2B,South,2023-07-15,53736.0,102.31,completed,2024-04-26
587,Customer_587,B2B,North,2023-07-15,51702.0,161.39,completed,2024-02-23
587,Customer_587,B2B,North,2023-07-15,52783.0,344.58,shipped,2024-03-27
587,Customer_587,B2B,North,2023-07-15,53179.0,200.02,completed,2024-04-09
587,Customer_587,B2B,North,2023-07-15,53251.0,112.96,completed,2024-04-11
587,Customer_587,B2B,North,2023-07-15,53396.0,283.82,completed,2024-04-16
587,Customer_587,B2B,North,2023-07-15,54390.0,138.02,completed,2024-05-17
588,Customer_588,B2B,North,2023-07-15,50552.0,68.11,pending,2024-01-18
588,Customer_588,B2B,North,2023-07-15,51137.0,85.17,completed,2024-02-05
588,Customer_588,B2B,North,2023-07-15,51904.0,35.85,completed,2024-02-29
588,Customer_588,B2B,North,2023-07-15,52059.0,537.28,completed,2024-03-05
588,Customer_588,B2B,North,2023-07-15,52697.0,25.72,completed,2024-03-25
588,Customer_588,B2B,North,2023-07-15,53784.0,53.51,shipped,2024-04-28
588,Customer_588,B2B,North,2023-07-15,54006.0,15.85,completed,2024-05-05
588,Customer_588,B2B,North,2023-07-15,54012.0,480.26,completed,2024-05-05
589,Customer_589,B2B,North,2023-07-16,50398.0,65.86,completed,2024-01-13
589,Customer_589,B2B,North,2023-07-16,50724.0,276.17,completed,2024-01-23
589,Customer_589,B2B,North,2023-07-16,50828.0,61.37,completed,2024-01-26
589,Customer_589,B2B,North,2023-07-16,51848.0,46.17,completed,2024-02-27
589,Customer_589,B2B,North,2023-07-16,52482.0,269.43,completed,2024-03-18
589,Customer_589,B2B,North,2023-07-16,54324.0,32.06,completed,2024-05-15
590,Customer_590,B2B,North,2023-07-16,53086.0,187.91,completed,2024-04-06
590,Customer_590,B2B,North,2023-07-16,53755.0,77.3,completed,2024-04-27
590,Customer_590,B2B,North,2023-07-16,54648.0,241.05,completed,2024-05-25
591,Customer_591,B2B,Central,2023-07-16,50041.0,25.35,completed,2024-01-02
591,Customer_591,B2B,Central,2023-07-16,52001.0,106.18,completed,2024-03-03
591,Customer_591,B2B,Central,2023-07-16,52709.0,222.61,shipped,2024-03-25
591,Customer_591,B2B,Central,2023-07-16,53698.0,47.87,completed,2024-04-25
592,Customer_592,B2C,North,2023-07-17,50870.0,253.58,completed,2024-01-28
592,Customer_592,B2C,North,2023-07-17,53228.0,262.84,cancelled,2024-04-10
592,Customer_592,B2C,North,2023-07-17,54677.0,57.46,pending,2024-05-26
593,Customer_593,B2B,Central,2023-07-17,51555.0,142.74,completed,2024-02-18
593,Customer_593,B2B,Central,2023-07-17,53067.0,294.98,completed,2024-04-05
593,Customer_593,B2B,Central,2023-07-17,53523.0,687.12,pending,2024-04-20
593,Customer_593,B2B,Central,2023-07-17,54281.0,207.54,pending,2024-05-13
594,Customer_594,B2C,Central,2023-07-17,50989.0,86.01,completed,2024-01-31
594,Customer_594,B2C,Central,2023-07-17,51821.0,94.54,completed,2024-02-26
594,Customer_594,B2C,Central,2023-07-17,54125.0,79.32,cancelled,2024-05-08
595,Customer_595,SMB,North,2023-07-18,51310.0,478.18,completed,2024-02-10
595,Customer_595,SMB,North,2023-07-18,51680.0,428.15,completed,2024-02-22
595,Customer_595,SMB,North,2023-07-18,52094.0,213.33,completed,2024-03-06
595,Customer_595,SMB,North,2023-07-18,54545.0,27.54,pending,2024-05-22
596,Customer_596,B2C,East,2023-07-18,51470.0,19.89,completed,2024-02-15
596,Customer_596,B2C,East,2023-07-18,52526.0,170.67,completed,2024-03-19
596,Customer_596,B2C,East,2023-07-18,52707.0,42.66,shipped,2024-03-25
596,Customer_596,B2C,East,2023-07-18,52990.0,190.12,completed,2024-04-03
596,Customer_596,B2C,East,2023-07-18,53100.0,68.36,completed,2024-04-06
596,Customer_596,B2C,East,2023-07-18,53260.0,72.48,completed,2024-04-11
596,Customer_596,B2C,East,2023-07-18,53458.0,242.25,completed,2024-04-18
596,Customer_596,B2C,East,2023-07-18,53791.0,54.63,completed,2024-04-28
596,Customer_596,B2C,East,2023-07-18,54755.0,51.22,completed,2024-05-28
597,Customer_597,B2C,West,2023-07-18,51092.0,1154.04,completed,2024-02-04
597,Customer_597,B2C,West,2023-07-18,51506.0,161.32,completed,2024-02-17
597,Customer_597,B2C,West,2023-07-18,53558.0,191.59,completed,2024-04-21
597,Customer_597,B2C,West,2023-07-18,54893.0,100.11,completed,2024-06-01
598,Customer_598,B2B,South,2023-07-19,50085.0,194.59,completed,2024-01-03
598,Customer_598,B2B,South,2023-07-19,50183.0,115.29,shipped,2024-01-06
598,Customer_598,B2B,South,2023-07-19,50399.0,41.21,shipped,2024-01-13
598,Customer_598,B2B,South,2023-07-19,50744.0,162.14,shipped,2024-01-24
598,Customer_598,B2B,South,2023-07-19,51179.0,116.19,shipped,2024-02-06
598,Customer_598,B2B,South,2023-07-19,51754.0,95.75,pending,2024-02-24
598,Customer_598,B2B,South,2023-07-19,53029.0,144.33,completed,2024-04-04
598,Customer_598,B2B,South,2023-07-19,53851.0,23.22,completed,2024-04-30
598,Customer_598,B2B,South,2023-07-19,54502.0,246.48,pending,2024-05-20
599,Customer_599,B2B,Central,2023-07-19,50560.0,76.99,completed,2024-01-18
599,Customer_599,B2B,Central,2023-07-19,50659.0,21.32,completed,2024-01-21
599,Customer_599,B2B,Central,2023-07-19,51520.0,138.0,completed,2024-02-17
599,Customer_599,B2B,Central,2023-07-19,52028.0,34.94,completed,2024-03-04
599,Customer_599,B2B,Central,2023-07-19,52119.0,107.7,shipped,2024-03-07
600,Customer_600,B2B,West,2023-07-19,50400.0,64.73,completed,2024-01-13
600,Customer_600,B2B,West,2023-07-19,51412.0,143.42,completed,2024-02-14
600,Customer_600,B2B,West,2023-07-19,51449.0,230.95,completed,2024-02-15
601,Customer_601,B2B,East,2023-07-20,50517.0,31.6,completed,2024-01-17
601,Customer_601,B2B,East,2023-07-20,50793.0,147.55,completed,2024-01-25
601,Customer_601,B2B,East,2023-07-20,51860.0,50.7,completed,2024-02-28
601,Customer_601,B2B,East,2023-07-20,52287.0,115.63,completed,2024-03-12
601,Customer_601,B2B,East,2023-07-20,52440.0,113.6,completed,2024-03-17
601,Customer_601,B2B,East,2023-07-20,52566.0,412.66,completed,2024-03-21
601,Customer_601,B2B,East,2023-07-20,54421.0,132.43,shipped,2024-05-18
602,Customer_602,B2C,South,2023-07-20,51611.0,80.45,completed,2024-02-20
602,Customer_602,B2C,South,2023-07-20,52382.0,61.76,completed,2024-03-15
602,Customer_602,B2C,South,2023-07-20,53471.0,100.39,shipped,2024-04-18
602,Customer_602,B2C,South,2023-07-20,53537.0,37.35,completed,2024-04-20
602,Customer_602,B2C,South,2023-07-20,53903.0,332.92,shipped,2024-05-01
602,Customer_602,B2C,South,2023-07-20,53953.0,616.59,completed,2024-05-03
602,Customer_602,B2C,South,2023-07-20,54587.0,73.95,completed,2024-05-23
602,Customer_602,B2C,South,2023-07-20,54970.0,221.43,completed,2024-06-04
603,Customer_603,B2B,South,2023-07-20,50309.0,234.13,completed,2024-01-10
603,Customer_603,B2B,South,2023-07-20,50410.0,47.9,completed,2024-01-13
603,Customer_603,B2B,South,2023-07-20,51911.0,251.26,completed,2024-02-29
603,Customer_603,B2B,South,2023-07-20,52561.0,250.65,completed,2024-03-21
604,Customer_604,B2B,Central,2023-07-21,51909.0,73.39,completed,2024-02-29
604,Customer_604,B2B,Central,2023-07-21,52385.0,212.15,shipped,2024-03-15
604,Customer_604,B2B,Central,2023-07-21,52490.0,24.26,completed,2024-03-18
604,Customer_604,B2B,Central,2023-07-21,53575.0,22.38,pending,2024-04-21
604,Customer_604,B2B,Central,2023-07-21,54743.0,275.24,completed,2024-05-28
605,Customer_605,B2B,North,2023-07-21,50134.0,184.56,completed,2024-01-05
605,Customer_605,B2B,North,2023-07-21,50213.0,755.69,completed,2024-01-07
605,Customer_605,B2B,North,2023-07-21,50359.0,79.58,completed,2024-01-12
605,Customer_605,B2B,North,2023-07-21,51127.0,285.55,completed,2024-02-05
605,Customer_605,B2B,North,2023-07-21,51826.0,103.45,pending,2024-02-27
605,Customer_605,B2B,North,2023-07-21,54189.0,479.0,shipped,2024-05-10
606,Customer_606,B2C,East,2023-07-21,50495.0,66.89,completed,2024-01-16
606,Customer_606,B2C,East,2023-07-21,50514.0,797.07,completed,2024-01-17
606,Customer_606,B2C,East,2023-07-21,50909.0,92.08,pending,2024-01-29
606,Customer_606,B2C,East,2023-07-21,50920.0,100.55,pending,2024-01-29
606,Customer_606,B2C,East,2023-07-21,51701.0,68.41,completed,2024-02-23
606,Customer_606,B2C,East,2023-07-21,52027.0,262.6,shipped,2024-03-04
606,Customer_606,B2C,East,2023-07-21,52247.0,330.35,completed,2024-03-11
606,Customer_606,B2C,East,2023-07-21,53128.0,92.03,shipped,2024-04-07
606,Customer_606,B2C,East,2023-07-21,53156.0,32.76,completed,2024-04-08
606,Customer_606,B2C,East,2023-07-21,53293.0,18.41,completed,2024-04-12
607,Customer_607,B2B,Central,2023-07-22,50244.0,37.26,completed,2024-01-08
607,Customer_607,B2B,Central,2023-07-22,50369.0,120.81,completed,2024-01-12
607,Customer_607,B2B,Central,2023-07-22,51574.0,60.97,completed,2024-02-19
607,Customer_607,B2B,Central,2023-07-22,52755.0,148.2,completed,2024-03-27
607,Customer_607,B2B,Central,2023-07-22,53385.0,274.01,completed,2024-04-15
607,Customer_607,B2B,Central,2023-07-22,54301.0,40.86,completed,2024-05-14
607,Customer_607,B2B,Central,2023-07-22,54328.0,51.97,completed,2024-05-15
607,Customer_607,B2B,Central,2023-07-22,54456.0,87.12,pending,2024-05-19
607,Customer_607,B2B,Central,2023-07-22,54710.0,139.86,completed,2024-05-27
608,Customer_608,B2C,East,2023-07-22,51152.0,282.56,completed,2024-02-05
608,Customer_608,B2C,East,2023-07-22,51747.0,32.12,completed,2024-02-24
608,Customer_608,B2C,East,2023-07-22,51862.0,98.64,completed,2024-02-28
608,Customer_608,B2C,East,2023-07-22,52734.0,17.0,completed,2024-03-26
608,Customer_608,B2C,East,2023-07-22,53308.0,58.58,pending,2024-04-13
608,Customer_608,B2C,East,2023-07-22,54827.0,148.12,completed,2024-05-30
609,Customer_609,B2C,North,2023-07-22,54165.0,109.73,completed,2024-05-10
610,Customer_610,B2C,North,2023-07-23,50065.0,97.73,shipped,2024-01-03
610,Customer_610,B2C,North,2023-07-23,50285.0,78.57,completed,2024-01-09
610,Customer_610,B2C,North,2023-07-23,51598.0,184.56,completed,2024-02-19
610,Customer_610,B2C,North,2023-07-23,51739.0,18.21,completed,2024-02-24
610,Customer_610,B2C,North,2023-07-23,52140.0,58.62,completed,2024-03-07
610,Customer_610,B2C,North,2023-07-23,53524.0,153.19,completed,2024-04-20
610,Customer_610,B2C,North,2023-07-23,54381.0,18.14,completed,2024-05-16
610,Customer_610,B2C,North,2023-07-23,54928.0,99.95,completed,2024-06-02
611,Customer_611,B2B,Central,2023-07-23,50391.0,122.08,completed,2024-01-13
611,Customer_611,B2B,Central,2023-07-23,50544.0,16.09,completed,2024-01-17
611,Customer_611,B2B,Central,2023-07-23,50619.0,46.99,completed,2024-01-20
611,Customer_611,B2B,Central,2023-07-23,50874.0,72.44,completed,2024-01-28
611,Customer_611,B2B,Central,2023-07-23,51572.0,110.67,completed,2024-02-19
611,Customer_611,B2B,Central,2023-07-23,53054.0,35.33,cancelled,2024-04-05
611,Customer_611,B2B,Central,2023-07-23,53484.0,36.0,completed,2024-04-18
611,Customer_611,B2B,Central,2023-07-23,53946.0,77.1,completed,2024-05-03
611,Customer_611,B2B,Central,2023-07-23,54986.0,173.15,completed,2024-06-04
612,Customer_612,SMB,North,2023-07-23,50776.0,169.88,completed,2024-01-25
612,Customer_612,SMB,North,2023-07-23,51140.0,41.19,completed,2024-02-05
612,Customer_612,SMB,North,2023-07-23,51578.0,69.5,completed,2024-02-19
612,Customer_612,SMB,North,2023-07-23,52451.0,199.27,pending,2024-03-17
612,Customer_612,SMB,North,2023-07-23,53858.0,538.37,pending,2024-04-30
612,Customer_612,SMB,North,2023-07-23,54158.0,204.87,shipped,2024-05-09
613,Customer_613,B2C,West,2023-07-24,50777.0,134.98,completed,2024-01-25
613,Customer_613,B2C,West,2023-07-24,51223.0,200.63,completed,2024-02-08
613,Customer_613,B2C,West,2023-07-24,51667.0,23.32,cancelled,2024-02-22
613,Customer_613,B2C,West,2023-07-24,52014.0,161.18,completed,2024-03-03
613,Customer_613,B2C,West,2023-07-24,52843.0,74.14,completed,2024-03-29
613,Customer_613,B2C,West,2023-07-24,52909.0,545.94,completed,2024-03-31
613,Customer_613,B2C,West,2023-07-24,53628.0,57.37,cancelled,2024-04-23
613,Customer_613,B2C,West,2023-07-24,54377.0,28.06,completed,2024-05-16
614,Customer_614,B2B,South,2023-07-24,52885.0,291.75,completed,2024-03-31
614,Customer_614,B2B,South,2023-07-24,53341.0,222.1,shipped,2024-04-14
614,Customer_614,B2B,South,2023-07-24,53498.0,30.42,shipped,2024-04-19
614,Customer_614,B2B,South,2023-07-24,53776.0,97.89,completed,2024-04-27
614,Customer_614,B2B,South,2023-07-24,54996.0,396.22,completed,2024-06-05
615,Customer_615,SMB,Central,2023-07-24,50079.0,111.13,completed,2024-01-03
615,Customer_615,SMB,Central,2023-07-24,50252.0,174.83,completed,2024-01-08
615,Customer_615,SMB,Central,2023-07-24,50638.0,60.65,completed,2024-01-20
615,Customer_615,SMB,Central,2023-07-24,52081.0,220.41,completed,2024-03-06
615,Customer_615,SMB,Central,2023-07-24,52856.0,244.62,completed,2024-03-30
615,Customer_615,SMB,Central,2023-07-24,54578.0,186.5,completed,2024-05-23
616,Customer_616,Enterprise,East,2023-07-25,50330.0,122.75,pending,2024-01-11
616,Customer_616,Enterprise,East,2023-07-25,51966.0,15.65,completed,2024-03-02
616,Customer_616,Enterprise,East,2023-07-25,54429.0,147.5,completed,2024-05-18
616,Customer_616,Enterprise,East,2023-07-25,54585.0,16.79,completed,2024-05-23
616,Customer_616,Enterprise,East,2023-07-25,54905.0,165.22,completed,2024-06-02
617,Customer_617,B2B,West,2023-07-25,50059.0,72.19,completed,2024-01-02
617,Customer_617,B2B,West,2023-07-25,53154.0,518.47,completed,2024-04-08
618,Customer_618,B2C,Central,2023-07-25,50021.0,16.56,pending,2024-01-01
618,Customer_618,B2C,Central,2023-07-25,50232.0,64.42,completed,2024-01-08
618,Customer_618,B2C,Central,2023-07-25,50505.0,122.62,completed,2024-01-16
618,Customer_618,B2C,Central,2023-07-25,50775.0,92.16,completed,2024-01-25
618,Customer_618,B2C,Central,2023-07-25,51341.0,383.78,completed,2024-02-11
618,Customer_618,B2C,Central,2023-07-25,52336.0,140.72,completed,2024-03-13
618,Customer_618,B2C,Central,2023-07-25,52980.0,17.0,completed,2024-04-03
618,Customer_618,B2C,Central,2023-07-25,53014.0,35.43,pending,2024-04-04
618,Customer_618,B2C,Central,2023-07-25,53495.0,165.78,completed,2024-04-19
618,Customer_618,B2C,Central,2023-07-25,53703.0,156.4,completed,2024-04-25
619,Customer_619,SMB,North,2023-07-26,50179.0,115.75,pending,2024-01-06
619,Customer_619,SMB,North,2023-07-26,50207.0,33.41,pending,2024-01-07
619,Customer_619,SMB,North,2023-07-26,51036.0,398.86,completed,2024-02-02
619,Customer_619,SMB,North,2023-07-26,52674.0,125.67,completed,2024-03-24
619,Customer_619,SMB,North,2023-07-26,52961.0,208.4,completed,2024-04-02
619,Customer_619,SMB,North,2023-07-26,53155.0,115.92,completed,2024-04-08
619,Customer_619,SMB,North,2023-07-26,54454.0,222.94,completed,2024-05-19
619,Customer_619,SMB,North,2023-07-26,54927.0,659.95,pending,2024-06-02
620,Customer_620,SMB,North,2023-07-26,51861.0,300.68,completed,2024-02-28
620,Customer_620,SMB,North,2023-07-26,51996.0,242.47,completed,2024-03-03
620,Customer_620,SMB,North,2023-07-26,52214.0,86.27,completed,2024-03-10
620,Customer_620,SMB,North,2023-07-26,52635.0,337.9,completed,2024-03-23
620,Customer_620,SMB,North,2023-07-26,52970.0,67.93,shipped,2024-04-02
620,Customer_620,SMB,North,2023-07-26,53092.0,509.34,completed,2024-04-06
620,Customer_620,SMB,North,2023-07-26,53316.0,106.3,completed,2024-04-13
621,Customer_621,B2B,North,2023-07-26,50174.0,95.16,completed,2024-01-06
621,Customer_621,B2B,North,2023-07-26,50301.0,133.66,completed,2024-01-10
621,Customer_621,B2B,North,2023-07-26,52368.0,176.55,pending,2024-03-14
621,Customer_621,B2B,North,2023-07-26,52663.0,133.05,completed,2024-03-24
621,Customer_621,B2B,North,2023-07-26,52849.0,284.71,completed,2024-03-30
621,Customer_621,B2B,North,2023-07-26,53984.0,62.74,pending,2024-05-04
621,Customer_621,B2B,North,2023-07-26,54178.0,346.9,completed,2024-05-10
622,Customer_622,B2B,North,2023-07-27,50760.0,40.81,shipped,2024-01-24
622,Customer_622,B2B,North,2023-07-27,50786.0,190.32,completed,2024-01-25
622,Customer_622,B2B,North,2023-07-27,51894.0,28.14,cancelled,2024-02-29
622,Customer_622,B2B,North,2023-07-27,52337.0,466.51,pending,2024-03-14
622,Customer_622,B2B,North,2023-07-27,52405.0,282.47,shipped,2024-03-16
622,Customer_622,B2B,North,2023-07-27,54432.0,77.99,completed,2024-05-18
622,Customer_622,B2B,North,2023-07-27,54557.0,75.83,pending,2024-05-22
622,Customer_622,B2B,North,2023-07-27,54564.0,359.53,completed,2024-05-22
623,Customer_623,B2C,East,2023-07-27,50258.0,15.2,completed,2024-01-09
623,Customer_623,B2C,East,2023-07-27,51465.0,59.46,completed,2024-02-15
623,Customer_623,B2C,East,2023-07-27,52242.0,184.92,pending,2024-03-11
623,Customer_623,B2C,East,2023-07-27,53893.0,20.02,completed,2024-05-01
623,Customer_623,B2C,East,2023-07-27,54003.0,25.41,completed,2024-05-05
624,Customer_624,B2C,West,2023-07-27,50562.0,82.78,shipped,2024-01-18
624,Customer_624,B2C,West,2023-07-27,51721.0,155.68,completed,2024-02-23
624,Customer_624,B2C,West,2023-07-27,52283.0,90.85,completed,2024-03-12
624,Customer_624,B2C,West,2023-07-27,54001.0,451.07,completed,2024-05-05
625,Customer_625,B2C,South,2023-07-28,50092.0,118.14,completed,2024-01-03
625,Customer_625,B2C,South,2023-07-28,50456.0,114.13,shipped,2024-01-15
625,Customer_625,B2C,South,2023-07-28,54559.0,47.84,completed,2024-05-22
625,Customer_625,B2C,South,2023-07-28,54907.0,62.75,completed,2024-06-02
626,Customer_626,B2C,East,2023-07-28,50892.0,23.59,completed,2024-01-28
626,Customer_626,B2C,East,2023-07-28,51435.0,59.51,completed,2024-02-14
626,Customer_626,B2C,East,2023-07-28,51518.0,91.7,completed,2024-02-17
626,Customer_626,B2C,East,2023-07-28,51762.0,50.6,shipped,2024-02-25
626,Customer_626,B2C,East,2023-07-28,52965.0,450.08,completed,2024-04-02
627,Customer_627,B2C,East,2023-07-28,50945.0,155.97,completed,2024-01-30
627,Customer_627,B2C,East,2023-07-28,53983.0,25.6,pending,2024-05-04
628,Customer_628,SMB,South,2023-07-29,50298.0,81.51,completed,2024-01-10
628,Customer_628,SMB,South,2023-07-29,50539.0,420.96,completed,2024-01-17
628,Customer_628,SMB,South,2023-07-29,50800.0,150.93,completed,2024-01-25
628,Customer_628,SMB,South,2023-07-29,50882.0,274.52,completed,2024-01-28
628,Customer_628,SMB,South,2023-07-29,51533.0,60.5,completed,2024-02-17
628,Customer_628,SMB,South,2023-07-29,51828.0,107.94,completed,2024-02-27
628,Customer_628,SMB,South,2023-07-29,52035.0,23.17,completed,2024-03-04
628,Customer_628,SMB,South,2023-07-29,52332.0,52.8,completed,2024-03-13
628,Customer_628,SMB,South,2023-07-29,54876.0,438.63,completed,2024-06-01
629,Customer_629,B2B,South,2023-07-29,50753.0,34.15,completed,2024-01-24
629,Customer_629,B2B,South,2023-07-29,50878.0,165.99,completed,2024-01-28
629,Customer_629,B2B,South,2023-07-29,51468.0,60.08,completed,2024-02-15
629,Customer_629,B2B,South,2023-07-29,51523.0,210.51,completed,2024-02-17
629,Customer_629,B2B,South,2023-07-29,53649.0,188.18,pending,2024-04-24
629,Customer_629,B2B,South,2023-07-29,53781.0,40.13,cancelled,2024-04-28
629,Customer_629,B2B,South,2023-07-29,54716.0,57.37,completed,2024-05-27
630,Customer_630,B2C,North,2023-07-29,50348.0,126.27,pending,2024-01-11
630,Customer_630,B2C,North,2023-07-29,50858.0,94.96,completed,2024-01-27
630,Customer_630,B2C,North,2023-07-29,51403.0,176.55,pending,2024-02-13
630,Customer_630,B2C,North,2023-07-29,52516.0,122.25,cancelled,2024-03-19
630,Customer_630,B2C,North,2023-07-29,52601.0,522.18,completed,2024-03-22
630,Customer_630,B2C,North,2023-07-29,52718.0,32.17,shipped,2024-03-25
630,Customer_630,B2C,North,2023-07-29,52742.0,86.92,cancelled,2024-03-26
630,Customer_630,B2C,North,2023-07-29,53285.0,63.66,completed,2024-04-12
630,Customer_630,B2C,North,2023-07-29,53658.0,131.8,completed,2024-04-24
631,Customer_631,SMB,East,2023-07-30,52189.0,142.98,pending,2024-03-09
631,Customer_631,SMB,East,2023-07-30,52328.0,107.92,pending,2024-03-13
631,Customer_631,SMB,East,2023-07-30,52613.0,452.35,pending,2024-03-22
631,Customer_631,SMB,East,2023-07-30,53372.0,87.66,completed,2024-04-15
631,Customer_631,SMB,East,2023-07-30,53922.0,217.32,completed,2024-05-02
631,Customer_631,SMB,East,2023-07-30,54904.0,100.98,shipped,2024-06-02
632,Customer_632,SMB,Central,2023-07-30,50742.0,102.27,shipped,2024-01-24
632,Customer_632,SMB,Central,2023-07-30,50846.0,70.84,pending,2024-01-27
632,Customer_632,SMB,Central,2023-07-30,52084.0,78.72,completed,2024-03-06
632,Customer_632,SMB,Central,2023-07-30,53362.0,177.32,completed,2024-04-15
632,Customer_632,SMB,Central,2023-07-30,53418.0,124.25,completed,2024-04-16
633,Customer_633,B2C,South,2023-07-30,50808.0,245.22,pending,2024-01-26
633,Customer_633,B2C,South,2023-07-30,52968.0,258.27,shipped,2024-04-02
633,Customer_633,B2C,South,2023-07-30,54925.0,46.01,completed,2024-06-02
634,Customer_634,B2C,South,2023-07-31,50452.0,81.1,completed,2024-01-15
634,Customer_634,B2C,South,2023-07-31,50571.0,260.22,completed,2024-01-18
634,Customer_634,B2C,South,2023-07-31,50704.0,115.95,pending,2024-01-22
634,Customer_634,B2C,South,2023-07-31,51061.0,16.66,completed,2024-02-03
634,Customer_634,B2C,South,2023-07-31,52541.0,92.92,completed,2024-03-20
634,Customer_634,B2C,South,2023-07-31,54118.0,541.31,completed,2024-05-08
635,Customer_635,B2B,West,2023-07-31,52019.0,152.23,completed,2024-03-04
635,Customer_635,B2B,West,2023-07-31,53400.0,149.35,completed,2024-04-16
635,Customer_635,B2B,West,2023-07-31,54854.0,72.08,completed,2024-05-31
636,Customer_636,B2C,Central,2023-07-31,51887.0,95.61,completed,2024-02-28
636,Customer_636,B2C,Central,2023-07-31,52116.0,145.67,completed,2024-03-07
636,Customer_636,B2C,Central,2023-07-31,52266.0,18.67,completed,2024-03-11
637,Customer_637,B2C,Central,2023-08-01,50806.0,24.76,cancelled,2024-01-26
637,Customer_637,B2C,Central,2023-08-01,52165.0,335.2,completed,2024-03-08
637,Customer_637,B2C,Central,2023-08-01,53235.0,458.3,shipped,2024-04-11
637,Customer_637,B2C,Central,2023-08-01,53413.0,427.03,completed,2024-04-16
638,Customer_638,B2B,South,2023-08-01,50855.0,130.75,completed,2024-01-27
638,Customer_638,B2B,South,2023-08-01,51634.0,110.26,completed,2024-02-21
638,Customer_638,B2B,South,2023-08-01,51791.0,102.01,cancelled,2024-02-25
638,Customer_638,B2B,South,2023-08-01,53415.0,75.67,cancelled,2024-04-16
638,Customer_638,B2B,South,2023-08-01,53902.0,36.48,completed,2024-05-01
638,Customer_638,B2B,South,2023-08-01,54203.0,95.46,completed,2024-05-11
638,Customer_638,B2B,South,2023-08-01,54451.0,152.69,cancelled,2024-05-19
638,Customer_638,B2B,South,2023-08-01,54881.0,322.0,completed,2024-06-01
638,Customer_638,B2B,South,2023-08-01,54987.0,282.8,completed,2024-06-04
639,Customer_639,B2C,North,2023-08-01,50404.0,159.14,completed,2024-01-13
639,Customer_639,B2C,North,2023-08-01,50450.0,121.76,pending,2024-01-15
639,Customer_639,B2C,North,2023-08-01,51050.0,205.78,completed,2024-02-02
639,Customer_639,B2C,North,2023-08-01,53208.0,140.31,completed,2024-04-10
639,Customer_639,B2C,North,2023-08-01,54600.0,254.24,completed,2024-05-23
639,Customer_639,B2C,North,2023-08-01,54757.0,23.02,completed,2024-05-28
639,Customer_639,B2C,North,2023-08-01,54865.0,52.22,completed,2024-06-01
640,Customer_640,B2C,West,2023-08-02,50181.0,177.42,pending,2024-01-06
640,Customer_640,B2C,West,2023-08-02,50190.0,89.15,completed,2024-01-06
640,Customer_640,B2C,West,2023-08-02,52620.0,219.49,completed,2024-03-22
640,Customer_640,B2C,West,2023-08-02,53440.0,570.11,shipped,2024-04-17
641,Customer_641,B2B,Central,2023-08-02,53277.0,195.38,completed,2024-04-12
641,Customer_641,B2B,Central,2023-08-02,53710.0,126.09,pending,2024-04-25
641,Customer_641,B2B,Central,2023-08-02,54314.0,294.59,cancelled,2024-05-14
642,Customer_642,B2C,South,2023-08-02,52386.0,126.49,completed,2024-03-15
642,Customer_642,B2C,South,2023-08-02,54295.0,292.44,completed,2024-05-14
643,Customer_643,B2B,Central,2023-08-03,50783.0,350.24,cancelled,2024-01-25
643,Customer_643,B2B,Central,2023-08-03,54482.0,304.18,completed,2024-05-20
644,Customer_644,B2C,West,2023-08-03,51832.0,97.85,shipped,2024-02-27
644,Customer_644,B2C,West,2023-08-03,52137.0,492.55,completed,2024-03-07
644,Customer_644,B2C,West,2023-08-03,52444.0,165.19,completed,2024-03-17
644,Customer_644,B2C,West,2023-08-03,53321.0,382.66,completed,2024-04-13
644,Customer_644,B2C,West,2023-08-03,54497.0,106.99,completed,2024-05-20
645,Customer_645,B2B,West,2023-08-03,50438.0,79.9,pending,2024-01-14
645,Customer_645,B2B,West,2023-08-03,50540.0,432.97,completed,2024-01-17
645,Customer_645,B2B,West,2023-08-03,51068.0,28.63,completed,2024-02-03
645,Customer_645,B2B,West,2023-08-03,51669.0,197.36,completed,2024-02-22
645,Customer_645,B2B,West,2023-08-03,53472.0,137.63,completed,2024-04-18
645,Customer_645,B2B,West,2023-08-03,53938.0,170.95,shipped,2024-05-03
645,Customer_645,B2B,West,2023-08-03,54929.0,169.03,completed,2024-06-03
646,Customer_646,SMB,East,2023-08-04,50239.0,40.91,pending,2024-01-08
646,Customer_646,SMB,East,2023-08-04,50463.0,224.64,completed,2024-01-15
646,Customer_646,SMB,East,2023-08-04,51811.0,117.36,completed,2024-02-26
646,Customer_646,SMB,East,2023-08-04,51907.0,289.0,completed,2024-02-29
646,Customer_646,SMB,East,2023-08-04,52218.0,76.09,completed,2024-03-10
646,Customer_646,SMB,East,2023-08-04,54597.0,128.32,shipped,2024-05-23
646,Customer_646,SMB,East,2023-08-04,54770.0,78.36,completed,2024-05-29
647,Customer_647,B2C,South,2023-08-04,51982.0,246.65,pending,2024-03-02
647,Customer_647,B2C,South,2023-08-04,53129.0,280.76,completed,2024-04-07
647,Customer_647,B2C,South,2023-08-04,54744.0,81.53,pending,2024-05-28
648,Customer_648,B2C,West,2023-08-04,51604.0,98.64,pending,2024-02-20
648,Customer_648,B2C,West,2023-08-04,52975.0,178.75,completed,2024-04-02
648,Customer_648,B2C,West,2023-08-04,54460.0,111.18,completed,2024-05-19
648,Customer_648,B2C,West,2023-08-04,54843.0,76.43,completed,2024-05-31
649,Customer_649,SMB,East,2023-08-05,53506.0,540.44,pending,2024-04-19
649,Customer_649,SMB,East,2023-08-05,53551.0,24.97,completed,2024-04-20
649,Customer_649,SMB,East,2023-08-05,53707.0,54.56,completed,2024-04-25
649,Customer_649,SMB,East,2023-08-05,54406.0,73.2,shipped,2024-05-17
649,Customer_649,SMB,East,2023-08-05,54796.0,263.01,pending,2024-05-29
649,Customer_649,SMB,East,2023-08-05,54859.0,145.76,completed,2024-05-31
650,Customer_650,B2C,East,2023-08-05,50297.0,342.2,completed,2024-01-10
650,Customer_650,B2C,East,2023-08-05,50630.0,155.36,completed,2024-01-20
650,Customer_650,B2C,East,2023-08-05,51080.0,158.6,completed,2024-02-03
650,Customer_650,B2C,East,2023-08-05,51682.0,16.82,completed,2024-02-22
650,Customer_650,B2C,East,2023-08-05,52184.0,315.1,completed,2024-03-09
650,Customer_650,B2C,East,2023-08-05,53905.0,27.88,completed,2024-05-02
650,Customer_650,B2C,East,2023-08-05,54287.0,27.32,completed,2024-05-13
650,Customer_650,B2C,East,2023-08-05,54319.0,205.34,pending,2024-05-14
650,Customer_650,B2C,East,2023-08-05,54671.0,95.35,completed,2024-05-25
651,Customer_651,B2B,Central,2023-08-05,50103.0,147.9,shipped,2024-01-04
651,Customer_651,B2B,Central,2023-08-05,50580.0,289.13,completed,2024-01-19
651,Customer_651,B2B,Central,2023-08-05,52575.0,24.32,completed,2024-03-21
651,Customer_651,B2B,Central,2023-08-05,52908.0,150.83,completed,2024-03-31
651,Customer_651,B2B,Central,2023-08-05,52927.0,334.98,pending,2024-04-01
651,Customer_651,B2B,Central,2023-08-05,52955.0,284.62,completed,2024-04-02
651,Customer_651,B2B,Central,2023-08-05,53463.0,144.39,completed,2024-04-18
652,Customer_652,B2C,Central,2023-08-06,50685.0,262.51,completed,2024-01-22
652,Customer_652,B2C,Central,2023-08-06,51206.0,104.92,shipped,2024-02-07
652,Customer_652,B2C,Central,2023-08-06,53258.0,398.96,completed,2024-04-11
652,Customer_652,B2C,Central,2023-08-06,54630.0,318.91,completed,2024-05-24
653,Customer_653,B2C,East,2023-08-06,50639.0,228.89,completed,2024-01-20
653,Customer_653,B2C,East,2023-08-06,52637.0,197.75,completed,2024-03-23
653,Customer_653,B2C,East,2023-08-06,52794.0,103.86,completed,2024-03-28
653,Customer_653,B2C,East,2023-08-06,53451.0,212.95,completed,2024-04-17
653,Customer_653,B2C,East,2023-08-06,53502.0,127.22,completed,2024-04-19
653,Customer_653,B2C,East,2023-08-06,54410.0,280.28,pending,2024-05-17
653,Customer_653,B2C,East,2023-08-06,54816.0,60.98,pending,2024-05-30
654,Customer_654,SMB,Central,2023-08-06,51475.0,18.36,completed,2024-02-16
654,Customer_654,SMB,Central,2023-08-06,52574.0,130.06,completed,2024-03-21
654,Customer_654,SMB,Central,2023-08-06,53241.0,80.88,completed,2024-04-11
654,Customer_654,SMB,Central,2023-08-06,53749.0,165.85,cancelled,2024-04-27
654,Customer_654,SMB,Central,2023-08-06,54138.0,253.05,shipped,2024-05-09
655,Customer_655,B2C,West,2023-08-07,52354.0,26.12,completed,2024-03-14
655,Customer_655,B2C,West,2023-08-07,52407.0,123.69,completed,2024-03-16
655,Customer_655,B2C,West,2023-08-07,53089.0,75.06,shipped,2024-04-06
655,Customer_655,B2C,West,2023-08-07,53469.0,68.54,completed,2024-04-18
655,Customer_655,B2C,West,2023-08-07,54896.0,87.7,pending,2024-06-01
655,Customer_655,B2C,West,2023-08-07,54993.0,350.98,cancelled,2024-06-05
656,Customer_656,B2B,North,2023-08-07,50163.0,191.09,completed,2024-01-06
656,Customer_656,B2B,North,2023-08-07,51357.0,91.84,pending,2024-02-12
656,Customer_656,B2B,North,2023-08-07,53629.0,185.54,completed,2024-04-23
656,Customer_656,B2B,North,2023-08-07,54036.0,192.27,completed,2024-05-06
657,Customer_657,B2C,West,2023-08-07,50063.0,283.01,completed,2024-01-02
657,Customer_657,B2C,West,2023-08-07,51276.0,42.08,completed,2024-02-09
657,Customer_657,B2C,West,2023-08-07,52749.0,218.02,shipped,2024-03-26
657,Customer_657,B2C,West,2023-08-07,53499.0,158.54,completed,2024-04-19
658,Customer_658,B2C,East,2023-08-08,51112.0,80.77,pending,2024-02-04
658,Customer_658,B2C,East,2023-08-08,51544.0,84.29,completed,2024-02-18
658,Customer_658,B2C,East,2023-08-08,51670.0,151.66,cancelled,2024-02-22
658,Customer_658,B2C,East,2023-08-08,51710.0,195.37,completed,2024-02-23
658,Customer_658,B2C,East,2023-08-08,53159.0,916.64,completed,2024-04-08
658,Customer_658,B2C,East,2023-08-08,53249.0,503.44,cancelled,2024-04-11
658,Customer_658,B2C,East,2023-08-08,53318.0,86.87,completed,2024-04-13
658,Customer_658,B2C,East,2023-08-08,53444.0,212.57,completed,2024-04-17
658,Customer_658,B2C,East,2023-08-08,53940.0,210.65,completed,2024-05-03
658,Customer_658,B2C,East,2023-08-08,54269.0,43.71,completed,2024-05-13
658,Customer_658,B2C,East,2023-08-08,54763.0,140.05,shipped,2024-05-28
659,Customer_659,B2C,East,2023-08-08,50752.0,325.51,completed,2024-01-24
659,Customer_659,B2C,East,2023-08-08,51361.0,182.16,completed,2024-02-12
659,Customer_659,B2C,East,2023-08-08,52152.0,201.16,completed,2024-03-08
659,Customer_659,B2C,East,2023-08-08,52234.0,104.47,completed,2024-03-10
659,Customer_659,B2C,East,2023-08-08,52275.0,50.77,completed,2024-03-12
659,Customer_659,B2C,East,2023-08-08,52670.0,329.53,completed,2024-03-24
659,Customer_659,B2C,East,2023-08-08,52904.0,72.27,completed,2024-03-31
659,Customer_659,B2C,East,2023-08-08,54920.0,47.47,completed,2024-06-02
660,Customer_660,B2C,West,2023-08-08,50151.0,439.88,completed,2024-01-05
660,Customer_660,B2C,West,2023-08-08,51648.0,27.45,completed,2024-02-21
660,Customer_660,B2C,West,2023-08-08,52334.0,101.2,cancelled,2024-03-13
660,Customer_660,B2C,West,2023-08-08,52453.0,47.76,completed,2024-03-17
660,Customer_660,B2C,West,2023-08-08,52610.0,133.75,completed,2024-03-22
660,Customer_660,B2C,West,2023-08-08,52867.0,378.74,completed,2024-03-30
660,Customer_660,B2C,West,2023-08-08,53623.0,251.31,completed,2024-04-23
660,Customer_660,B2C,West,2023-08-08,54493.0,137.0,completed,2024-05-20
661,Customer_661,B2C,Central,2023-08-09,50587.0,81.22,shipped,2024-01-19
661,Customer_661,B2C,Central,2023-08-09,51397.0,90.47,completed,2024-02-13
661,Customer_661,B2C,Central,2023-08-09,51401.0,124.37,pending,2024-02-13
661,Customer_661,B2C,Central,2023-08-09,51569.0,17.78,pending,2024-02-19
661,Customer_661,B2C,Central,2023-08-09,52088.0,67.78,completed,2024-03-06
661,Customer_661,B2C,Central,2023-08-09,53119.0,137.03,shipped,2024-04-07
661,Customer_661,B2C,Central,2023-08-09,54044.0,17.39,completed,2024-05-06
661,Customer_661,B2C,Central,2023-08-09,54617.0,129.45,completed,2024-05-24
661,Customer_661,B2C,Central,2023-08-09,54809.0,269.3,completed,2024-05-30
662,Customer_662,Enterprise,Central,2023-08-09,50362.0,171.68,completed,2024-01-12
662,Customer_662,Enterprise,Central,2023-08-09,50512.0,394.37,completed,2024-01-16
662,Customer_662,Enterprise,Central,2023-08-09,51562.0,413.77,completed,2024-02-18
662,Customer_662,Enterprise,Central,2023-08-09,51700.0,16.75,completed,2024-02-23
662,Customer_662,Enterprise,Central,2023-08-09,52098.0,274.53,completed,2024-03-06
662,Customer_662,Enterprise,Central,2023-08-09,52701.0,34.57,completed,2024-03-25
662,Customer_662,Enterprise,Central,2023-08-09,53011.0,92.65,pending,2024-04-04
662,Customer_662,Enterprise,Central,2023-08-09,53875.0,15.75,pending,2024-05-01
662,Customer_662,Enterprise,Central,2023-08-09,54810.0,68.58,pending,2024-05-30
663,Customer_663,B2C,East,2023-08-09,50453.0,73.62,completed,2024-01-15
663,Customer_663,B2C,East,2023-08-09,51646.0,183.78,pending,2024-02-21
663,Customer_663,B2C,East,2023-08-09,52397.0,116.61,pending,2024-03-15
663,Customer_663,B2C,East,2023-08-09,52412.0,65.29,cancelled,2024-03-16
663,Customer_663,B2C,East,2023-08-09,52907.0,78.81,completed,2024-03-31
663,Customer_663,B2C,East,2023-08-09,53201.0,26.38,completed,2024-04-10
663,Customer_663,B2C,East,2023-08-09,53473.0,269.29,completed,2024-04-18
664,Customer_664,B2B,South,2023-08-10,50196.0,483.09,completed,2024-01-07
664,Customer_664,B2B,South,2023-08-10,50555.0,22.99,completed,2024-01-18
664,Customer_664,B2B,South,2023-08-10,50641.0,106.22,shipped,2024-01-21
664,Customer_664,B2B,South,2023-08-10,51219.0,288.67,shipped,2024-02-08
664,Customer_664,B2B,South,2023-08-10,52178.0,440.19,cancelled,2024-03-09
664,Customer_664,B2B,South,2023-08-10,53271.0,255.64,completed,2024-04-12
664,Customer_664,B2B,South,2023-08-10,53544.0,492.13,completed,2024-04-20
664,Customer_664,B2B,South,2023-08-10,54794.0,184.94,completed,2024-05-29
664,Customer_664,B2B,South,2023-08-10,54998.0,57.7,shipped,2024-06-05
665,Customer_665,B2B,Central,2023-08-10,51232.0,189.41,completed,2024-02-08
665,Customer_665,B2B,Central,2023-08-10,52321.0,122.76,shipped,2024-03-13
665,Customer_665,B2B,Central,2023-08-10,52361.0,60.91,pending,2024-03-14
665,Customer_665,B2B,Central,2023-08-10,52608.0,79.63,completed,2024-03-22
665,Customer_665,B2B,Central,2023-08-10,52991.0,400.94,pending,2024-04-03
665,Customer_665,B2B,Central,2023-08-10,54413.0,251.48,completed,2024-05-17
666,Customer_666,B2B,West,2023-08-10,50738.0,198.37,completed,2024-01-24
666,Customer_666,B2B,West,2023-08-10,51133.0,150.16,completed,2024-02-05
666,Customer_666,B2B,West,2023-08-10,51690.0,571.79,completed,2024-02-22
666,Customer_666,B2B,West,2023-08-10,51752.0,591.5,completed,2024-02-24
666,Customer_666,B2B,West,2023-08-10,51869.0,300.78,pending,2024-02-28
666,Customer_666,B2B,West,2023-08-10,51957.0,58.35,completed,2024-03-02
666,Customer_666,B2B,West,2023-08-10,52391.0,38.55,completed,2024-03-15
667,Customer_667,B2B,Central,2023-08-11,51326.0,144.74,pending,2024-02-11
667,Customer_667,B2B,Central,2023-08-11,51549.0,48.54,completed,2024-02-18
667,Customer_667,B2B,Central,2023-08-11,52318.0,283.04,completed,2024-03-13
668,Customer_668,B2B,West,2023-08-11,50538.0,270.08,completed,2024-01-17
668,Customer_668,B2B,West,2023-08-11,52250.0,150.09,completed,2024-03-11
668,Customer_668,B2B,West,2023-08-11,52641.0,68.55,cancelled,2024-03-23
668,Customer_668,B2B,West,2023-08-11,54529.0,24.57,completed,2024-05-21
668,Customer_668,B2B,West,2023-08-11,54714.0,198.13,completed,2024-05-27
669,Customer_669,B2B,East,2023-08-11,50329.0,52.48,cancelled,2024-01-11
669,Customer_669,B2B,East,2023-08-11,51067.0,151.19,completed,2024-02-03
669,Customer_669,B2B,East,2023-08-11,51725.0,329.79,completed,2024-02-23
669,Customer_669,B2B,East,2023-08-11,53681.0,261.42,completed,2024-04-25
669,Customer_669,B2B,East,2023-08-11,54298.0,140.84,completed,2024-05-14
670,Customer_670,B2C,Central,2023-08-12,50226.0,71.66,completed,2024-01-08
670,Customer_670,B2C,Central,2023-08-12,50876.0,57.55,completed,2024-01-28
670,Customer_670,B2C,Central,2023-08-12,52393.0,306.28,completed,2024-03-15
670,Customer_670,B2C,Central,2023-08-12,52408.0,60.47,completed,2024-03-16
670,Customer_670,B2C,Central,2023-08-12,53213.0,126.54,shipped,2024-04-10
670,Customer_670,B2C,Central,2023-08-12,53612.0,294.04,completed,2024-04-22
670,Customer_670,B2C,Central,2023-08-12,54485.0,39.18,pending,2024-05-20
671,Customer_671,B2B,West,2023-08-12,50602.0,264.21,completed,2024-01-19
671,Customer_671,B2B,West,2023-08-12,53229.0,125.26,shipped,2024-04-10
672,Customer_672,SMB,East,2023-08-12,50392.0,583.64,completed,2024-01-13
672,Customer_672,SMB,East,2023-08-12,51142.0,224.74,completed,2024-02-05
672,Customer_672,SMB,East,2023-08-12,52158.0,248.9,pending,2024-03-08
672,Customer_672,SMB,East,2023-08-12,52903.0,53.85,cancelled,2024-03-31
672,Customer_672,SMB,East,2023-08-12,52951.0,53.03,shipped,2024-04-02
672,Customer_672,SMB,East,2023-08-12,53962.0,109.82,completed,2024-05-03
673,Customer_673,B2B,South,2023-08-13,50062.0,81.09,completed,2024-01-02
673,Customer_673,B2B,South,2023-08-13,50778.0,58.27,completed,2024-01-25
673,Customer_673,B2B,South,2023-08-13,50992.0,37.23,pending,2024-01-31
673,Customer_673,B2B,South,2023-08-13,53026.0,58.93,completed,2024-04-04
673,Customer_673,B2B,South,2023-08-13,53864.0,311.87,completed,2024-04-30
674,Customer_674,B2C,West,2023-08-13,50352.0,67.04,completed,2024-01-11
674,Customer_674,B2C,West,2023-08-13,51359.0,48.41,completed,2024-02-12
674,Customer_674,B2C,West,2023-08-13,52010.0,65.25,completed,2024-03-03
674,Customer_674,B2C,West,2023-08-13,52229.0,78.11,completed,2024-03-10
674,Customer_674,B2C,West,2023-08-13,52542.0,50.47,completed,2024-03-20
674,Customer_674,B2C,West,2023-08-13,54080.0,426.6,completed,2024-05-07
674,Customer_674,B2C,West,2023-08-13,54461.0,219.52,completed,2024-05-19
675,Customer_675,B2C,South,2023-08-13,50962.0,24.93,completed,2024-01-31
675,Customer_675,B2C,South,2023-08-13,51078.0,16.23,completed,2024-02-03
675,Customer_675,B2C,South,2023-08-13,51139.0,181.75,completed,2024-02-05
675,Customer_675,B2C,South,2023-08-13,52202.0,70.9,completed,2024-03-09
675,Customer_675,B2C,South,2023-08-13,52292.0,187.09,completed,2024-03-12
675,Customer_675,B2C,South,2023-08-13,52480.0,93.64,completed,2024-03-18
675,Customer_675,B2C,South,2023-08-13,52984.0,166.43,shipped,2024-04-03
675,Customer_675,B2C,South,2023-08-13,54023.0,118.19,completed,2024-05-05
676,Customer_676,Enterprise,South,2023-08-14,50036.0,119.04,shipped,2024-01-02
676,Customer_676,Enterprise,South,2023-08-14,50490.0,174.81,completed,2024-01-16
676,Customer_676,Enterprise,South,2023-08-14,53150.0,532.05,cancelled,2024-04-08
676,Customer_676,Enterprise,South,2023-08-14,53323.0,21.69,completed,2024-04-13
676,Customer_676,Enterprise,South,2023-08-14,54541.0,252.51,pending,2024-05-21
677,Customer_677,B2B,North,2023-08-14,51582.0,166.98,completed,2024-02-19
677,Customer_677,B2B,North,2023-08-14,51898.0,83.11,pending,2024-02-29
677,Customer_677,B2B,North,2023-08-14,52929.0,228.51,completed,2024-04-01
677,Customer_677,B2B,North,2023-08-14,53124.0,187.49,pending,2024-04-07
678,Customer_678,B2C,Central,2023-08-14,50781.0,333.35,completed,2024-01-25
678,Customer_678,B2C,Central,2023-08-14,51111.0,101.43,completed,2024-02-04
678,Customer_678,B2C,Central,2023-08-14,51595.0,160.1,shipped,2024-02-19
678,Customer_678,B2C,Central,2023-08-14,53218.0,76.31,completed,2024-04-10
678,Customer_678,B2C,Central,2023-08-14,54427.0,41.44,pending,2024-05-18
679,Customer_679,Enterprise,West,2023-08-15,50939.0,123.04,pending,2024-01-30
679,Customer_679,Enterprise,West,2023-08-15,50980.0,118.63,cancelled,2024-01-31
679,Customer_679,Enterprise,West,2023-08-15,51427.0,61.61,completed,2024-02-14
679,Customer_679,Enterprise,West,2023-08-15,52200.0,25.31,completed,2024-03-09
679,Customer_679,Enterprise,West,2023-08-15,52381.0,879.0,pending,2024-03-15
679,Customer_679,Enterprise,West,2023-08-15,53185.0,58.64,completed,2024-04-09
679,Customer_679,Enterprise,West,2023-08-15,54067.0,34.24,completed,2024-05-07
679,Customer_679,Enterprise,West,2023-08-15,54613.0,34.27,shipped,2024-05-24
680,Customer_680,SMB,South,2023-08-15,51315.0,363.61,completed,2024-02-11
680,Customer_680,SMB,South,2023-08-15,52596.0,308.12,completed,2024-03-22
680,Customer_680,SMB,South,2023-08-15,54141.0,17.38,completed,2024-05-09
680,Customer_680,SMB,South,2023-08-15,54243.0,26.19,completed,2024-05-12
680,Customer_680,SMB,South,2023-08-15,54835.0,162.84,shipped,2024-05-31
681,Customer_681,SMB,North,2023-08-15,50007.0,30.48,completed,2024-01-01
681,Customer_681,SMB,North,2023-08-15,50081.0,372.69,completed,2024-01-03
681,Customer_681,SMB,North,2023-08-15,50235.0,74.8,completed,2024-01-08
681,Customer_681,SMB,North,2023-08-15,52799.0,34.44,completed,2024-03-28
681,Customer_681,SMB,North,2023-08-15,53356.0,44.71,pending,2024-04-14
681,Customer_681,SMB,North,2023-08-15,54260.0,143.61,shipped,2024-05-13
681,Customer_681,SMB,North,2023-08-15,54302.0,23.02,completed,2024-05-14
682,Customer_682,B2C,East,2023-08-16,53160.0,73.71,shipped,2024-04-08
682,Customer_682,B2C,East,2023-08-16,53450.0,181.39,completed,2024-04-17
682,Customer_682,B2C,East,2023-08-16,54126.0,74.34,completed,2024-05-08
683,Customer_683,B2B,West,2023-08-16,50370.0,204.46,pending,2024-01-12
683,Customer_683,B2B,West,2023-08-16,51441.0,99.75,completed,2024-02-15
683,Customer_683,B2B,West,2023-08-16,53777.0,287.4,completed,2024-04-28
683,Customer_683,B2B,West,2023-08-16,53794.0,54.16,completed,2024-04-28
683,Customer_683,B2B,West,2023-08-16,54344.0,295.69,cancelled,2024-05-15
684,Customer_684,B2C,South,2023-08-16,52434.0,180.36,completed,2024-03-17
685,Customer_685,Enterprise,Central,2023-08-17,50072.0,229.87,completed,2024-01-03
685,Customer_685,Enterprise,Central,2023-08-17,50561.0,18.11,shipped,2024-01-18
685,Customer_685,Enterprise,Central,2023-08-17,50831.0,235.87,shipped,2024-01-26
685,Customer_685,Enterprise,Central,2023-08-17,51100.0,202.88,completed,2024-02-04
685,Customer_685,Enterprise,Central,2023-08-17,51426.0,226.24,shipped,2024-02-14
685,Customer_685,Enterprise,Central,2023-08-17,51539.0,274.13,completed,2024-02-18
685,Customer_685,Enterprise,Central,2023-08-17,51963.0,202.48,completed,2024-03-02
685,Customer_685,Enterprise,Central,2023-08-17,54032.0,42.11,shipped,2024-05-05
685,Customer_685,Enterprise,Central,2023-08-17,54060.0,167.26,completed,2024-05-06
685,Customer_685,Enterprise,Central,2023-08-17,54071.0,89.74,completed,2024-05-07
685,Customer_685,Enterprise,Central,2023-08-17,54371.0,101.07,shipped,2024-05-16
686,Customer_686,B2C,North,2023-08-17,51792.0,34.74,completed,2024-02-25
686,Customer_686,B2C,North,2023-08-17,51881.0,327.06,cancelled,2024-02-28
686,Customer_686,B2C,North,2023-08-17,52632.0,398.97,completed,2024-03-23
686,Customer_686,B2C,North,2023-08-17,53462.0,354.29,completed,2024-04-18
686,Customer_686,B2C,North,2023-08-17,53813.0,51.36,completed,2024-04-29
687,Customer_687,B2C,South,2023-08-17,50631.0,90.13,shipped,2024-01-20
687,Customer_687,B2C,South,2023-08-17,50807.0,284.49,completed,2024-01-26
687,Customer_687,B2C,South,2023-08-17,52072.0,67.49,completed,2024-03-05
687,Customer_687,B2C,South,2023-08-17,52289.0,159.07,pending,2024-03-12
687,Customer_687,B2C,South,2023-08-17,54040.0,29.4,completed,2024-05-06
687,Customer_687,B2C,South,2023-08-17,54282.0,96.62,completed,2024-05-13
688,Customer_688,B2C,Central,2023-08-18,50834.0,133.47,completed,2024-01-27
688,Customer_688,B2C,Central,2023-08-18,51161.0,604.94,completed,2024-02-06
688,Customer_688,B2C,Central,2023-08-18,51383.0,41.67,completed,2024-02-13
688,Customer_688,B2C,Central,2023-08-18,51428.0,112.18,completed,2024-02-14
688,Customer_688,B2C,Central,2023-08-18,52219.0,16.33,completed,2024-03-10
688,Customer_688,B2C,Central,2023-08-18,54013.0,117.99,completed,2024-05-05
688,Customer_688,B2C,Central,2023-08-18,54867.0,367.07,completed,2024-06-01
689,Customer_689,SMB,South,2023-08-18,50172.0,22.44,completed,2024-01-06
689,Customer_689,SMB,South,2023-08-18,50192.0,144.05,cancelled,2024-01-06
689,Customer_689,SMB,South,2023-08-18,53332.0,90.82,completed,2024-04-14
690,Customer_690,B2B,West,2023-08-18,52491.0,504.22,completed,2024-03-18
690,Customer_690,B2B,West,2023-08-18,54317.0,57.62,completed,2024-05-14
690,Customer_690,B2B,West,2023-08-18,54542.0,508.48,completed,2024-05-21
691,Customer_691,B2C,West,2023-08-19,50220.0,519.63,shipped,2024-01-07
691,Customer_691,B2C,West,2023-08-19,50632.0,61.25,shipped,2024-01-20
691,Customer_691,B2C,West,2023-08-19,50891.0,52.95,completed,2024-01-28
691,Customer_691,B2C,West,2023-08-19,51290.0,189.89,completed,2024-02-10
691,Customer_691,B2C,West,2023-08-19,51707.0,169.4,shipped,2024-02-23
691,Customer_691,B2C,West,2023-08-19,54730.0,336.34,completed,2024-05-27
692,Customer_692,B2C,West,2023-08-19,50664.0,128.94,completed,2024-01-21
692,Customer_692,B2C,West,2023-08-19,50723.0,44.41,pending,2024-01-23
692,Customer_692,B2C,West,2023-08-19,51240.0,76.7,completed,2024-02-08
692,Customer_692,B2C,West,2023-08-19,51560.0,111.25,completed,2024-02-18
692,Customer_692,B2C,West,2023-08-19,54077.0,190.94,completed,2024-05-07
693,Customer_693,B2C,North,2023-08-19,50271.0,142.17,cancelled,2024-01-09
693,Customer_693,B2C,North,2023-08-19,50899.0,17.24,completed,2024-01-29
693,Customer_693,B2C,North,2023-08-19,50967.0,90.94,pending,2024-01-31
693,Customer_693,B2C,North,2023-08-19,51007.0,90.69,shipped,2024-02-01
693,Customer_693,B2C,North,2023-08-19,51654.0,38.92,completed,2024-02-21
693,Customer_693,B2C,North,2023-08-19,52110.0,65.12,completed,2024-03-06
693,Customer_693,B2C,North,2023-08-19,52344.0,88.58,completed,2024-03-14
693,Customer_693,B2C,North,2023-08-19,54335.0,39.49,pending,2024-05-15
694,Customer_694,B2B,West,2023-08-20,50043.0,138.96,completed,2024-01-02
694,Customer_694,B2B,West,2023-08-20,50069.0,78.26,completed,2024-01-03
694,Customer_694,B2B,West,2023-08-20,51699.0,764.2,completed,2024-02-23
694,Customer_694,B2B,West,2023-08-20,52167.0,25.43,shipped,2024-03-08
694,Customer_694,B2B,West,2023-08-20,52675.0,47.25,shipped,2024-03-24
694,Customer_694,B2B,West,2023-08-20,54468.0,223.16,shipped,2024-05-19
694,Customer_694,B2B,West,2023-08-20,54646.0,33.86,completed,2024-05-25
695,Customer_695,B2B,Central,2023-08-20,50601.0,71.62,completed,2024-01-19
695,Customer_695,B2B,Central,2023-08-20,52805.0,41.15,cancelled,2024-03-28
695,Customer_695,B2B,Central,2023-08-20,52873.0,67.2,completed,2024-03-30
695,Customer_695,B2B,Central,2023-08-20,53157.0,107.04,completed,2024-04-08
696,Customer_696,B2C,South,2023-08-20,50005.0,212.08,completed,2024-01-01
696,Customer_696,B2C,South,2023-08-20,50814.0,175.12,shipped,2024-01-26
696,Customer_696,B2C,South,2023-08-20,50991.0,128.29,completed,2024-01-31
696,Customer_696,B2C,South,2023-08-20,51204.0,90.13,completed,2024-02-07
696,Customer_696,B2C,South,2023-08-20,52571.0,67.2,completed,2024-03-21
696,Customer_696,B2C,South,2023-08-20,53992.0,44.45,completed,2024-05-04
697,Customer_697,B2C,East,2023-08-21,,,,
698,Customer_698,B2C,Central,2023-08-21,50257.0,92.3,completed,2024-01-09
698,Customer_698,B2C,Central,2023-08-21,50732.0,176.87,completed,2024-01-23
698,Customer_698,B2C,Central,2023-08-21,50823.0,117.94,completed,2024-01-26
698,Customer_698,B2C,Central,2023-08-21,52413.0,224.44,completed,2024-03-16
698,Customer_698,B2C,Central,2023-08-21,53566.0,53.72,completed,2024-04-21
698,Customer_698,B2C,Central,2023-08-21,54074.0,15.2,completed,2024-05-07
698,Customer_698,B2C,Central,2023-08-21,54426.0,70.51,completed,2024-05-18
699,Customer_699,B2B,Central,2023-08-21,50347.0,154.79,completed,2024-01-11
699,Customer_699,B2B,Central,2023-08-21,52118.0,97.91,shipped,2024-03-07
699,Customer_699,B2B,Central,2023-08-21,52220.0,46.68,completed,2024-03-10
699,Customer_699,B2B,Central,2023-08-21,52284.0,69.23,shipped,2024-03-12
699,Customer_699,B2B,Central,2023-08-21,52593.0,537.31,completed,2024-03-22
699,Customer_699,B2B,Central,2023-08-21,52599.0,56.72,completed,2024-03-22
699,Customer_699,B2B,Central,2023-08-21,53513.0,249.27,completed,2024-04-19
699,Customer_699,B2B,Central,2023-08-21,54201.0,162.48,completed,2024-05-11
700,Customer_700,B2C,West,2023-08-22,50038.0,77.48,completed,2024-01-02
700,Customer_700,B2C,West,2023-08-22,51396.0,160.91,completed,2024-02-13
700,Customer_700,B2C,West,2023-08-22,51423.0,80.87,cancelled,2024-02-14
700,Customer_700,B2C,West,2023-08-22,52421.0,216.92,completed,2024-03-16
700,Customer_700,B2C,West,2023-08-22,52518.0,94.46,pending,2024-03-19
700,Customer_700,B2C,West,2023-08-22,53578.0,213.86,completed,2024-04-21
700,Customer_700,B2C,West,2023-08-22,53588.0,124.47,completed,2024-04-22
701,Customer_701,B2C,North,2023-08-22,50222.0,250.56,completed,2024-01-07
701,Customer_701,B2C,North,2023-08-22,50461.0,38.83,completed,2024-01-15
701,Customer_701,B2C,North,2023-08-22,51010.0,53.9,shipped,2024-02-01
701,Customer_701,B2C,North,2023-08-22,51653.0,285.29,cancelled,2024-02-21
701,Customer_701,B2C,North,2023-08-22,51853.0,107.68,shipped,2024-02-27
701,Customer_701,B2C,North,2023-08-22,53841.0,153.89,completed,2024-04-30
702,Customer_702,B2B,South,2023-08-22,50504.0,45.76,shipped,2024-01-16
702,Customer_702,B2B,South,2023-08-22,50672.0,383.81,completed,2024-01-21
702,Customer_702,B2B,South,2023-08-22,51258.0,375.3,completed,2024-02-09
702,Customer_702,B2B,South,2023-08-22,51446.0,20.04,completed,2024-02-15
702,Customer_702,B2B,South,2023-08-22,52107.0,22.42,completed,2024-03-06
702,Customer_702,B2B,South,2023-08-22,53594.0,236.54,completed,2024-04-22
702,Customer_702,B2B,South,2023-08-22,53690.0,19.59,completed,2024-04-25
703,Customer_703,B2C,North,2023-08-23,50128.0,30.07,completed,2024-01-04
703,Customer_703,B2C,North,2023-08-23,52335.0,198.26,completed,2024-03-13
703,Customer_703,B2C,North,2023-08-23,54011.0,133.8,completed,2024-05-05
703,Customer_703,B2C,North,2023-08-23,54321.0,100.66,pending,2024-05-15
703,Customer_703,B2C,North,2023-08-23,54949.0,449.89,completed,2024-06-03
704,Customer_704,B2B,South,2023-08-23,50249.0,38.5,shipped,2024-01-08
704,Customer_704,B2B,South,2023-08-23,50897.0,35.28,pending,2024-01-29
704,Customer_704,B2B,South,2023-08-23,51698.0,124.85,cancelled,2024-02-23
704,Customer_704,B2B,South,2023-08-23,52006.0,16.21,cancelled,2024-03-03
704,Customer_704,B2B,South,2023-08-23,52222.0,125.45,pending,2024-03-10
704,Customer_704,B2B,South,2023-08-23,53625.0,97.27,completed,2024-04-23
704,Customer_704,B2B,South,2023-08-23,54750.0,572.12,completed,2024-05-28
705,Customer_705,B2B,South,2023-08-23,51267.0,39.83,completed,2024-02-09
706,Customer_706,Enterprise,North,2023-08-24,50042.0,280.5,completed,2024-01-02
707,Customer_707,B2C,Central,2023-08-24,52274.0,90.93,completed,2024-03-12
707,Customer_707,B2C,Central,2023-08-24,53541.0,110.6,completed,2024-04-20
708,Customer_708,SMB,South,2023-08-24,51109.0,342.8,completed,2024-02-04
708,Customer_708,SMB,South,2023-08-24,51277.0,396.57,pending,2024-02-09
708,Customer_708,SMB,South,2023-08-24,53572.0,158.48,completed,2024-04-21
708,Customer_708,SMB,South,2023-08-24,54394.0,141.64,completed,2024-05-17
709,Customer_709,B2C,North,2023-08-25,51494.0,40.31,completed,2024-02-16
709,Customer_709,B2C,North,2023-08-25,51614.0,72.51,completed,2024-02-20
709,Customer_709,B2C,North,2023-08-25,51874.0,195.7,completed,2024-02-28
709,Customer_709,B2C,North,2023-08-25,52103.0,61.21,completed,2024-03-06
709,Customer_709,B2C,North,2023-08-25,52911.0,145.0,shipped,2024-03-31
709,Customer_709,B2C,North,2023-08-25,53826.0,103.75,completed,2024-04-29
709,Customer_709,B2C,North,2023-08-25,54687.0,32.91,completed,2024-05-26
710,Customer_710,B2C,South,2023-08-25,50341.0,335.15,completed,2024-01-11
710,Customer_710,B2C,South,2023-08-25,51217.0,246.47,completed,2024-02-08
710,Customer_710,B2C,South,2023-08-25,53452.0,147.78,completed,2024-04-17
710,Customer_710,B2C,South,2023-08-25,53936.0,159.32,cancelled,2024-05-02
711,Customer_711,SMB,East,2023-08-25,52579.0,545.95,completed,2024-03-21
711,Customer_711,SMB,East,2023-08-25,53407.0,341.82,pending,2024-04-16
712,Customer_712,B2C,Central,2023-08-26,51567.0,145.06,completed,2024-02-18
712,Customer_712,B2C,Central,2023-08-26,51975.0,136.35,completed,2024-03-02
712,Customer_712,B2C,Central,2023-08-26,52197.0,149.52,cancelled,2024-03-09
712,Customer_712,B2C,Central,2023-08-26,54173.0,689.28,completed,2024-05-10
712,Customer_712,B2C,Central,2023-08-26,54839.0,79.91,pending,2024-05-31
713,Customer_713,B2C,West,2023-08-26,51043.0,22.23,completed,2024-02-02
713,Customer_713,B2C,West,2023-08-26,52257.0,23.76,completed,2024-03-11
713,Customer_713,B2C,West,2023-08-26,54411.0,257.88,completed,2024-05-17
713,Customer_713,B2C,West,2023-08-26,54697.0,106.34,completed,2024-05-26
714,Customer_714,B2C,South,2023-08-26,50349.0,18.72,completed,2024-01-11
714,Customer_714,B2C,South,2023-08-26,50381.0,209.56,completed,2024-01-12
714,Customer_714,B2C,South,2023-08-26,50908.0,283.11,completed,2024-01-29
714,Customer_714,B2C,South,2023-08-26,52025.0,78.74,shipped,2024-03-04
714,Customer_714,B2C,South,2023-08-26,53620.0,37.14,completed,2024-04-23
715,Customer_715,B2C,East,2023-08-27,52519.0,107.52,completed,2024-03-19
715,Customer_715,B2C,East,2023-08-27,52999.0,300.37,completed,2024-04-03
715,Customer_715,B2C,East,2023-08-27,54396.0,467.0,completed,2024-05-17
715,Customer_715,B2C,East,2023-08-27,54409.0,265.58,cancelled,2024-05-17
716,Customer_716,Enterprise,West,2023-08-27,50164.0,246.95,completed,2024-01-06
716,Customer_716,Enterprise,West,2023-08-27,50877.0,249.02,pending,2024-01-28
716,Customer_716,Enterprise,West,2023-08-27,52146.0,267.75,completed,2024-03-08
716,Customer_716,Enterprise,West,2023-08-27,52205.0,161.38,shipped,2024-03-09
717,Customer_717,SMB,West,2023-08-27,50424.0,25.9,pending,2024-01-14
717,Customer_717,SMB,West,2023-08-27,51559.0,95.24,completed,2024-02-18
718,Customer_718,Enterprise,South,2023-08-28,50294.0,136.69,completed,2024-01-10
718,Customer_718,Enterprise,South,2023-08-28,50312.0,32.83,completed,2024-01-10
718,Customer_718,Enterprise,South,2023-08-28,52353.0,331.2,completed,2024-03-14
718,Customer_718,Enterprise,South,2023-08-28,53386.0,138.78,shipped,2024-04-15
718,Customer_718,Enterprise,South,2023-08-28,54275.0,277.66,completed,2024-05-13
719,Customer_719,B2B,North,2023-08-28,51079.0,50.94,completed,2024-02-03
719,Customer_719,B2B,North,2023-08-28,52705.0,116.11,completed,2024-03-25
720,Customer_720,SMB,South,2023-08-28,50014.0,79.16,completed,2024-01-01
720,Customer_720,SMB,South,2023-08-28,50954.0,164.11,completed,2024-01-30
720,Customer_720,SMB,South,2023-08-28,51046.0,178.95,completed,2024-02-02
720,Customer_720,SMB,South,2023-08-28,51500.0,93.83,completed,2024-02-16
720,Customer_720,SMB,South,2023-08-28,51580.0,18.1,completed,2024-02-19
720,Customer_720,SMB,South,2023-08-28,52008.0,128.69,completed,2024-03-03
720,Customer_720,SMB,South,2023-08-28,52769.0,109.33,completed,2024-03-27
720,Customer_720,SMB,South,2023-08-28,53491.0,1065.44,shipped,2024-04-19
720,Customer_720,SMB,South,2023-08-28,53597.0,346.64,completed,2024-04-22
720,Customer_720,SMB,South,2023-08-28,53705.0,767.79,completed,2024-04-25
720,Customer_720,SMB,South,2023-08-28,53778.0,330.12,completed,2024-04-28
721,Customer_721,Enterprise,East,2023-08-29,51222.0,177.37,completed,2024-02-08
721,Customer_721,Enterprise,East,2023-08-29,51285.0,98.57,shipped,2024-02-10
721,Customer_721,Enterprise,East,2023-08-29,51660.0,44.75,completed,2024-02-21
721,Customer_721,Enterprise,East,2023-08-29,52191.0,91.16,completed,2024-03-09
721,Customer_721,Enterprise,East,2023-08-29,52369.0,72.13,completed,2024-03-15
721,Customer_721,Enterprise,East,2023-08-29,53304.0,87.4,pending,2024-04-13
721,Customer_721,Enterprise,East,2023-08-29,53911.0,85.44,completed,2024-05-02
721,Customer_721,Enterprise,East,2023-08-29,54813.0,31.17,pending,2024-05-30
722,Customer_722,B2B,West,2023-08-29,50321.0,358.62,completed,2024-01-11
722,Customer_722,B2B,West,2023-08-29,53461.0,180.04,completed,2024-04-18
722,Customer_722,B2B,West,2023-08-29,53967.0,181.06,pending,2024-05-03
722,Customer_722,B2B,West,2023-08-29,54149.0,123.92,completed,2024-05-09
722,Customer_722,B2B,West,2023-08-29,54540.0,317.17,shipped,2024-05-21
722,Customer_722,B2B,West,2023-08-29,54728.0,61.95,cancelled,2024-05-27
722,Customer_722,B2B,West,2023-08-29,54805.0,41.03,shipped,2024-05-30
723,Customer_723,B2B,South,2023-08-29,50634.0,192.55,completed,2024-01-20
723,Customer_723,B2B,South,2023-08-29,52029.0,544.01,completed,2024-03-04
724,Customer_724,SMB,North,2023-08-30,51621.0,307.25,pending,2024-02-20
724,Customer_724,SMB,North,2023-08-30,52513.0,65.76,completed,2024-03-19
724,Customer_724,SMB,North,2023-08-30,53083.0,27.44,pending,2024-04-06
725,Customer_725,B2C,South,2023-08-30,50188.0,534.33,cancelled,2024-01-06
725,Customer_725,B2C,South,2023-08-30,51620.0,235.41,completed,2024-02-20
725,Customer_725,B2C,South,2023-08-30,52653.0,285.9,completed,2024-03-23
725,Customer_725,B2C,South,2023-08-30,52946.0,22.28,shipped,2024-04-02
725,Customer_725,B2C,South,2023-08-30,53547.0,170.14,cancelled,2024-04-20
725,Customer_725,B2C,South,2023-08-30,54326.0,41.03,completed,2024-05-15
726,Customer_726,SMB,Central,2023-08-30,50035.0,63.72,completed,2024-01-02
726,Customer_726,SMB,Central,2023-08-30,50126.0,156.76,completed,2024-01-04
726,Customer_726,SMB,Central,2023-08-30,50243.0,259.94,completed,2024-01-08
726,Customer_726,SMB,Central,2023-08-30,50269.0,74.92,completed,2024-01-09
726,Customer_726,SMB,Central,2023-08-30,50355.0,24.79,shipped,2024-01-12
726,Customer_726,SMB,Central,2023-08-30,50473.0,67.28,completed,2024-01-15
726,Customer_726,SMB,Central,2023-08-30,51098.0,106.41,shipped,2024-02-04
726,Customer_726,SMB,Central,2023-08-30,52780.0,83.89,completed,2024-03-27
726,Customer_726,SMB,Central,2023-08-30,52915.0,83.36,completed,2024-04-01
726,Customer_726,SMB,Central,2023-08-30,52939.0,38.91,pending,2024-04-01
726,Customer_726,SMB,Central,2023-08-30,53037.0,319.27,completed,2024-04-04
726,Customer_726,SMB,Central,2023-08-30,53091.0,35.99,completed,2024-04-06
726,Customer_726,SMB,Central,2023-08-30,54242.0,371.11,shipped,2024-05-12
726,Customer_726,SMB,Central,2023-08-30,54552.0,115.13,pending,2024-05-22
726,Customer_726,SMB,Central,2023-08-30,54853.0,27.67,completed,2024-05-31
727,Customer_727,B2B,North,2023-08-31,50028.0,24.74,completed,2024-01-01
727,Customer_727,B2B,North,2023-08-31,50484.0,95.86,completed,2024-01-16
727,Customer_727,B2B,North,2023-08-31,51180.0,522.65,completed,2024-02-06
727,Customer_727,B2B,North,2023-08-31,53486.0,56.83,shipped,2024-04-18
727,Customer_727,B2B,North,2023-08-31,54096.0,597.01,shipped,2024-05-07
728,Customer_728,SMB,East,2023-08-31,50493.0,179.78,completed,2024-01-16
728,Customer_728,SMB,East,2023-08-31,52154.0,121.84,completed,2024-03-08
728,Customer_728,SMB,East,2023-08-31,52177.0,53.02,completed,2024-03-09
728,Customer_728,SMB,East,2023-08-31,52185.0,103.44,completed,2024-03-09
728,Customer_728,SMB,East,2023-08-31,52388.0,135.72,completed,2024-03-15
728,Customer_728,SMB,East,2023-08-31,53729.0,25.61,completed,2024-04-26
728,Customer_728,SMB,East,2023-08-31,53739.0,147.37,completed,2024-04-26
728,Customer_728,SMB,East,2023-08-31,54423.0,63.57,shipped,2024-05-18
728,Customer_728,SMB,East,2023-08-31,54430.0,157.41,completed,2024-05-18
729,Customer_729,B2B,West,2023-08-31,50896.0,77.02,shipped,2024-01-28
729,Customer_729,B2B,West,2023-08-31,52478.0,179.7,completed,2024-03-18
729,Customer_729,B2B,West,2023-08-31,53246.0,313.23,pending,2024-04-11
729,Customer_729,B2B,West,2023-08-31,53879.0,42.76,completed,2024-05-01
729,Customer_729,B2B,West,2023-08-31,53898.0,20.99,completed,2024-05-01
730,Customer_730,B2B,South,2023-09-01,50589.0,96.94,completed,2024-01-19
730,Customer_730,B2B,South,2023-09-01,50770.0,258.5,completed,2024-01-25
730,Customer_730,B2B,South,2023-09-01,51781.0,169.72,completed,2024-02-25
730,Customer_730,B2B,South,2023-09-01,52042.0,78.8,completed,2024-03-04
730,Customer_730,B2B,South,2023-09-01,52758.0,756.38,completed,2024-03-27
731,Customer_731,B2B,North,2023-09-01,52221.0,439.4,completed,2024-03-10
731,Customer_731,B2B,North,2023-09-01,52372.0,357.25,completed,2024-03-15
731,Customer_731,B2B,North,2023-09-01,54119.0,406.77,completed,2024-05-08
731,Customer_731,B2B,North,2023-09-01,54169.0,85.28,pending,2024-05-10
731,Customer_731,B2B,North,2023-09-01,54176.0,323.84,completed,2024-05-10
731,Customer_731,B2B,North,2023-09-01,54845.0,97.13,completed,2024-05-31
732,Customer_732,SMB,Central,2023-09-01,50194.0,44.15,pending,2024-01-07
732,Customer_732,SMB,Central,2023-09-01,50661.0,190.53,completed,2024-01-21
732,Customer_732,SMB,Central,2023-09-01,51209.0,197.58,pending,2024-02-07
732,Customer_732,SMB,Central,2023-09-01,51212.0,419.44,cancelled,2024-02-07
732,Customer_732,SMB,Central,2023-09-01,52642.0,91.68,shipped,2024-03-23
732,Customer_732,SMB,Central,2023-09-01,54553.0,98.1,completed,2024-05-22
732,Customer_732,SMB,Central,2023-09-01,54962.0,55.11,completed,2024-06-04
733,Customer_733,B2C,North,2023-09-02,51850.0,125.1,completed,2024-02-27
733,Customer_733,B2C,North,2023-09-02,52125.0,44.61,completed,2024-03-07
733,Customer_733,B2C,North,2023-09-02,52425.0,33.77,completed,2024-03-16
733,Customer_733,B2C,North,2023-09-02,54487.0,152.61,completed,2024-05-20
733,Customer_733,B2C,North,2023-09-02,54783.0,82.37,completed,2024-05-29
733,Customer_733,B2C,North,2023-09-02,54935.0,152.91,completed,2024-06-03
734,Customer_734,B2C,Central,2023-09-02,50013.0,283.8,completed,2024-01-01
734,Customer_734,B2C,Central,2023-09-02,50590.0,209.8,completed,2024-01-19
734,Customer_734,B2C,Central,2023-09-02,53679.0,198.34,completed,2024-04-24
734,Customer_734,B2C,Central,2023-09-02,53843.0,274.82,pending,2024-04-30
734,Customer_734,B2C,Central,2023-09-02,53860.0,43.97,completed,2024-04-30
734,Customer_734,B2C,Central,2023-09-02,54765.0,17.76,completed,2024-05-28
735,Customer_735,B2C,East,2023-09-02,51434.0,123.36,shipped,2024-02-14
735,Customer_735,B2C,East,2023-09-02,51769.0,136.81,completed,2024-02-25
735,Customer_735,B2C,East,2023-09-02,52479.0,36.71,completed,2024-03-18
735,Customer_735,B2C,East,2023-09-02,52649.0,25.92,completed,2024-03-23
735,Customer_735,B2C,East,2023-09-02,54105.0,277.54,completed,2024-05-08
736,Customer_736,SMB,West,2023-09-03,51666.0,83.95,completed,2024-02-22
736,Customer_736,SMB,West,2023-09-03,51703.0,110.03,completed,2024-02-23
736,Customer_736,SMB,West,2023-09-03,52645.0,36.01,completed,2024-03-23
736,Customer_736,SMB,West,2023-09-03,53038.0,87.55,completed,2024-04-04
736,Customer_736,SMB,West,2023-09-03,53383.0,562.08,completed,2024-04-15
736,Customer_736,SMB,West,2023-09-03,54171.0,67.86,completed,2024-05-10
737,Customer_737,B2C,East,2023-09-03,50203.0,76.27,pending,2024-01-07
737,Customer_737,B2C,East,2023-09-03,50817.0,56.18,completed,2024-01-26
737,Customer_737,B2C,East,2023-09-03,53220.0,34.66,completed,2024-04-10
737,Customer_737,B2C,East,2023-09-03,54224.0,360.21,pending,2024-05-11
737,Customer_737,B2C,East,2023-09-03,54873.0,114.93,completed,2024-06-01
738,Customer_738,SMB,South,2023-09-03,50033.0,109.9,completed,2024-01-02
738,Customer_738,SMB,South,2023-09-03,50930.0,228.08,shipped,2024-01-30
738,Customer_738,SMB,South,2023-09-03,51776.0,386.41,completed,2024-02-25
738,Customer_738,SMB,South,2023-09-03,51847.0,97.45,shipped,2024-02-27
738,Customer_738,SMB,South,2023-09-03,52246.0,53.22,completed,2024-03-11
739,Customer_739,B2C,North,2023-09-04,51005.0,332.85,shipped,2024-02-01
739,Customer_739,B2C,North,2023-09-04,51823.0,20.13,completed,2024-02-26
739,Customer_739,B2C,North,2023-09-04,52746.0,31.68,shipped,2024-03-26
740,Customer_740,B2C,Central,2023-09-04,51452.0,115.44,completed,2024-02-15
740,Customer_740,B2C,Central,2023-09-04,52722.0,22.47,completed,2024-03-26
740,Customer_740,B2C,Central,2023-09-04,53042.0,208.49,completed,2024-04-05
740,Customer_740,B2C,Central,2023-09-04,54075.0,302.75,completed,2024-05-07
741,Customer_741,B2C,Central,2023-09-04,50246.0,254.58,completed,2024-01-08
741,Customer_741,B2C,Central,2023-09-04,50893.0,254.57,shipped,2024-01-28
741,Customer_741,B2C,Central,2023-09-04,51787.0,170.75,shipped,2024-02-25
742,Customer_742,B2C,North,2023-09-05,52235.0,173.68,completed,2024-03-10
742,Customer_742,B2C,North,2023-09-05,52403.0,175.27,completed,2024-03-16
742,Customer_742,B2C,North,2023-09-05,53512.0,363.95,shipped,2024-04-19
742,Customer_742,B2C,North,2023-09-05,53762.0,99.65,completed,2024-04-27
742,Customer_742,B2C,North,2023-09-05,54618.0,105.34,completed,2024-05-24
743,Customer_743,SMB,North,2023-09-05,50973.0,153.26,completed,2024-01-31
743,Customer_743,SMB,North,2023-09-05,52664.0,37.73,completed,2024-03-24
743,Customer_743,SMB,North,2023-09-05,52966.0,674.37,completed,2024-04-02
743,Customer_743,SMB,North,2023-09-05,54462.0,232.27,completed,2024-05-19
744,Customer_744,B2C,South,2023-09-05,50228.0,472.5,completed,2024-01-08
744,Customer_744,B2C,South,2023-09-05,50637.0,84.91,shipped,2024-01-20
744,Customer_744,B2C,South,2023-09-05,51250.0,53.17,pending,2024-02-09
744,Customer_744,B2C,South,2023-09-05,53943.0,51.1,completed,2024-05-03
745,Customer_745,B2B,East,2023-09-06,51515.0,114.05,completed,2024-02-17
745,Customer_745,B2B,East,2023-09-06,51893.0,534.58,cancelled,2024-02-29
745,Customer_745,B2B,East,2023-09-06,51968.0,96.03,completed,2024-03-02
746,Customer_746,SMB,Central,2023-09-06,50656.0,85.24,completed,2024-01-21
746,Customer_746,SMB,Central,2023-09-06,52888.0,90.1,shipped,2024-03-31
746,Customer_746,SMB,Central,2023-09-06,53916.0,486.04,completed,2024-05-02
747,Customer_747,B2C,South,2023-09-06,51132.0,71.92,completed,2024-02-05
747,Customer_747,B2C,South,2023-09-06,53733.0,394.75,shipped,2024-04-26
747,Customer_747,B2C,South,2023-09-06,54235.0,30.58,completed,2024-05-12
748,Customer_748,B2C,East,2023-09-07,50159.0,136.16,completed,2024-01-05
748,Customer_748,B2C,East,2023-09-07,51025.0,263.35,shipped,2024-02-02
748,Customer_748,B2C,East,2023-09-07,51392.0,288.68,completed,2024-02-13
748,Customer_748,B2C,East,2023-09-07,51507.0,16.02,completed,2024-02-17
748,Customer_748,B2C,East,2023-09-07,53559.0,178.18,completed,2024-04-21
749,Customer_749,Enterprise,South,2023-09-07,50774.0,139.01,shipped,2024-01-25
749,Customer_749,Enterprise,South,2023-09-07,50906.0,61.92,completed,2024-01-29
749,Customer_749,Enterprise,South,2023-09-07,51101.0,25.81,shipped,2024-02-04
749,Customer_749,Enterprise,South,2023-09-07,53844.0,401.21,completed,2024-04-30
749,Customer_749,Enterprise,South,2023-09-07,54440.0,163.25,completed,2024-05-18
749,Customer_749,Enterprise,South,2023-09-07,54543.0,26.19,completed,2024-05-21
749,Customer_749,Enterprise,South,2023-09-07,54819.0,68.31,shipped,2024-05-30
750,Customer_750,B2C,Central,2023-09-07,51325.0,94.65,completed,2024-02-11
750,Customer_750,B2C,Central,2023-09-07,53232.0,20.62,completed,2024-04-10
750,Customer_750,B2C,Central,2023-09-07,54108.0,107.72,completed,2024-05-08
750,Customer_750,B2C,Central,2023-09-07,54911.0,99.7,shipped,2024-06-02
751,Customer_751,B2B,North,2023-09-08,50405.0,229.48,completed,2024-01-13
751,Customer_751,B2B,North,2023-09-08,50851.0,292.9,completed,2024-01-27
751,Customer_751,B2B,North,2023-09-08,51929.0,156.85,completed,2024-03-01
751,Customer_751,B2B,North,2023-09-08,51995.0,969.59,completed,2024-03-03
751,Customer_751,B2B,North,2023-09-08,52159.0,51.35,completed,2024-03-08
751,Customer_751,B2B,North,2023-09-08,52950.0,111.68,shipped,2024-04-02
751,Customer_751,B2B,North,2023-09-08,54942.0,249.22,completed,2024-06-03
752,Customer_752,Enterprise,North,2023-09-08,50439.0,265.68,completed,2024-01-14
752,Customer_752,Enterprise,North,2023-09-08,51039.0,44.45,completed,2024-02-02
752,Customer_752,Enterprise,North,2023-09-08,54121.0,169.7,completed,2024-05-08
752,Customer_752,Enterprise,North,2023-09-08,54868.0,28.4,completed,2024-06-01
752,Customer_752,Enterprise,North,2023-09-08,54946.0,139.81,completed,2024-06-03
753,Customer_753,B2C,East,2023-09-08,50082.0,96.47,shipped,2024-01-03
753,Customer_753,B2C,East,2023-09-08,50168.0,399.46,completed,2024-01-06
753,Customer_753,B2C,East,2023-09-08,50184.0,194.42,completed,2024-01-06
753,Customer_753,B2C,East,2023-09-08,51430.0,62.49,pending,2024-02-14
753,Customer_753,B2C,East,2023-09-08,54154.0,68.31,shipped,2024-05-09
753,Customer_753,B2C,East,2023-09-08,54312.0,441.77,completed,2024-05-14
753,Customer_753,B2C,East,2023-09-08,54370.0,168.42,completed,2024-05-16
754,Customer_754,B2C,West,2023-09-09,50368.0,167.29,pending,2024-01-12
754,Customer_754,B2C,West,2023-09-09,50595.0,24.74,completed,2024-01-19
754,Customer_754,B2C,West,2023-09-09,50706.0,99.94,completed,2024-01-23
754,Customer_754,B2C,West,2023-09-09,51358.0,49.74,completed,2024-02-12
754,Customer_754,B2C,West,2023-09-09,51380.0,124.67,completed,2024-02-13
754,Customer_754,B2C,West,2023-09-09,52617.0,281.71,cancelled,2024-03-22
754,Customer_754,B2C,West,2023-09-09,54583.0,157.49,completed,2024-05-23
755,Customer_755,B2B,East,2023-09-09,50155.0,98.41,shipped,2024-01-05
755,Customer_755,B2B,East,2023-09-09,51629.0,140.84,pending,2024-02-20
755,Customer_755,B2B,East,2023-09-09,53066.0,346.04,completed,2024-04-05
755,Customer_755,B2B,East,2023-09-09,53292.0,195.19,cancelled,2024-04-12
756,Customer_756,SMB,West,2023-09-09,53693.0,22.51,completed,2024-04-25
756,Customer_756,SMB,West,2023-09-09,53769.0,237.6,completed,2024-04-27
756,Customer_756,SMB,West,2023-09-09,53869.0,61.14,completed,2024-04-30
756,Customer_756,SMB,West,2023-09-09,54078.0,133.62,completed,2024-05-07
756,Customer_756,SMB,West,2023-09-09,54229.0,133.99,pending,2024-05-12
757,Customer_757,B2C,South,2023-09-10,51373.0,112.8,cancelled,2024-02-12
757,Customer_757,B2C,South,2023-09-10,51961.0,83.83,cancelled,2024-03-02
757,Customer_757,B2C,South,2023-09-10,53424.0,177.78,completed,2024-04-16
757,Customer_757,B2C,South,2023-09-10,53920.0,56.58,completed,2024-05-02
758,Customer_758,B2C,South,2023-09-10,50064.0,300.35,completed,2024-01-02
758,Customer_758,B2C,South,2023-09-10,51056.0,35.72,cancelled,2024-02-02
758,Customer_758,B2C,South,2023-09-10,51069.0,196.46,shipped,2024-02-03
758,Customer_758,B2C,South,2023-09-10,51172.0,274.33,completed,2024-02-06
758,Customer_758,B2C,South,2023-09-10,51270.0,92.68,completed,2024-02-09
758,Customer_758,B2C,South,2023-09-10,51340.0,26.64,completed,2024-02-11
758,Customer_758,B2C,South,2023-09-10,51481.0,111.77,shipped,2024-02-16
758,Customer_758,B2C,South,2023-09-10,52092.0,705.49,pending,2024-03-06
758,Customer_758,B2C,South,2023-09-10,52195.0,15.48,completed,2024-03-09
758,Customer_758,B2C,South,2023-09-10,52374.0,80.34,completed,2024-03-15
758,Customer_758,B2C,South,2023-09-10,52532.0,219.58,shipped,2024-03-20
758,Customer_758,B2C,South,2023-09-10,53186.0,143.89,pending,2024-04-09
759,Customer_759,SMB,Central,2023-09-10,50117.0,49.18,completed,2024-01-04
759,Customer_759,SMB,Central,2023-09-10,50693.0,125.27,completed,2024-01-22
759,Customer_759,SMB,Central,2023-09-10,51418.0,435.17,completed,2024-02-14
759,Customer_759,SMB,Central,2023-09-10,52005.0,53.65,completed,2024-03-03
759,Customer_759,SMB,Central,2023-09-10,52282.0,18.61,shipped,2024-03-12
760,Customer_760,SMB,West,2023-09-11,50045.0,197.15,pending,2024-01-02
760,Customer_760,SMB,West,2023-09-11,50422.0,57.94,completed,2024-01-14
760,Customer_760,SMB,West,2023-09-11,50603.0,61.42,shipped,2024-01-19
760,Customer_760,SMB,West,2023-09-11,51205.0,95.78,completed,2024-02-07
760,Customer_760,SMB,West,2023-09-11,51813.0,131.08,completed,2024-02-26
760,Customer_760,SMB,West,2023-09-11,53115.0,54.31,completed,2024-04-07
761,Customer_761,B2B,Central,2023-09-11,51564.0,511.5,completed,2024-02-18
761,Customer_761,B2B,Central,2023-09-11,51946.0,481.9,completed,2024-03-01
761,Customer_761,B2B,Central,2023-09-11,52120.0,18.11,completed,2024-03-07
761,Customer_761,B2B,Central,2023-09-11,52299.0,96.59,completed,2024-03-12
761,Customer_761,B2B,Central,2023-09-11,52342.0,402.81,cancelled,2024-03-14
761,Customer_761,B2B,Central,2023-09-11,53073.0,28.8,completed,2024-04-06
761,Customer_761,B2B,Central,2023-09-11,54164.0,53.2,completed,2024-05-10
762,Customer_762,B2C,North,2023-09-11,51391.0,71.44,completed,2024-02-13
762,Customer_762,B2C,North,2023-09-11,52941.0,349.68,completed,2024-04-01
762,Customer_762,B2C,North,2023-09-11,53261.0,23.45,completed,2024-04-11
762,Customer_762,B2C,North,2023-09-11,54084.0,102.6,completed,2024-05-07
763,Customer_763,B2B,West,2023-09-12,50674.0,235.77,completed,2024-01-22
763,Customer_763,B2B,West,2023-09-12,51268.0,309.05,completed,2024-02-09
763,Customer_763,B2B,West,2023-09-12,51288.0,485.49,completed,2024-02-10
763,Customer_763,B2B,West,2023-09-12,52136.0,118.59,completed,2024-03-07
763,Customer_763,B2B,West,2023-09-12,53247.0,126.84,completed,2024-04-11
763,Customer_763,B2B,West,2023-09-12,53313.0,99.14,completed,2024-04-13
763,Customer_763,B2B,West,2023-09-12,53437.0,87.7,cancelled,2024-04-17
763,Customer_763,B2B,West,2023-09-12,54941.0,103.94,completed,2024-06-03
764,Customer_764,SMB,East,2023-09-12,51215.0,63.26,completed,2024-02-07
764,Customer_764,SMB,East,2023-09-12,53351.0,315.11,completed,2024-04-14
764,Customer_764,SMB,East,2023-09-12,54265.0,152.01,completed,2024-05-13
765,Customer_765,B2B,North,2023-09-12,50390.0,261.3,completed,2024-01-13
765,Customer_765,B2B,North,2023-09-12,51612.0,254.3,completed,2024-02-20
765,Customer_765,B2B,North,2023-09-12,53464.0,127.43,shipped,2024-04-18
766,Customer_766,B2C,North,2023-09-13,51986.0,68.65,completed,2024-03-03
766,Customer_766,B2C,North,2023-09-13,52406.0,43.8,completed,2024-03-16
766,Customer_766,B2C,North,2023-09-13,52935.0,21.78,completed,2024-04-01
766,Customer_766,B2C,North,2023-09-13,54134.0,91.86,completed,2024-05-09
767,Customer_767,SMB,East,2023-09-13,51145.0,15.41,shipped,2024-02-05
767,Customer_767,SMB,East,2023-09-13,51478.0,171.89,completed,2024-02-16
767,Customer_767,SMB,East,2023-09-13,52813.0,160.69,completed,2024-03-28
767,Customer_767,SMB,East,2023-09-13,53543.0,299.23,completed,2024-04-20
768,Customer_768,SMB,North,2023-09-13,50651.0,137.71,completed,2024-01-21
768,Customer_768,SMB,North,2023-09-13,51566.0,164.35,completed,2024-02-18
768,Customer_768,SMB,North,2023-09-13,51715.0,46.19,completed,2024-02-23
768,Customer_768,SMB,North,2023-09-13,52744.0,110.3,completed,2024-03-26
768,Customer_768,SMB,North,2023-09-13,53113.0,171.67,completed,2024-04-07
768,Customer_768,SMB,North,2023-09-13,53722.0,46.53,pending,2024-04-26
768,Customer_768,SMB,North,2023-09-13,54623.0,36.99,completed,2024-05-24
769,Customer_769,B2C,West,2023-09-14,51017.0,214.22,completed,2024-02-01
769,Customer_769,B2C,West,2023-09-14,52552.0,113.53,shipped,2024-03-20
769,Customer_769,B2C,West,2023-09-14,53799.0,147.78,pending,2024-04-28
770,Customer_770,SMB,Central,2023-09-14,50581.0,173.76,shipped,2024-01-19
770,Customer_770,SMB,Central,2023-09-14,50822.0,52.07,pending,2024-01-26
770,Customer_770,SMB,Central,2023-09-14,50907.0,129.66,completed,2024-01-29
770,Customer_770,SMB,Central,2023-09-14,52113.0,66.32,pending,2024-03-07
770,Customer_770,SMB,Central,2023-09-14,53088.0,104.4,completed,2024-04-06
770,Customer_770,SMB,Central,2023-09-14,54425.0,59.91,cancelled,2024-05-18
770,Customer_770,SMB,Central,2023-09-14,54866.0,172.52,completed,2024-06-01
771,Customer_771,B2B,North,2023-09-14,52802.0,28.21,completed,2024-03-28
771,Customer_771,B2B,North,2023-09-14,53410.0,99.14,completed,2024-04-16
771,Customer_771,B2B,North,2023-09-14,53692.0,51.65,shipped,2024-04-25
771,Customer_771,B2B,North,2023-09-14,54268.0,39.73,completed,2024-05-13
771,Customer_771,B2B,North,2023-09-14,54912.0,320.8,completed,2024-06-02
772,Customer_772,SMB,West,2023-09-15,50050.0,538.78,completed,2024-01-02
772,Customer_772,SMB,West,2023-09-15,51596.0,27.95,completed,2024-02-19
772,Customer_772,SMB,West,2023-09-15,52016.0,235.06,completed,2024-03-03
772,Customer_772,SMB,West,2023-09-15,52047.0,141.28,completed,2024-03-04
772,Customer_772,SMB,West,2023-09-15,52525.0,49.42,completed,2024-03-19
772,Customer_772,SMB,West,2023-09-15,53734.0,208.09,completed,2024-04-26
772,Customer_772,SMB,West,2023-09-15,54055.0,215.39,completed,2024-05-06
772,Customer_772,SMB,West,2023-09-15,54736.0,191.99,pending,2024-05-27
773,Customer_773,B2B,South,2023-09-15,51001.0,110.83,shipped,2024-02-01
773,Customer_773,B2B,South,2023-09-15,53476.0,237.62,completed,2024-04-18
774,Customer_774,B2C,West,2023-09-15,53883.0,86.51,completed,2024-05-01
774,Customer_774,B2C,West,2023-09-15,54070.0,62.23,completed,2024-05-07
775,Customer_775,SMB,Central,2023-09-16,54640.0,25.12,completed,2024-05-24
776,Customer_776,B2B,West,2023-09-16,50408.0,199.59,completed,2024-01-13
776,Customer_776,B2B,West,2023-09-16,50721.0,218.12,completed,2024-01-23
776,Customer_776,B2B,West,2023-09-16,50848.0,282.35,completed,2024-01-27
776,Customer_776,B2B,West,2023-09-16,52066.0,21.43,completed,2024-03-05
776,Customer_776,B2B,West,2023-09-16,52160.0,25.23,completed,2024-03-08
776,Customer_776,B2B,West,2023-09-16,53239.0,119.46,shipped,2024-04-11
776,Customer_776,B2B,West,2023-09-16,53257.0,59.69,completed,2024-04-11
776,Customer_776,B2B,West,2023-09-16,53809.0,97.57,completed,2024-04-29
776,Customer_776,B2B,West,2023-09-16,54486.0,251.38,cancelled,2024-05-20
777,Customer_777,B2B,East,2023-09-16,50880.0,89.77,shipped,2024-01-28
777,Customer_777,B2B,East,2023-09-16,52286.0,23.58,completed,2024-03-12
778,Customer_778,SMB,Central,2023-09-17,50925.0,140.4,shipped,2024-01-29
778,Customer_778,SMB,Central,2023-09-17,52034.0,165.36,completed,2024-03-04
778,Customer_778,SMB,Central,2023-09-17,52858.0,122.75,completed,2024-03-30
778,Customer_778,SMB,Central,2023-09-17,53553.0,56.32,completed,2024-04-21
778,Customer_778,SMB,Central,2023-09-17,54563.0,65.0,completed,2024-05-22
778,Customer_778,SMB,Central,2023-09-17,54965.0,44.26,pending,2024-06-04
779,Customer_779,SMB,South,2023-09-17,50039.0,73.73,completed,2024-01-02
779,Customer_779,SMB,South,2023-09-17,50963.0,44.68,completed,2024-01-31
779,Customer_779,SMB,South,2023-09-17,51473.0,330.32,completed,2024-02-16
779,Customer_779,SMB,South,2023-09-17,51531.0,145.05,completed,2024-02-17
779,Customer_779,SMB,South,2023-09-17,51794.0,162.21,completed,2024-02-26
779,Customer_779,SMB,South,2023-09-17,53823.0,157.03,completed,2024-04-29
780,Customer_780,B2C,East,2023-09-17,50221.0,187.73,completed,2024-01-07
780,Customer_780,B2C,East,2023-09-17,50431.0,20.66,completed,2024-01-14
780,Customer_780,B2C,East,2023-09-17,50657.0,139.11,completed,2024-01-21
780,Customer_780,B2C,East,2023-09-17,51278.0,97.51,completed,2024-02-09
780,Customer_780,B2C,East,2023-09-17,53231.0,83.43,completed,2024-04-10
780,Customer_780,B2C,East,2023-09-17,54690.0,111.82,completed,2024-05-26
781,Customer_781,B2C,West,2023-09-18,50469.0,154.46,pending,2024-01-15
781,Customer_781,B2C,West,2023-09-18,51328.0,144.32,completed,2024-02-11
781,Customer_781,B2C,West,2023-09-18,52695.0,164.32,cancelled,2024-03-25
781,Customer_781,B2C,West,2023-09-18,53804.0,40.48,completed,2024-04-28
781,Customer_781,B2C,West,2023-09-18,54293.0,42.02,completed,2024-05-14
781,Customer_781,B2C,West,2023-09-18,54576.0,128.95,completed,2024-05-22
781,Customer_781,B2C,West,2023-09-18,54602.0,49.71,shipped,2024-05-23
782,Customer_782,B2C,Central,2023-09-18,50216.0,65.99,completed,2024-01-07
782,Customer_782,B2C,Central,2023-09-18,53114.0,82.95,pending,2024-04-07
782,Customer_782,B2C,Central,2023-09-18,53298.0,34.64,shipped,2024-04-13
783,Customer_783,B2C,South,2023-09-18,50366.0,183.16,cancelled,2024-01-12
783,Customer_783,B2C,South,2023-09-18,50836.0,424.2,shipped,2024-01-27
783,Customer_783,B2C,South,2023-09-18,50979.0,158.65,shipped,2024-01-31
783,Customer_783,B2C,South,2023-09-18,51170.0,37.96,completed,2024-02-06
783,Customer_783,B2C,South,2023-09-18,51717.0,384.33,completed,2024-02-23
783,Customer_783,B2C,South,2023-09-18,51991.0,75.88,pending,2024-03-03
783,Customer_783,B2C,South,2023-09-18,53478.0,29.55,completed,2024-04-18
783,Customer_783,B2C,South,2023-09-18,54305.0,28.37,pending,2024-05-14
783,Customer_783,B2C,South,2023-09-18,54393.0,415.71,completed,2024-05-17
783,Customer_783,B2C,South,2023-09-18,54503.0,132.39,completed,2024-05-20
784,Customer_784,B2C,East,2023-09-19,50511.0,38.35,completed,2024-01-16
784,Customer_784,B2C,East,2023-09-19,53360.0,639.72,completed,2024-04-14
784,Customer_784,B2C,East,2023-09-19,53549.0,79.63,shipped,2024-04-20
784,Customer_784,B2C,East,2023-09-19,53774.0,78.56,completed,2024-04-27
785,Customer_785,B2B,South,2023-09-19,50853.0,49.61,completed,2024-01-27
785,Customer_785,B2B,South,2023-09-19,51981.0,97.35,completed,2024-03-02
785,Customer_785,B2B,South,2023-09-19,52348.0,737.26,completed,2024-03-14
785,Customer_785,B2B,South,2023-09-19,53225.0,150.16,pending,2024-04-10
785,Customer_785,B2B,South,2023-09-19,53381.0,24.27,completed,2024-04-15
785,Customer_785,B2B,South,2023-09-19,53428.0,123.33,completed,2024-04-17
785,Customer_785,B2B,South,2023-09-19,53825.0,15.21,completed,2024-04-29
785,Customer_785,B2B,South,2023-09-19,54953.0,173.48,pending,2024-06-03
786,Customer_786,Enterprise,West,2023-09-19,54035.0,314.72,completed,2024-05-06
786,Customer_786,Enterprise,West,2023-09-19,54450.0,41.59,completed,2024-05-19
787,Customer_787,B2C,South,2023-09-20,51519.0,83.47,completed,2024-02-17
787,Customer_787,B2C,South,2023-09-20,51652.0,369.84,completed,2024-02-21
787,Customer_787,B2C,South,2023-09-20,51724.0,56.81,shipped,2024-02-23
787,Customer_787,B2C,South,2023-09-20,51786.0,17.35,completed,2024-02-25
787,Customer_787,B2C,South,2023-09-20,52036.0,56.76,pending,2024-03-04
787,Customer_787,B2C,South,2023-09-20,53309.0,87.01,pending,2024-04-13
787,Customer_787,B2C,South,2023-09-20,53508.0,425.63,pending,2024-04-19
787,Customer_787,B2C,South,2023-09-20,54591.0,135.89,completed,2024-05-23
788,Customer_788,B2C,North,2023-09-20,51271.0,104.53,shipped,2024-02-09
788,Customer_788,B2C,North,2023-09-20,51295.0,390.63,pending,2024-02-10
788,Customer_788,B2C,North,2023-09-20,51920.0,123.38,completed,2024-02-29
788,Customer_788,B2C,North,2023-09-20,53046.0,100.97,completed,2024-04-05
789,Customer_789,B2C,East,2023-09-20,52704.0,70.91,completed,2024-03-25
789,Customer_789,B2C,East,2023-09-20,52986.0,232.94,pending,2024-04-03
789,Customer_789,B2C,East,2023-09-20,53877.0,134.75,completed,2024-05-01
790,Customer_790,Enterprise,South,2023-09-21,50217.0,59.56,completed,2024-01-07
790,Customer_790,Enterprise,South,2023-09-21,50353.0,15.89,completed,2024-01-12
790,Customer_790,Enterprise,South,2023-09-21,50583.0,206.74,completed,2024-01-19
790,Customer_790,Enterprise,South,2023-09-21,50888.0,34.23,completed,2024-01-28
790,Customer_790,Enterprise,South,2023-09-21,51959.0,261.05,completed,2024-03-02
790,Customer_790,Enterprise,South,2023-09-21,52910.0,626.89,completed,2024-03-31
790,Customer_790,Enterprise,South,2023-09-21,53725.0,91.97,cancelled,2024-04-26
790,Customer_790,Enterprise,South,2023-09-21,54306.0,57.1,completed,2024-05-14
791,Customer_791,B2B,West,2023-09-21,50513.0,102.18,completed,2024-01-17
791,Customer_791,B2B,West,2023-09-21,50796.0,251.47,completed,2024-01-25
791,Customer_791,B2B,West,2023-09-21,52252.0,117.64,completed,2024-03-11
791,Customer_791,B2B,West,2023-09-21,52486.0,45.55,shipped,2024-03-18
791,Customer_791,B2B,West,2023-09-21,53226.0,46.27,completed,2024-04-10
791,Customer_791,B2B,West,2023-09-21,53747.0,58.66,shipped,2024-04-27
791,Customer_791,B2B,West,2023-09-21,53850.0,59.46,completed,2024-04-30
791,Customer_791,B2B,West,2023-09-21,54558.0,76.99,completed,2024-05-22
792,Customer_792,B2C,West,2023-09-21,50242.0,17.82,cancelled,2024-01-08
792,Customer_792,B2C,West,2023-09-21,50977.0,80.97,completed,2024-01-31
792,Customer_792,B2C,West,2023-09-21,51088.0,62.89,completed,2024-02-03
792,Customer_792,B2C,West,2023-09-21,52123.0,193.63,shipped,2024-03-07
792,Customer_792,B2C,West,2023-09-21,52520.0,33.5,completed,2024-03-19
792,Customer_792,B2C,West,2023-09-21,52898.0,17.93,cancelled,2024-03-31
792,Customer_792,B2C,West,2023-09-21,54702.0,49.92,cancelled,2024-05-26
793,Customer_793,B2C,South,2023-09-22,50694.0,89.58,completed,2024-01-22
793,Customer_793,B2C,South,2023-09-22,53816.0,243.94,shipped,2024-04-29
793,Customer_793,B2C,South,2023-09-22,54139.0,88.65,completed,2024-05-09
793,Customer_793,B2C,South,2023-09-22,54966.0,108.62,completed,2024-06-04
794,Customer_794,B2C,West,2023-09-22,50344.0,95.83,completed,2024-01-11
794,Customer_794,B2C,West,2023-09-22,50440.0,72.74,completed,2024-01-14
794,Customer_794,B2C,West,2023-09-22,50613.0,327.06,completed,2024-01-20
794,Customer_794,B2C,West,2023-09-22,51177.0,51.78,pending,2024-02-06
794,Customer_794,B2C,West,2023-09-22,52534.0,57.68,completed,2024-03-20
794,Customer_794,B2C,West,2023-09-22,53369.0,17.4,shipped,2024-04-15
795,Customer_795,B2B,Central,2023-09-22,52132.0,50.05,completed,2024-03-07
795,Customer_795,B2B,Central,2023-09-22,52322.0,201.78,completed,2024-03-13
795,Customer_795,B2B,Central,2023-09-22,52992.0,77.29,completed,2024-04-03
795,Customer_795,B2B,Central,2023-09-22,53790.0,72.36,completed,2024-04-28
795,Customer_795,B2B,Central,2023-09-22,54437.0,49.66,completed,2024-05-18
795,Customer_795,B2B,Central,2023-09-22,54930.0,537.87,completed,2024-06-03
796,Customer_796,SMB,Central,2023-09-23,50291.0,132.31,pending,2024-01-10
796,Customer_796,SMB,Central,2023-09-23,50584.0,15.89,cancelled,2024-01-19
796,Customer_796,SMB,Central,2023-09-23,50971.0,136.45,completed,2024-01-31
796,Customer_796,SMB,Central,2023-09-23,51319.0,91.71,completed,2024-02-11
796,Customer_796,SMB,Central,2023-09-23,51393.0,98.94,completed,2024-02-13
796,Customer_796,SMB,Central,2023-09-23,51588.0,70.95,completed,2024-02-19
796,Customer_796,SMB,Central,2023-09-23,54476.0,85.78,completed,2024-05-19
797,Customer_797,Enterprise,Central,2023-09-23,50003.0,332.8,shipped,2024-01-01
797,Customer_797,Enterprise,Central,2023-09-23,52007.0,116.62,completed,2024-03-03
797,Customer_797,Enterprise,Central,2023-09-23,52626.0,29.57,completed,2024-03-23
797,Customer_797,Enterprise,Central,2023-09-23,52708.0,233.83,cancelled,2024-03-25
797,Customer_797,Enterprise,Central,2023-09-23,53757.0,22.66,completed,2024-04-27
797,Customer_797,Enterprise,Central,2023-09-23,54717.0,144.2,completed,2024-05-27
798,Customer_798,B2C,North,2023-09-23,52553.0,128.7,shipped,2024-03-20
798,Customer_798,B2C,North,2023-09-23,53138.0,33.35,pending,2024-04-08
798,Customer_798,B2C,North,2023-09-23,53554.0,107.57,completed,2024-04-21
799,Customer_799,B2C,South,2023-09-24,50718.0,145.5,shipped,2024-01-23
799,Customer_799,B2C,South,2023-09-24,52580.0,185.23,completed,2024-03-21
799,Customer_799,B2C,South,2023-09-24,53704.0,211.77,completed,2024-04-25
799,Customer_799,B2C,South,2023-09-24,54469.0,156.82,pending,2024-05-19
799,Customer_799,B2C,South,2023-09-24,54509.0,258.24,completed,2024-05-20
800,Customer_800,Enterprise,North,2023-09-24,50265.0,27.43,completed,2024-01-09
800,Customer_800,Enterprise,North,2023-09-24,50964.0,232.61,pending,2024-01-31
800,Customer_800,Enterprise,North,2023-09-24,51984.0,24.22,completed,2024-03-02
800,Customer_800,Enterprise,North,2023-09-24,52496.0,91.18,completed,2024-03-18
800,Customer_800,Enterprise,North,2023-09-24,52979.0,310.56,shipped,2024-04-03
800,Customer_800,Enterprise,North,2023-09-24,53165.0,461.2,pending,2024-04-08
800,Customer_800,Enterprise,North,2023-09-24,53570.0,206.95,pending,2024-04-21
801,Customer_801,SMB,West,2023-09-24,50715.0,441.15,completed,2024-01-23
802,Customer_802,B2B,North,2023-09-25,50890.0,227.49,completed,2024-01-28
802,Customer_802,B2B,North,2023-09-25,51045.0,266.3,pending,2024-02-02
802,Customer_802,B2B,North,2023-09-25,52762.0,537.61,completed,2024-03-27
802,Customer_802,B2B,North,2023-09-25,53166.0,115.54,completed,2024-04-08
802,Customer_802,B2B,North,2023-09-25,53527.0,196.34,completed,2024-04-20
802,Customer_802,B2B,North,2023-09-25,54449.0,580.39,pending,2024-05-19
802,Customer_802,B2B,North,2023-09-25,54812.0,27.98,completed,2024-05-30
803,Customer_803,B2C,West,2023-09-25,53036.0,199.66,pending,2024-04-04
803,Customer_803,B2C,West,2023-09-25,53243.0,122.02,completed,2024-04-11
803,Customer_803,B2C,West,2023-09-25,53254.0,61.35,completed,2024-04-11
803,Customer_803,B2C,West,2023-09-25,54182.0,62.74,completed,2024-05-10
804,Customer_804,B2C,West,2023-09-25,50371.0,283.4,completed,2024-01-12
804,Customer_804,B2C,West,2023-09-25,50791.0,185.56,completed,2024-01-25
804,Customer_804,B2C,West,2023-09-25,50821.0,75.86,completed,2024-01-26
804,Customer_804,B2C,West,2023-09-25,52467.0,131.28,completed,2024-03-18
804,Customer_804,B2C,West,2023-09-25,52714.0,104.5,completed,2024-03-25
804,Customer_804,B2C,West,2023-09-25,52945.0,158.23,cancelled,2024-04-02
804,Customer_804,B2C,West,2023-09-25,53818.0,146.46,completed,2024-04-29
804,Customer_804,B2C,West,2023-09-25,54570.0,66.88,completed,2024-05-22
805,Customer_805,B2C,East,2023-09-26,50912.0,51.56,cancelled,2024-01-29
805,Customer_805,B2C,East,2023-09-26,52097.0,38.35,pending,2024-03-06
805,Customer_805,B2C,East,2023-09-26,52824.0,145.24,completed,2024-03-29
805,Customer_805,B2C,East,2023-09-26,53032.0,36.79,completed,2024-04-04
806,Customer_806,SMB,Central,2023-09-26,50238.0,51.46,completed,2024-01-08
806,Customer_806,SMB,Central,2023-09-26,52169.0,262.49,completed,2024-03-08
806,Customer_806,SMB,Central,2023-09-26,53227.0,343.4,completed,2024-04-10
806,Customer_806,SMB,Central,2023-09-26,53287.0,104.68,completed,2024-04-12
806,Customer_806,SMB,Central,2023-09-26,54795.0,80.4,completed,2024-05-29
807,Customer_807,Enterprise,West,2023-09-26,52237.0,65.77,completed,2024-03-10
807,Customer_807,Enterprise,West,2023-09-26,52547.0,212.3,completed,2024-03-20
807,Customer_807,Enterprise,West,2023-09-26,53205.0,21.59,shipped,2024-04-10
807,Customer_807,Enterprise,West,2023-09-26,53269.0,305.18,completed,2024-04-12
807,Customer_807,Enterprise,West,2023-09-26,53764.0,66.22,completed,2024-04-27
807,Customer_807,Enterprise,West,2023-09-26,54592.0,26.51,completed,2024-05-23
807,Customer_807,Enterprise,West,2023-09-26,54902.0,91.28,pending,2024-06-02
808,Customer_808,Enterprise,East,2023-09-27,51110.0,64.91,completed,2024-02-04
808,Customer_808,Enterprise,East,2023-09-27,51236.0,58.61,completed,2024-02-08
808,Customer_808,Enterprise,East,2023-09-27,51497.0,33.89,completed,2024-02-16
808,Customer_808,Enterprise,East,2023-09-27,53525.0,246.0,shipped,2024-04-20
808,Customer_808,Enterprise,East,2023-09-27,54479.0,157.79,completed,2024-05-19
809,Customer_809,B2C,Central,2023-09-27,50451.0,163.15,cancelled,2024-01-15
809,Customer_809,B2C,Central,2023-09-27,50816.0,72.46,completed,2024-01-26
810,Customer_810,B2B,West,2023-09-27,51072.0,69.65,completed,2024-02-03
810,Customer_810,B2B,West,2023-09-27,51245.0,122.23,completed,2024-02-08
810,Customer_810,B2B,West,2023-09-27,52089.0,345.34,completed,2024-03-06
810,Customer_810,B2B,West,2023-09-27,52688.0,115.79,completed,2024-03-24
810,Customer_810,B2B,West,2023-09-27,52788.0,94.28,completed,2024-03-28
810,Customer_810,B2B,West,2023-09-27,54784.0,43.08,completed,2024-05-29
811,Customer_811,Enterprise,West,2023-09-28,50957.0,28.9,shipped,2024-01-30
811,Customer_811,Enterprise,West,2023-09-28,51019.0,33.07,shipped,2024-02-01
811,Customer_811,Enterprise,West,2023-09-28,51237.0,40.56,completed,2024-02-08
811,Customer_811,Enterprise,West,2023-09-28,52501.0,125.94,completed,2024-03-19
812,Customer_812,SMB,North,2023-09-28,,,,
813,Customer_813,B2B,North,2023-09-28,50479.0,163.05,completed,2024-01-15
813,Customer_813,B2B,North,2023-09-28,52161.0,128.84,completed,2024-03-08
813,Customer_813,B2B,North,2023-09-28,52619.0,90.33,shipped,2024-03-22
813,Customer_813,B2B,North,2023-09-28,53391.0,195.04,completed,2024-04-15
813,Customer_813,B2B,North,2023-09-28,53511.0,477.29,completed,2024-04-19
813,Customer_813,B2B,North,2023-09-28,53667.0,250.23,completed,2024-04-24
814,Customer_814,Enterprise,Central,2023-09-29,52206.0,117.36,shipped,2024-03-09
814,Customer_814,Enterprise,Central,2023-09-29,53897.0,230.5,completed,2024-05-01
814,Customer_814,Enterprise,Central,2023-09-29,54779.0,38.81,completed,2024-05-29
814,Customer_814,Enterprise,Central,2023-09-29,54964.0,197.63,completed,2024-06-04
815,Customer_815,SMB,West,2023-09-29,50130.0,23.6,cancelled,2024-01-05
815,Customer_815,SMB,West,2023-09-29,53968.0,17.6,completed,2024-05-03
815,Customer_815,SMB,West,2023-09-29,54190.0,75.76,completed,2024-05-10
815,Customer_815,SMB,West,2023-09-29,54546.0,223.59,shipped,2024-05-22
816,Customer_816,B2C,South,2023-09-29,54548.0,30.79,completed,2024-05-22
817,Customer_817,B2C,North,2023-09-30,50767.0,116.91,completed,2024-01-24
817,Customer_817,B2C,North,2023-09-30,50809.0,45.75,completed,2024-01-26
817,Customer_817,B2C,North,2023-09-30,51451.0,20.83,completed,2024-02-15
817,Customer_817,B2C,North,2023-09-30,51917.0,50.94,completed,2024-02-29
817,Customer_817,B2C,North,2023-09-30,51932.0,118.01,completed,2024-03-01
817,Customer_817,B2C,North,2023-09-30,53328.0,19.33,completed,2024-04-13
817,Customer_817,B2C,North,2023-09-30,53409.0,20.61,completed,2024-04-16
817,Customer_817,B2C,North,2023-09-30,54403.0,133.2,pending,2024-05-17
818,Customer_818,B2C,Central,2023-09-30,50653.0,30.24,completed,2024-01-21
818,Customer_818,B2C,Central,2023-09-30,52806.0,17.15,completed,2024-03-28
818,Customer_818,B2C,Central,2023-09-30,53488.0,48.29,pending,2024-04-18
819,Customer_819,B2B,West,2023-09-30,50173.0,39.12,completed,2024-01-06
819,Customer_819,B2B,West,2023-09-30,50292.0,590.57,pending,2024-01-10
819,Customer_819,B2B,West,2023-09-30,52093.0,176.81,completed,2024-03-06
819,Customer_819,B2B,West,2023-09-30,52459.0,94.35,completed,2024-03-17
819,Customer_819,B2B,West,2023-09-30,52538.0,27.74,pending,2024-03-20
820,Customer_820,B2C,West,2023-10-01,50468.0,179.77,completed,2024-01-15
820,Customer_820,B2C,West,2023-10-01,50627.0,98.15,completed,2024-01-20
820,Customer_820,B2C,West,2023-10-01,52676.0,348.89,completed,2024-03-24
820,Customer_820,B2C,West,2023-10-01,53894.0,154.38,completed,2024-05-01
820,Customer_820,B2C,West,2023-10-01,53994.0,281.53,shipped,2024-05-04
820,Customer_820,B2C,West,2023-10-01,54016.0,249.25,completed,2024-05-05
821,Customer_821,SMB,South,2023-10-01,51994.0,388.48,shipped,2024-03-03
821,Customer_821,SMB,South,2023-10-01,52785.0,169.74,completed,2024-03-28
821,Customer_821,SMB,South,2023-10-01,53921.0,101.11,completed,2024-05-02
821,Customer_821,SMB,South,2023-10-01,54351.0,138.11,pending,2024-05-15
821,Customer_821,SMB,South,2023-10-01,54737.0,58.84,completed,2024-05-28
822,Customer_822,B2B,Central,2023-10-01,50058.0,83.59,completed,2024-01-02
822,Customer_822,B2B,Central,2023-10-01,50308.0,172.98,cancelled,2024-01-10
822,Customer_822,B2B,Central,2023-10-01,51083.0,19.62,completed,2024-02-03
822,Customer_822,B2B,Central,2023-10-01,51493.0,22.7,shipped,2024-02-16
822,Customer_822,B2B,Central,2023-10-01,52212.0,172.26,completed,2024-03-10
822,Customer_822,B2B,Central,2023-10-01,52657.0,347.11,shipped,2024-03-24
822,Customer_822,B2B,Central,2023-10-01,52669.0,56.3,completed,2024-03-24
822,Customer_822,B2B,Central,2023-10-01,52926.0,166.81,completed,2024-04-01
822,Customer_822,B2B,Central,2023-10-01,53250.0,73.04,cancelled,2024-04-11
822,Customer_822,B2B,Central,2023-10-01,54833.0,66.12,completed,2024-05-31
823,Customer_823,B2C,West,2023-10-02,50006.0,323.34,completed,2024-01-01
823,Customer_823,B2C,West,2023-10-02,53255.0,39.57,cancelled,2024-04-11
824,Customer_824,B2C,North,2023-10-02,50975.0,246.09,pending,2024-01-31
824,Customer_824,B2C,North,2023-10-02,52217.0,141.59,shipped,2024-03-10
824,Customer_824,B2C,North,2023-10-02,52517.0,137.05,completed,2024-03-19
824,Customer_824,B2C,North,2023-10-02,52779.0,485.44,shipped,2024-03-27
824,Customer_824,B2C,North,2023-10-02,52840.0,165.69,completed,2024-03-29
824,Customer_824,B2C,North,2023-10-02,53974.0,16.87,completed,2024-05-04
825,Customer_825,B2C,South,2023-10-02,50300.0,96.23,completed,2024-01-10
825,Customer_825,B2C,South,2023-10-02,50447.0,33.09,shipped,2024-01-14
825,Customer_825,B2C,South,2023-10-02,51726.0,218.75,completed,2024-02-23
825,Customer_825,B2C,South,2023-10-02,51980.0,58.91,completed,2024-03-02
825,Customer_825,B2C,South,2023-10-02,51999.0,216.77,completed,2024-03-03
825,Customer_825,B2C,South,2023-10-02,52080.0,113.02,completed,2024-03-05
825,Customer_825,B2C,South,2023-10-02,52350.0,35.59,completed,2024-03-14
825,Customer_825,B2C,South,2023-10-02,52380.0,29.95,completed,2024-03-15
825,Customer_825,B2C,South,2023-10-02,52772.0,97.6,completed,2024-03-27
825,Customer_825,B2C,South,2023-10-02,53303.0,18.67,completed,2024-04-13
825,Customer_825,B2C,South,2023-10-02,54095.0,85.64,shipped,2024-05-07
825,Customer_825,B2C,South,2023-10-02,54205.0,69.87,completed,2024-05-11
826,Customer_826,Enterprise,Central,2023-10-03,50046.0,66.69,shipped,2024-01-02
826,Customer_826,Enterprise,Central,2023-10-03,51834.0,132.18,completed,2024-02-27
826,Customer_826,Enterprise,Central,2023-10-03,51930.0,241.5,cancelled,2024-03-01
826,Customer_826,Enterprise,Central,2023-10-03,54318.0,91.96,completed,2024-05-14
827,Customer_827,B2C,South,2023-10-03,50860.0,35.21,completed,2024-01-27
827,Customer_827,B2C,South,2023-10-03,52367.0,29.79,completed,2024-03-14
827,Customer_827,B2C,South,2023-10-03,53603.0,84.32,shipped,2024-04-22
827,Customer_827,B2C,South,2023-10-03,54199.0,179.26,completed,2024-05-11
827,Customer_827,B2C,South,2023-10-03,54951.0,167.48,completed,2024-06-03
828,Customer_828,B2C,North,2023-10-03,50886.0,104.23,completed,2024-01-28
828,Customer_828,B2C,North,2023-10-03,51632.0,223.0,completed,2024-02-20
828,Customer_828,B2C,North,2023-10-03,52515.0,231.27,completed,2024-03-19
828,Customer_828,B2C,North,2023-10-03,53142.0,132.2,completed,2024-04-08
828,Customer_828,B2C,North,2023-10-03,54230.0,117.37,completed,2024-05-12
828,Customer_828,B2C,North,2023-10-03,54580.0,201.52,pending,2024-05-23
829,Customer_829,SMB,Central,2023-10-04,52389.0,18.8,completed,2024-03-15
829,Customer_829,SMB,Central,2023-10-04,54188.0,75.27,shipped,2024-05-10
830,Customer_830,B2C,South,2023-10-04,51016.0,44.7,completed,2024-02-01
830,Customer_830,B2C,South,2023-10-04,51852.0,28.45,shipped,2024-02-27
830,Customer_830,B2C,South,2023-10-04,52503.0,30.33,completed,2024-03-19
830,Customer_830,B2C,South,2023-10-04,52920.0,133.4,completed,2024-04-01
830,Customer_830,B2C,South,2023-10-04,53496.0,293.35,completed,2024-04-19
830,Customer_830,B2C,South,2023-10-04,54294.0,43.66,completed,2024-05-14
830,Customer_830,B2C,South,2023-10-04,54733.0,62.59,completed,2024-05-27
831,Customer_831,B2B,East,2023-10-04,51014.0,122.99,completed,2024-02-01
831,Customer_831,B2B,East,2023-10-04,51063.0,16.9,completed,2024-02-03
831,Customer_831,B2B,East,2023-10-04,52240.0,352.19,completed,2024-03-10
831,Customer_831,B2B,East,2023-10-04,52882.0,193.88,completed,2024-03-31
831,Customer_831,B2B,East,2023-10-04,53925.0,42.7,completed,2024-05-02
831,Customer_831,B2B,East,2023-10-04,54901.0,76.98,shipped,2024-06-02
832,Customer_832,B2C,North,2023-10-05,50177.0,81.12,cancelled,2024-01-06
832,Customer_832,B2C,North,2023-10-05,51248.0,176.73,shipped,2024-02-08
832,Customer_832,B2C,North,2023-10-05,51577.0,372.38,completed,2024-02-19
832,Customer_832,B2C,North,2023-10-05,52678.0,353.64,shipped,2024-03-24
832,Customer_832,B2C,North,2023-10-05,53102.0,165.39,completed,2024-04-06
832,Customer_832,B2C,North,2023-10-05,54408.0,32.6,completed,2024-05-17
832,Customer_832,B2C,North,2023-10-05,54551.0,203.34,completed,2024-05-22
832,Customer_832,B2C,North,2023-10-05,54729.0,128.12,completed,2024-05-27
833,Customer_833,B2B,North,2023-10-05,50407.0,417.28,completed,2024-01-13
833,Customer_833,B2B,North,2023-10-05,51020.0,133.67,completed,2024-02-01
833,Customer_833,B2B,North,2023-10-05,51317.0,415.32,completed,2024-02-11
833,Customer_833,B2B,North,2023-10-05,52055.0,91.61,completed,2024-03-05
833,Customer_833,B2B,North,2023-10-05,52061.0,91.47,shipped,2024-03-05
833,Customer_833,B2B,North,2023-10-05,52241.0,16.49,completed,2024-03-11
833,Customer_833,B2B,North,2023-10-05,52760.0,22.07,completed,2024-03-27
833,Customer_833,B2B,North,2023-10-05,52995.0,40.73,pending,2024-04-03
833,Customer_833,B2B,North,2023-10-05,53659.0,349.31,completed,2024-04-24
833,Customer_833,B2B,North,2023-10-05,53678.0,74.85,completed,2024-04-24
833,Customer_833,B2B,North,2023-10-05,54341.0,343.0,completed,2024-05-15
834,Customer_834,B2B,North,2023-10-05,50616.0,51.17,completed,2024-01-20
834,Customer_834,B2B,North,2023-10-05,51008.0,93.29,completed,2024-02-01
834,Customer_834,B2B,North,2023-10-05,51477.0,63.17,completed,2024-02-16
834,Customer_834,B2B,North,2023-10-05,53320.0,348.57,shipped,2024-04-13
834,Customer_834,B2B,North,2023-10-05,54249.0,115.9,completed,2024-05-12
834,Customer_834,B2B,North,2023-10-05,54444.0,191.33,shipped,2024-05-18
835,Customer_835,B2C,East,2023-10-06,50449.0,516.25,shipped,2024-01-15
835,Customer_835,B2C,East,2023-10-06,50575.0,566.41,completed,2024-01-18
835,Customer_835,B2C,East,2023-10-06,51047.0,77.13,shipped,2024-02-02
835,Customer_835,B2C,East,2023-10-06,51292.0,381.99,completed,2024-02-10
835,Customer_835,B2C,East,2023-10-06,53608.0,40.51,completed,2024-04-22
835,Customer_835,B2C,East,2023-10-06,53987.0,174.47,completed,2024-05-04
836,Customer_836,B2C,East,2023-10-06,50223.0,66.95,shipped,2024-01-07
836,Customer_836,B2C,East,2023-10-06,50815.0,50.45,shipped,2024-01-26
836,Customer_836,B2C,East,2023-10-06,52471.0,59.39,completed,2024-03-18
836,Customer_836,B2C,East,2023-10-06,53753.0,312.41,shipped,2024-04-27
836,Customer_836,B2C,East,2023-10-06,53937.0,449.97,shipped,2024-05-03
836,Customer_836,B2C,East,2023-10-06,54505.0,40.06,completed,2024-05-20
836,Customer_836,B2C,East,2023-10-06,54959.0,171.8,shipped,2024-06-03
837,Customer_837,Enterprise,West,2023-10-06,50024.0,172.82,completed,2024-01-01
837,Customer_837,Enterprise,West,2023-10-06,50286.0,60.09,completed,2024-01-09
837,Customer_837,Enterprise,West,2023-10-06,50322.0,416.31,completed,2024-01-11
837,Customer_837,Enterprise,West,2023-10-06,51175.0,169.21,completed,2024-02-06
837,Customer_837,Enterprise,West,2023-10-06,51977.0,249.22,completed,2024-03-02
837,Customer_837,Enterprise,West,2023-10-06,52317.0,211.75,completed,2024-03-13
837,Customer_837,Enterprise,West,2023-10-06,54565.0,249.68,pending,2024-05-22
837,Customer_837,Enterprise,West,2023-10-06,54756.0,583.4,completed,2024-05-28
838,Customer_838,B2C,South,2023-10-07,50187.0,160.9,completed,2024-01-06
838,Customer_838,B2C,South,2023-10-07,51655.0,199.74,completed,2024-02-21
838,Customer_838,B2C,South,2023-10-07,52333.0,222.09,completed,2024-03-13
839,Customer_839,B2C,West,2023-10-07,50873.0,151.14,completed,2024-01-28
839,Customer_839,B2C,West,2023-10-07,52797.0,83.01,completed,2024-03-28
840,Customer_840,B2C,South,2023-10-07,50417.0,96.1,completed,2024-01-14
840,Customer_840,B2C,South,2023-10-07,51630.0,282.21,shipped,2024-02-20
840,Customer_840,B2C,South,2023-10-07,51644.0,52.27,completed,2024-02-21
840,Customer_840,B2C,South,2023-10-07,52417.0,21.92,pending,2024-03-16
840,Customer_840,B2C,South,2023-10-07,52781.0,170.88,pending,2024-03-27
840,Customer_840,B2C,South,2023-10-07,54496.0,496.78,completed,2024-05-20
841,Customer_841,B2B,East,2023-10-08,51302.0,121.35,pending,2024-02-10
841,Customer_841,B2B,East,2023-10-08,52230.0,107.39,pending,2024-03-10
841,Customer_841,B2B,East,2023-10-08,52595.0,149.26,completed,2024-03-22
841,Customer_841,B2B,East,2023-10-08,53610.0,17.99,pending,2024-04-22
842,Customer_842,B2C,East,2023-10-08,52365.0,74.25,pending,2024-03-14
842,Customer_842,B2C,East,2023-10-08,52647.0,58.9,completed,2024-03-23
842,Customer_842,B2C,East,2023-10-08,53961.0,66.16,shipped,2024-05-03
843,Customer_843,B2B,West,2023-10-08,50437.0,236.49,completed,2024-01-14
843,Customer_843,B2B,West,2023-10-08,51709.0,339.26,completed,2024-02-23
843,Customer_843,B2B,West,2023-10-08,53540.0,15.92,shipped,2024-04-20
844,Customer_844,Enterprise,Central,2023-10-09,50716.0,201.27,completed,2024-01-23
844,Customer_844,Enterprise,Central,2023-10-09,50810.0,165.9,completed,2024-01-26
844,Customer_844,Enterprise,Central,2023-10-09,51289.0,293.18,completed,2024-02-10
844,Customer_844,Enterprise,Central,2023-10-09,51437.0,94.21,pending,2024-02-14
844,Customer_844,Enterprise,Central,2023-10-09,53775.0,224.71,completed,2024-04-27
844,Customer_844,Enterprise,Central,2023-10-09,54906.0,34.37,completed,2024-06-02
845,Customer_845,B2B,West,2023-10-09,51009.0,138.42,shipped,2024-02-01
845,Customer_845,B2B,West,2023-10-09,51356.0,33.24,completed,2024-02-12
845,Customer_845,B2B,West,2023-10-09,51856.0,180.03,completed,2024-02-27
845,Customer_845,B2B,West,2023-10-09,52997.0,218.8,completed,2024-04-03
845,Customer_845,B2B,West,2023-10-09,54801.0,479.06,shipped,2024-05-30
845,Customer_845,B2B,West,2023-10-09,54958.0,141.63,completed,2024-06-03
846,Customer_846,B2C,South,2023-10-09,50089.0,202.11,completed,2024-01-03
846,Customer_846,B2C,South,2023-10-09,50879.0,129.12,completed,2024-01-28
846,Customer_846,B2C,South,2023-10-09,52901.0,78.09,completed,2024-03-31
846,Customer_846,B2C,South,2023-10-09,53062.0,23.22,completed,2024-04-05
846,Customer_846,B2C,South,2023-10-09,53605.0,30.54,shipped,2024-04-22
846,Customer_846,B2C,South,2023-10-09,54609.0,19.77,completed,2024-05-24
846,Customer_846,B2C,South,2023-10-09,54704.0,43.83,completed,2024-05-26
847,Customer_847,B2B,West,2023-10-10,52628.0,37.71,completed,2024-03-23
847,Customer_847,B2B,West,2023-10-10,52740.0,102.47,completed,2024-03-26
847,Customer_847,B2B,West,2023-10-10,53713.0,121.92,completed,2024-04-26
848,Customer_848,Enterprise,North,2023-10-10,50761.0,34.98,completed,2024-01-24
848,Customer_848,Enterprise,North,2023-10-10,51282.0,88.43,completed,2024-02-10
848,Customer_848,Enterprise,North,2023-10-10,51431.0,45.72,completed,2024-02-14
848,Customer_848,Enterprise,North,2023-10-10,51758.0,128.97,completed,2024-02-24
848,Customer_848,Enterprise,North,2023-10-10,52346.0,296.33,completed,2024-03-14
848,Customer_848,Enterprise,North,2023-10-10,54703.0,379.21,pending,2024-05-26
849,Customer_849,B2C,South,2023-10-10,50771.0,55.95,completed,2024-01-25
849,Customer_849,B2C,South,2023-10-10,50921.0,75.25,completed,2024-01-29
849,Customer_849,B2C,South,2023-10-10,51183.0,82.74,completed,2024-02-06
849,Customer_849,B2C,South,2023-10-10,51195.0,181.62,completed,2024-02-07
849,Customer_849,B2C,South,2023-10-10,51516.0,76.41,completed,2024-02-17
849,Customer_849,B2C,South,2023-10-10,51696.0,235.45,completed,2024-02-22
849,Customer_849,B2C,South,2023-10-10,52164.0,205.52,completed,2024-03-08
849,Customer_849,B2C,South,2023-10-10,52809.0,41.51,completed,2024-03-28
849,Customer_849,B2C,South,2023-10-10,52931.0,178.75,pending,2024-04-01
849,Customer_849,B2C,South,2023-10-10,53082.0,193.01,completed,2024-04-06
849,Customer_849,B2C,South,2023-10-10,53772.0,353.9,completed,2024-04-27
850,Customer_850,B2C,South,2023-10-11,50147.0,423.29,completed,2024-01-05
850,Customer_850,B2C,South,2023-10-11,50923.0,232.44,completed,2024-01-29
850,Customer_850,B2C,South,2023-10-11,51186.0,43.38,completed,2024-02-07
850,Customer_850,B2C,South,2023-10-11,51521.0,179.27,completed,2024-02-17
850,Customer_850,B2C,South,2023-10-11,52003.0,568.75,cancelled,2024-03-03
850,Customer_850,B2C,South,2023-10-11,53076.0,150.41,shipped,2024-04-06
850,Customer_850,B2C,South,2023-10-11,53265.0,431.5,completed,2024-04-12
850,Customer_850,B2C,South,2023-10-11,53455.0,25.55,completed,2024-04-17
850,Customer_850,B2C,South,2023-10-11,54869.0,51.62,completed,2024-06-01
850,Customer_850,B2C,South,2023-10-11,54931.0,37.21,shipped,2024-06-03
851,Customer_851,B2B,Central,2023-10-11,51530.0,201.82,completed,2024-02-17
851,Customer_851,B2B,Central,2023-10-11,51638.0,34.9,completed,2024-02-21
851,Customer_851,B2B,Central,2023-10-11,52639.0,228.3,completed,2024-03-23
851,Customer_851,B2B,Central,2023-10-11,53806.0,241.26,completed,2024-04-28
851,Customer_851,B2B,Central,2023-10-11,53819.0,92.38,completed,2024-04-29
852,Customer_852,SMB,East,2023-10-11,50676.0,151.93,cancelled,2024-01-22
852,Customer_852,SMB,East,2023-10-11,50864.0,41.5,completed,2024-01-27
852,Customer_852,SMB,East,2023-10-11,51664.0,72.21,completed,2024-02-21
852,Customer_852,SMB,East,2023-10-11,52057.0,162.6,completed,2024-03-05
852,Customer_852,SMB,East,2023-10-11,52472.0,59.08,pending,2024-03-18
852,Customer_852,SMB,East,2023-10-11,53514.0,93.47,pending,2024-04-19
852,Customer_852,SMB,East,2023-10-11,53856.0,112.95,completed,2024-04-30
852,Customer_852,SMB,East,2023-10-11,53993.0,189.95,completed,2024-05-04
853,Customer_853,B2B,South,2023-10-12,50794.0,253.38,completed,2024-01-25
853,Customer_853,B2B,South,2023-10-12,51743.0,95.71,completed,2024-02-24
853,Customer_853,B2B,South,2023-10-12,51778.0,16.59,completed,2024-02-25
853,Customer_853,B2B,South,2023-10-12,51923.0,28.89,completed,2024-03-01
853,Customer_853,B2B,South,2023-10-12,52795.0,59.35,completed,2024-03-28
853,Customer_853,B2B,South,2023-10-12,52943.0,52.71,completed,2024-04-01
853,Customer_853,B2B,South,2023-10-12,53244.0,57.0,completed,2024-04-11
853,Customer_853,B2B,South,2023-10-12,54354.0,58.28,cancelled,2024-05-16
854,Customer_854,SMB,East,2023-10-12,51466.0,150.12,completed,2024-02-15
854,Customer_854,SMB,East,2023-10-12,52091.0,181.46,completed,2024-03-06
854,Customer_854,SMB,East,2023-10-12,53074.0,187.37,completed,2024-04-06
854,Customer_854,SMB,East,2023-10-12,54844.0,25.42,completed,2024-05-31
855,Customer_855,B2B,West,2023-10-12,50414.0,51.0,cancelled,2024-01-13
855,Customer_855,B2B,West,2023-10-12,50675.0,158.89,completed,2024-01-22
855,Customer_855,B2B,West,2023-10-12,51058.0,90.56,completed,2024-02-03
855,Customer_855,B2B,West,2023-10-12,51316.0,389.16,completed,2024-02-11
855,Customer_855,B2B,West,2023-10-12,51940.0,106.28,completed,2024-03-01
855,Customer_855,B2B,West,2023-10-12,52449.0,100.18,completed,2024-03-17
855,Customer_855,B2B,West,2023-10-12,53206.0,34.48,completed,2024-04-10
855,Customer_855,B2B,West,2023-10-12,53262.0,197.26,completed,2024-04-11
855,Customer_855,B2B,West,2023-10-12,54419.0,211.51,shipped,2024-05-18
855,Customer_855,B2B,West,2023-10-12,54828.0,138.75,completed,2024-05-30
856,Customer_856,B2B,North,2023-10-13,50520.0,285.79,pending,2024-01-17
856,Customer_856,B2B,North,2023-10-13,50866.0,407.2,completed,2024-01-28
856,Customer_856,B2B,North,2023-10-13,52506.0,183.61,completed,2024-03-19
856,Customer_856,B2B,North,2023-10-13,52846.0,391.82,completed,2024-03-29
856,Customer_856,B2B,North,2023-10-13,53668.0,33.37,shipped,2024-04-24
856,Customer_856,B2B,North,2023-10-13,54420.0,68.21,shipped,2024-05-18
856,Customer_856,B2B,North,2023-10-13,54650.0,282.87,completed,2024-05-25
857,Customer_857,B2B,Central,2023-10-13,51443.0,30.06,completed,2024-02-15
857,Customer_857,B2B,Central,2023-10-13,52133.0,107.92,completed,2024-03-07
857,Customer_857,B2B,Central,2023-10-13,52863.0,16.22,completed,2024-03-30
857,Customer_857,B2B,Central,2023-10-13,52973.0,288.3,completed,2024-04-02
858,Customer_858,B2C,East,2023-10-13,50766.0,100.06,completed,2024-01-24
858,Customer_858,B2C,East,2023-10-13,50885.0,125.35,completed,2024-01-28
858,Customer_858,B2C,East,2023-10-13,51381.0,241.48,completed,2024-02-13
858,Customer_858,B2C,East,2023-10-13,51857.0,57.12,completed,2024-02-28
858,Customer_858,B2C,East,2023-10-13,52600.0,73.68,completed,2024-03-22
858,Customer_858,B2C,East,2023-10-13,53025.0,137.43,pending,2024-04-04
858,Customer_858,B2C,East,2023-10-13,53355.0,33.74,completed,2024-04-14
858,Customer_858,B2C,East,2023-10-13,53950.0,162.02,completed,2024-05-03
858,Customer_858,B2C,East,2023-10-13,54329.0,153.55,completed,2024-05-15
858,Customer_858,B2C,East,2023-10-13,54535.0,371.7,completed,2024-05-21
859,Customer_859,B2C,South,2023-10-14,51344.0,108.08,completed,2024-02-11
859,Customer_859,B2C,South,2023-10-14,51943.0,728.95,completed,2024-03-01
859,Customer_859,B2C,South,2023-10-14,52265.0,508.97,completed,2024-03-11
859,Customer_859,B2C,South,2023-10-14,52654.0,226.02,completed,2024-03-23
859,Customer_859,B2C,South,2023-10-14,52658.0,148.05,cancelled,2024-03-24
859,Customer_859,B2C,South,2023-10-14,54232.0,120.1,completed,2024-05-12
860,Customer_860,B2B,East,2023-10-14,51415.0,27.45,shipped,2024-02-14
860,Customer_860,B2B,East,2023-10-14,51472.0,67.09,cancelled,2024-02-15
860,Customer_860,B2B,East,2023-10-14,51774.0,180.82,completed,2024-02-25
860,Customer_860,B2B,East,2023-10-14,52692.0,28.43,pending,2024-03-25
861,Customer_861,SMB,South,2023-10-14,51273.0,299.84,completed,2024-02-09
861,Customer_861,SMB,South,2023-10-14,51517.0,40.17,pending,2024-02-17
861,Customer_861,SMB,South,2023-10-14,52523.0,269.55,completed,2024-03-19
861,Customer_861,SMB,South,2023-10-14,52720.0,62.61,shipped,2024-03-25
862,Customer_862,B2C,East,2023-10-15,50924.0,246.49,completed,2024-01-29
862,Customer_862,B2C,East,2023-10-15,52243.0,112.27,cancelled,2024-03-11
862,Customer_862,B2C,East,2023-10-15,52530.0,1111.22,completed,2024-03-20
862,Customer_862,B2C,East,2023-10-15,54447.0,191.2,completed,2024-05-18
863,Customer_863,B2C,South,2023-10-15,50068.0,126.13,cancelled,2024-01-03
863,Customer_863,B2C,South,2023-10-15,51796.0,185.28,completed,2024-02-26
863,Customer_863,B2C,South,2023-10-15,52883.0,62.44,completed,2024-03-31
863,Customer_863,B2C,South,2023-10-15,52963.0,64.77,pending,2024-04-02
863,Customer_863,B2C,South,2023-10-15,54550.0,94.52,completed,2024-05-22
864,Customer_864,B2C,West,2023-10-15,50350.0,249.6,completed,2024-01-11
864,Customer_864,B2C,West,2023-10-15,51120.0,104.19,completed,2024-02-04
864,Customer_864,B2C,West,2023-10-15,51988.0,66.39,completed,2024-03-03
864,Customer_864,B2C,West,2023-10-15,53347.0,103.84,completed,2024-04-14
864,Customer_864,B2C,West,2023-10-15,53404.0,41.56,completed,2024-04-16
864,Customer_864,B2C,West,2023-10-15,54051.0,215.86,completed,2024-05-06
864,Customer_864,B2C,West,2023-10-15,54064.0,46.03,completed,2024-05-06
864,Customer_864,B2C,West,2023-10-15,54669.0,51.47,completed,2024-05-25
865,Customer_865,B2C,South,2023-10-16,52148.0,37.83,completed,2024-03-08
865,Customer_865,B2C,South,2023-10-16,53852.0,519.59,completed,2024-04-30
865,Customer_865,B2C,South,2023-10-16,54140.0,87.57,pending,2024-05-09
865,Customer_865,B2C,South,2023-10-16,54160.0,69.81,shipped,2024-05-09
866,Customer_866,B2C,South,2023-10-16,50546.0,99.01,completed,2024-01-18
866,Customer_866,B2C,South,2023-10-16,52288.0,144.81,completed,2024-03-12
866,Customer_866,B2C,South,2023-10-16,52733.0,252.78,completed,2024-03-26
866,Customer_866,B2C,South,2023-10-16,53742.0,48.76,shipped,2024-04-26
866,Customer_866,B2C,South,2023-10-16,54488.0,30.87,completed,2024-05-20
867,Customer_867,B2B,North,2023-10-16,50594.0,254.14,completed,2024-01-19
867,Customer_867,B2B,North,2023-10-16,50747.0,21.34,completed,2024-01-24
867,Customer_867,B2B,North,2023-10-16,51880.0,55.83,completed,2024-02-28
867,Customer_867,B2B,North,2023-10-16,53792.0,331.49,completed,2024-04-28
868,Customer_868,B2B,South,2023-10-17,50707.0,733.72,completed,2024-01-23
868,Customer_868,B2B,South,2023-10-17,51467.0,17.38,completed,2024-02-15
868,Customer_868,B2B,South,2023-10-17,52279.0,15.98,completed,2024-03-12
868,Customer_868,B2B,South,2023-10-17,53530.0,111.41,completed,2024-04-20
868,Customer_868,B2B,South,2023-10-17,53768.0,477.38,completed,2024-04-27
868,Customer_868,B2B,South,2023-10-17,53927.0,171.78,cancelled,2024-05-02
869,Customer_869,SMB,North,2023-10-17,50152.0,318.15,pending,2024-01-05
869,Customer_869,SMB,North,2023-10-17,51034.0,139.56,completed,2024-02-02
869,Customer_869,SMB,North,2023-10-17,51547.0,135.61,completed,2024-02-18
869,Customer_869,SMB,North,2023-10-17,52948.0,53.35,completed,2024-04-02
869,Customer_869,SMB,North,2023-10-17,53296.0,234.21,shipped,2024-04-12
869,Customer_869,SMB,North,2023-10-17,53371.0,138.51,completed,2024-04-15
869,Customer_869,SMB,North,2023-10-17,54631.0,35.73,completed,2024-05-24
870,Customer_870,Enterprise,Central,2023-10-17,51246.0,106.05,pending,2024-02-08
870,Customer_870,Enterprise,Central,2023-10-17,51294.0,257.02,completed,2024-02-10
870,Customer_870,Enterprise,Central,2023-10-17,52938.0,25.75,completed,2024-04-01
870,Customer_870,Enterprise,Central,2023-10-17,54256.0,238.95,shipped,2024-05-12
870,Customer_870,Enterprise,Central,2023-10-17,54767.0,455.33,completed,2024-05-28
871,Customer_871,B2C,North,2023-10-18,51619.0,246.74,completed,2024-02-20
871,Customer_871,B2C,North,2023-10-18,51953.0,272.98,completed,2024-03-02
871,Customer_871,B2C,North,2023-10-18,53746.0,102.11,completed,2024-04-27
871,Customer_871,B2C,North,2023-10-18,54157.0,122.56,completed,2024-05-09
871,Customer_871,B2C,North,2023-10-18,54594.0,83.52,completed,2024-05-23
871,Customer_871,B2C,North,2023-10-18,54872.0,27.3,completed,2024-06-01
871,Customer_871,B2C,North,2023-10-18,54897.0,213.72,completed,2024-06-02
872,Customer_872,B2C,West,2023-10-18,51138.0,190.08,pending,2024-02-05
872,Customer_872,B2C,West,2023-10-18,51242.0,39.98,cancelled,2024-02-08
872,Customer_872,B2C,West,2023-10-18,51298.0,250.31,shipped,2024-02-10
872,Customer_872,B2C,West,2023-10-18,52771.0,473.89,completed,2024-03-27
872,Customer_872,B2C,West,2023-10-18,53645.0,208.06,completed,2024-04-23
872,Customer_872,B2C,West,2023-10-18,54628.0,451.58,completed,2024-05-24
873,Customer_873,B2C,North,2023-10-18,51265.0,18.43,completed,2024-02-09
873,Customer_873,B2C,North,2023-10-18,53173.0,43.69,completed,2024-04-09
873,Customer_873,B2C,North,2023-10-18,53190.0,34.07,completed,2024-04-09
873,Customer_873,B2C,North,2023-10-18,54369.0,72.09,cancelled,2024-05-16
873,Customer_873,B2C,North,2023-10-18,54982.0,79.05,completed,2024-06-04
874,Customer_874,B2C,Central,2023-10-19,52725.0,27.81,pending,2024-03-26
874,Customer_874,B2C,Central,2023-10-19,54887.0,70.92,completed,2024-06-01
875,Customer_875,B2B,West,2023-10-19,50121.0,129.11,shipped,2024-01-04
875,Customer_875,B2B,West,2023-10-19,50365.0,313.77,pending,2024-01-12
875,Customer_875,B2B,West,2023-10-19,52032.0,36.1,shipped,2024-03-04
875,Customer_875,B2B,West,2023-10-19,52713.0,150.76,shipped,2024-03-25
875,Customer_875,B2B,West,2023-10-19,54025.0,265.34,completed,2024-05-05
876,Customer_876,B2B,East,2023-10-19,51387.0,36.04,completed,2024-02-13
876,Customer_876,B2B,East,2023-10-19,51992.0,20.8,completed,2024-03-03
876,Customer_876,B2B,East,2023-10-19,52339.0,17.25,completed,2024-03-14
876,Customer_876,B2B,East,2023-10-19,53368.0,47.87,completed,2024-04-15
876,Customer_876,B2B,East,2023-10-19,54389.0,89.47,completed,2024-05-17
876,Customer_876,B2B,East,2023-10-19,54528.0,98.14,completed,2024-05-21
876,Customer_876,B2B,East,2023-10-19,54883.0,88.68,completed,2024-06-01
877,Customer_877,SMB,East,2023-10-20,50138.0,89.62,shipped,2024-01-05
877,Customer_877,SMB,East,2023-10-20,50481.0,531.4,pending,2024-01-16
877,Customer_877,SMB,East,2023-10-20,50941.0,268.78,completed,2024-01-30
877,Customer_877,SMB,East,2023-10-20,51073.0,355.33,completed,2024-02-03
877,Customer_877,SMB,East,2023-10-20,51348.0,63.19,cancelled,2024-02-12
877,Customer_877,SMB,East,2023-10-20,52323.0,97.41,pending,2024-03-13
877,Customer_877,SMB,East,2023-10-20,53928.0,141.53,completed,2024-05-02
877,Customer_877,SMB,East,2023-10-20,54337.0,42.42,completed,2024-05-15
878,Customer_878,B2C,North,2023-10-20,50273.0,90.25,completed,2024-01-09
878,Customer_878,B2C,North,2023-10-20,51512.0,288.49,pending,2024-02-17
878,Customer_878,B2C,North,2023-10-20,52803.0,160.15,completed,2024-03-28
878,Customer_878,B2C,North,2023-10-20,54706.0,39.42,pending,2024-05-27
878,Customer_878,B2C,North,2023-10-20,54997.0,69.82,completed,2024-06-05
879,Customer_879,B2B,North,2023-10-20,50335.0,150.19,completed,2024-01-11
879,Customer_879,B2B,North,2023-10-20,54069.0,139.97,completed,2024-05-07
879,Customer_879,B2B,North,2023-10-20,54073.0,44.5,completed,2024-05-07
880,Customer_880,B2B,Central,2023-10-21,51193.0,18.17,completed,2024-02-07
880,Customer_880,B2B,Central,2023-10-21,53500.0,100.56,pending,2024-04-19
880,Customer_880,B2B,Central,2023-10-21,53958.0,49.55,completed,2024-05-03
880,Customer_880,B2B,Central,2023-10-21,53995.0,93.84,completed,2024-05-04
880,Customer_880,B2B,Central,2023-10-21,54041.0,60.12,completed,2024-05-06
881,Customer_881,B2B,Central,2023-10-21,50075.0,72.45,completed,2024-01-03
881,Customer_881,B2B,Central,2023-10-21,50818.0,137.1,shipped,2024-01-26
881,Customer_881,B2B,Central,2023-10-21,50961.0,77.48,completed,2024-01-31
881,Customer_881,B2B,Central,2023-10-21,51459.0,239.53,completed,2024-02-15
881,Customer_881,B2B,Central,2023-10-21,51672.0,19.9,completed,2024-02-22
881,Customer_881,B2B,Central,2023-10-21,51989.0,157.57,completed,2024-03-03
881,Customer_881,B2B,Central,2023-10-21,52163.0,233.22,completed,2024-03-08
881,Customer_881,B2B,Central,2023-10-21,52313.0,152.45,completed,2024-03-13
881,Customer_881,B2B,Central,2023-10-21,52759.0,26.2,completed,2024-03-27
881,Customer_881,B2B,Central,2023-10-21,54726.0,87.09,completed,2024-05-27
881,Customer_881,B2B,Central,2023-10-21,54926.0,132.5,pending,2024-06-02
882,Customer_882,B2C,South,2023-10-21,51338.0,74.11,completed,2024-02-11
882,Customer_882,B2C,South,2023-10-21,52847.0,188.61,shipped,2024-03-29
882,Customer_882,B2C,South,2023-10-21,53044.0,71.38,completed,2024-04-05
883,Customer_883,B2B,Central,2023-10-22,50253.0,16.31,completed,2024-01-08
883,Customer_883,B2B,Central,2023-10-22,50762.0,46.31,completed,2024-01-24
883,Customer_883,B2B,Central,2023-10-22,52844.0,55.7,completed,2024-03-29
883,Customer_883,B2B,Central,2023-10-22,53005.0,101.42,shipped,2024-04-03
883,Customer_883,B2B,Central,2023-10-22,53020.0,17.64,completed,2024-04-04
883,Customer_883,B2B,Central,2023-10-22,54758.0,80.11,completed,2024-05-28
884,Customer_884,B2B,South,2023-10-22,50568.0,98.82,shipped,2024-01-18
884,Customer_884,B2B,South,2023-10-22,50782.0,501.26,completed,2024-01-25
884,Customer_884,B2B,South,2023-10-22,50887.0,59.37,shipped,2024-01-28
884,Customer_884,B2B,South,2023-10-22,51339.0,206.83,completed,2024-02-11
884,Customer_884,B2B,South,2023-10-22,51765.0,132.0,completed,2024-02-25
884,Customer_884,B2B,South,2023-10-22,51990.0,80.5,completed,2024-03-03
884,Customer_884,B2B,South,2023-10-22,53075.0,145.31,cancelled,2024-04-06
884,Customer_884,B2B,South,2023-10-22,53405.0,349.6,completed,2024-04-16
884,Customer_884,B2B,South,2023-10-22,54494.0,50.97,completed,2024-05-20
885,Customer_885,SMB,West,2023-10-22,51901.0,76.51,pending,2024-02-29
885,Customer_885,SMB,West,2023-10-22,53116.0,110.18,completed,2024-04-07
885,Customer_885,SMB,West,2023-10-22,53814.0,73.74,completed,2024-04-29
885,Customer_885,SMB,West,2023-10-22,54492.0,97.73,pending,2024-05-20
886,Customer_886,B2B,North,2023-10-23,51003.0,58.38,completed,2024-02-01
886,Customer_886,B2B,North,2023-10-23,51492.0,387.3,completed,2024-02-16
886,Customer_886,B2B,North,2023-10-23,52033.0,149.29,completed,2024-03-04
886,Customer_886,B2B,North,2023-10-23,52043.0,17.92,pending,2024-03-04
886,Customer_886,B2B,North,2023-10-23,52680.0,179.42,completed,2024-03-24
886,Customer_886,B2B,North,2023-10-23,52906.0,79.17,pending,2024-03-31
887,Customer_887,B2C,West,2023-10-23,50421.0,58.8,completed,2024-01-14
887,Customer_887,B2C,West,2023-10-23,50852.0,113.37,shipped,2024-01-27
887,Customer_887,B2C,West,2023-10-23,51859.0,151.67,completed,2024-02-28
887,Customer_887,B2C,West,2023-10-23,52567.0,40.02,completed,2024-03-21
887,Customer_887,B2C,West,2023-10-23,52831.0,77.04,completed,2024-03-29
887,Customer_887,B2C,West,2023-10-23,53942.0,652.59,completed,2024-05-03
887,Customer_887,B2C,West,2023-10-23,53979.0,522.64,completed,2024-05-04
887,Customer_887,B2C,West,2023-10-23,54441.0,15.02,cancelled,2024-05-18
888,Customer_888,B2B,Central,2023-10-23,50281.0,656.03,completed,2024-01-09
888,Customer_888,B2B,Central,2023-10-23,50427.0,130.85,shipped,2024-01-14
888,Customer_888,B2B,Central,2023-10-23,50692.0,18.3,completed,2024-01-22
888,Customer_888,B2B,Central,2023-10-23,52187.0,318.24,cancelled,2024-03-09
888,Customer_888,B2B,Central,2023-10-23,54148.0,73.61,completed,2024-05-09
888,Customer_888,B2B,Central,2023-10-23,54334.0,206.59,completed,2024-05-15
888,Customer_888,B2B,Central,2023-10-23,54909.0,71.88,cancelled,2024-06-02
889,Customer_889,B2B,West,2023-10-24,50446.0,45.67,pending,2024-01-14
889,Customer_889,B2B,West,2023-10-24,52476.0,207.15,pending,2024-03-18
889,Customer_889,B2B,West,2023-10-24,53012.0,174.04,completed,2024-04-04
889,Customer_889,B2B,West,2023-10-24,53096.0,75.58,pending,2024-04-06
889,Customer_889,B2B,West,2023-10-24,53855.0,296.81,completed,2024-04-30
889,Customer_889,B2B,West,2023-10-24,54709.0,399.76,completed,2024-05-27
889,Customer_889,B2B,West,2023-10-24,54889.0,153.64,shipped,2024-06-01
890,Customer_890,B2B,West,2023-10-24,51226.0,292.98,completed,2024-02-08
890,Customer_890,B2B,West,2023-10-24,51311.0,112.68,completed,2024-02-10
890,Customer_890,B2B,West,2023-10-24,52618.0,177.26,pending,2024-03-22
890,Customer_890,B2B,West,2023-10-24,53181.0,259.46,completed,2024-04-09
890,Customer_890,B2B,West,2023-10-24,53334.0,43.37,completed,2024-04-14
890,Customer_890,B2B,West,2023-10-24,53666.0,126.93,shipped,2024-04-24
890,Customer_890,B2B,West,2023-10-24,54821.0,49.53,completed,2024-05-30
890,Customer_890,B2B,West,2023-10-24,54992.0,45.39,completed,2024-06-04
891,Customer_891,SMB,West,2023-10-24,50010.0,284.49,pending,2024-01-01
891,Customer_891,SMB,West,2023-10-24,50169.0,338.22,pending,2024-01-06
891,Customer_891,SMB,West,2023-10-24,50195.0,65.4,completed,2024-01-07
891,Customer_891,SMB,West,2023-10-24,50307.0,93.57,completed,2024-01-10
891,Customer_891,SMB,West,2023-10-24,51799.0,65.95,completed,2024-02-26
891,Customer_891,SMB,West,2023-10-24,52239.0,86.43,pending,2024-03-10
891,Customer_891,SMB,West,2023-10-24,52395.0,244.33,completed,2024-03-15
891,Customer_891,SMB,West,2023-10-24,53202.0,108.06,cancelled,2024-04-10
891,Customer_891,SMB,West,2023-10-24,53504.0,162.55,shipped,2024-04-19
892,Customer_892,SMB,Central,2023-10-25,51411.0,241.83,pending,2024-02-14
892,Customer_892,SMB,Central,2023-10-25,51490.0,205.31,completed,2024-02-16
892,Customer_892,SMB,Central,2023-10-25,52686.0,29.72,completed,2024-03-24
892,Customer_892,SMB,Central,2023-10-25,53522.0,146.78,completed,2024-04-20
892,Customer_892,SMB,Central,2023-10-25,54405.0,29.94,shipped,2024-05-17
893,Customer_893,SMB,West,2023-10-25,52268.0,179.58,cancelled,2024-03-11
893,Customer_893,SMB,West,2023-10-25,52673.0,310.62,completed,2024-03-24
893,Customer_893,SMB,West,2023-10-25,53108.0,277.62,shipped,2024-04-07
893,Customer_893,SMB,West,2023-10-25,53183.0,83.81,cancelled,2024-04-09
893,Customer_893,SMB,West,2023-10-25,54285.0,112.81,cancelled,2024-05-13
893,Customer_893,SMB,West,2023-10-25,54452.0,116.37,completed,2024-05-19
894,Customer_894,B2C,South,2023-10-25,52545.0,170.28,completed,2024-03-20
894,Customer_894,B2C,South,2023-10-25,53467.0,196.75,completed,2024-04-18
894,Customer_894,B2C,South,2023-10-25,54212.0,733.98,completed,2024-05-11
895,Customer_895,B2C,Central,2023-10-26,51168.0,24.54,completed,2024-02-06
895,Customer_895,B2C,Central,2023-10-26,51822.0,124.72,completed,2024-02-26
895,Customer_895,B2C,Central,2023-10-26,52129.0,161.39,completed,2024-03-07
895,Customer_895,B2C,Central,2023-10-26,52215.0,200.7,completed,2024-03-10
895,Customer_895,B2C,Central,2023-10-26,52448.0,121.72,pending,2024-03-17
895,Customer_895,B2C,Central,2023-10-26,53941.0,170.65,completed,2024-05-03
896,Customer_896,B2B,West,2023-10-26,50015.0,349.06,completed,2024-01-01
896,Customer_896,B2B,West,2023-10-26,53134.0,93.42,shipped,2024-04-07
896,Customer_896,B2B,West,2023-10-26,54202.0,67.7,completed,2024-05-11
897,Customer_897,B2C,Central,2023-10-26,51335.0,123.0,completed,2024-02-11
897,Customer_897,B2C,Central,2023-10-26,51365.0,441.16,completed,2024-02-12
897,Customer_897,B2C,Central,2023-10-26,51444.0,176.32,pending,2024-02-15
897,Customer_897,B2C,Central,2023-10-26,52104.0,59.24,completed,2024-03-06
897,Customer_897,B2C,Central,2023-10-26,52470.0,81.1,completed,2024-03-18
897,Customer_897,B2C,Central,2023-10-26,52671.0,90.44,completed,2024-03-24
898,Customer_898,SMB,East,2023-10-27,50932.0,26.96,completed,2024-01-30
898,Customer_898,SMB,East,2023-10-27,54498.0,126.02,completed,2024-05-20
898,Customer_898,SMB,East,2023-10-27,54944.0,205.76,completed,2024-06-03
898,Customer_898,SMB,East,2023-10-27,54952.0,24.67,completed,2024-06-03
899,Customer_899,B2B,South,2023-10-27,50218.0,178.66,completed,2024-01-07
899,Customer_899,B2B,South,2023-10-27,50915.0,81.23,shipped,2024-01-29
899,Customer_899,B2B,South,2023-10-27,51113.0,26.3,completed,2024-02-04
899,Customer_899,B2B,South,2023-10-27,51552.0,221.91,pending,2024-02-18
899,Customer_899,B2B,South,2023-10-27,52586.0,260.22,completed,2024-03-21
899,Customer_899,B2B,South,2023-10-27,53887.0,299.78,pending,2024-05-01
899,Customer_899,B2B,South,2023-10-27,54438.0,38.51,completed,2024-05-18
900,Customer_900,B2B,West,2023-10-27,50315.0,355.95,shipped,2024-01-10
900,Customer_900,B2B,West,2023-10-27,50529.0,204.0,completed,2024-01-17
900,Customer_900,B2B,West,2023-10-27,50847.0,637.55,pending,2024-01-27
900,Customer_900,B2B,West,2023-10-27,52194.0,76.37,completed,2024-03-09
900,Customer_900,B2B,West,2023-10-27,53000.0,122.01,completed,2024-04-03
900,Customer_900,B2B,West,2023-10-27,54204.0,255.88,completed,2024-05-11
900,Customer_900,B2B,West,2023-10-27,54276.0,143.86,completed,2024-05-13
901,Customer_901,B2B,East,2023-10-28,,,,
902,Customer_902,B2B,East,2023-10-28,,,,
903,Customer_903,B2B,Central,2023-10-28,,,,
904,Customer_904,B2C,East,2023-10-29,,,,
905,Customer_905,B2C,South,2023-10-29,,,,
906,Customer_906,SMB,South,2023-10-29,,,,
907,Customer_907,SMB,North,2023-10-30,,,,
908,Customer_908,B2C,South,2023-10-30,,,,
909,Customer_909,B2C,East,2023-10-30,,,,
910,Customer_910,B2C,South,2023-10-31,,,,
911,Customer_911,B2C,Central,2023-10-31,,,,
912,Customer_912,B2C,North,2023-10-31,,,,
913,Customer_913,B2C,East,2023-11-01,,,,
914,Customer_914,B2C,North,2023-11-01,,,,
915,Customer_915,B2C,East,2023-11-01,,,,
916,Customer_916,B2C,Central,2023-11-02,,,,
917,Customer_917,B2C,North,2023-11-02,,,,
918,Customer_918,Enterprise,West,2023-11-02,,,,
919,Customer_919,SMB,East,2023-11-03,,,,
920,Customer_920,B2B,West,2023-11-03,,,,
921,Customer_921,SMB,North,2023-11-03,,,,
922,Customer_922,B2C,West,2023-11-04,,,,
923,Customer_923,SMB,West,2023-11-04,,,,
924,Customer_924,SMB,North,2023-11-04,,,,
925,Customer_925,B2C,Central,2023-11-05,,,,
926,Customer_926,B2B,West,2023-11-05,,,,
927,Customer_927,B2C,West,2023-11-05,,,,
928,Customer_928,B2C,Central,2023-11-06,,,,
929,Customer_929,B2C,West,2023-11-06,,,,
930,Customer_930,B2C,West,2023-11-06,,,,
931,Customer_931,B2B,West,2023-11-07,,,,
932,Customer_932,SMB,South,2023-11-07,,,,
933,Customer_933,Enterprise,Central,2023-11-07,,,,
934,Customer_934,B2C,West,2023-11-08,,,,
935,Customer_935,B2B,Central,2023-11-08,,,,
936,Customer_936,B2C,East,2023-11-08,,,,
937,Customer_937,B2B,East,2023-11-09,,,,
938,Customer_938,Enterprise,West,2023-11-09,,,,
939,Customer_939,B2B,Central,2023-11-09,,,,
940,Customer_940,B2C,Central,2023-11-10,,,,
941,Customer_941,B2C,Central,2023-11-10,,,,
942,Customer_942,B2C,South,2023-11-10,,,,
943,Customer_943,B2C,East,2023-11-11,,,,
944,Customer_944,SMB,Central,2023-11-11,,,,
945,Customer_945,B2B,Central,2023-11-11,,,,
946,Customer_946,B2B,South,2023-11-12,,,,
947,Customer_947,B2B,South,2023-11-12,,,,
948,Customer_948,Enterprise,Central,2023-11-12,,,,
949,Customer_949,SMB,North,2023-11-13,,,,
950,Customer_950,B2C,Central,2023-11-13,,,,
951,Customer_951,B2C,Central,2023-11-13,,,,
952,Customer_952,B2C,South,2023-11-14,,,,
953,Customer_953,B2B,South,2023-11-14,,,,
954,Customer_954,Enterprise,Central,2023-11-14,,,,
955,Customer_955,B2C,Central,2023-11-15,,,,
956,Customer_956,B2C,Central,2023-11-15,,,,
957,Customer_957,B2C,South,2023-11-15,,,,
958,Customer_958,B2B,Central,2023-11-16,,,,
959,Customer_959,B2B,Central,2023-11-16,,,,
960,Customer_960,SMB,West,2023-11-16,,,,
961,Customer_961,B2B,North,2023-11-17,,,,
962,Customer_962,B2C,East,2023-11-17,,,,
963,Customer_963,B2B,North,2023-11-17,,,,
964,Customer_964,B2C,West,2023-11-18,,,,
965,Customer_965,B2C,East,2023-11-18,,,,
966,Customer_966,B2C,Central,2023-11-18,,,,
967,Customer_967,SMB,West,2023-11-19,,,,
968,Customer_968,B2C,Central,2023-11-19,,,,
969,Customer_969,B2C,South,2023-11-19,,,,
970,Customer_970,B2C,West,2023-11-20,,,,
971,Customer_971,B2C,South,2023-11-20,,,,
972,Customer_972,Enterprise,West,2023-11-20,,,,
973,Customer_973,SMB,West,2023-11-21,,,,
974,Customer_974,B2B,South,2023-11-21,,,,
975,Customer_975,B2B,East,2023-11-21,,,,
976,Customer_976,B2C,North,2023-11-22,,,,
977,Customer_977,B2C,Central,2023-11-22,,,,
978,Customer_978,B2B,West,2023-11-22,,,,
979,Customer_979,B2C,Central,2023-11-23,,,,
980,Customer_980,B2C,South,2023-11-23,,,,
981,Customer_981,B2C,Central,2023-11-23,,,,
982,Customer_982,SMB,South,2023-11-24,,,,
983,Customer_983,B2B,Central,2023-11-24,,,,
984,Customer_984,B2B,North,2023-11-24,,,,
985,Customer_985,SMB,North,2023-11-25,,,,
986,Customer_986,B2C,North,2023-11-25,,,,
987,Customer_987,B2C,North,2023-11-25,,,,
988,Customer_988,B2C,North,2023-11-26,,,,
989,Customer_989,B2B,North,2023-11-26,,,,
990,Customer_990,SMB,South,2023-11-26,,,,
991,Customer_991,SMB,West,2023-11-27,,,,
992,Customer_992,B2C,Central,2023-11-27,,,,
993,Customer_993,B2C,North,2023-11-27,,,,
994,Customer_994,B2C,South,2023-11-28,,,,
995,Customer_995,B2C,South,2023-11-28,,,,
996,Customer_996,B2B,South,2023-11-28,,,,
997,Customer_997,Enterprise,West,2023-11-29,,,,
998,Customer_998,B2B,Central,2023-11-29,,,,
999,Customer_999,Enterprise,West,2023-11-29,,,,
1000,Customer_1000,B2C,East,2023-11-30,,,,
