customer_id,name,revenue,age,transactions,revenue_normalized,revenue_zscore,revenue_rank
42666,Customer_42666,5187.36,36,21,1.0,21.001103127395492,1
182514,Customer_182514,5147.68,52,23,0.9923135930078493,20.827604152872006,2
173067,Customer_173067,4920.63,19,6,0.9483317707405141,19.834838473296436,3
161368,Customer_161368,4332.62,70,18,0.834428439705871,17.26379179966847,4
295829,Customer_295829,4316.35,18,6,0.8312767803872648,17.19265197316905,5
135050,Customer_135050,4112.5,64,38,0.7917890267242115,16.301327226278584,6
90929,Customer_90929,3939.11,62,30,0.7582016752028143,15.543187428077275,7
400244,Customer_400244,3842.62,36,12,0.739510611425782,15.121289342095126,8
668185,Customer_668185,3749.18,70,21,0.7214103627023299,14.712727240797875,9
583034,Customer_583034,3609.12,30,7,0.6942793606025152,14.100321334251502,10
38588,Customer_38588,3568.16,61,38,0.6863450049977142,13.92122561861435,11
878236,Customer_878236,3540.49,38,27,0.6809850533476937,13.800239816571382,12
856929,Customer_856929,3509.91,51,27,0.6750614060236017,13.666530173402826,13
266452,Customer_266452,3361.1,45,33,0.6462354427044995,13.015865294399786,14
863651,Customer_863651,3356.47,53,37,0.6453385660821794,12.995620832402714,15
661724,Customer_661724,3336.58,22,1,0.6414856770934224,12.908652722441218,16
754665,Customer_754665,3320.33,19,36,0.6383378919718888,12.837600345021693,17
57014,Customer_57014,3300.95,62,4,0.6345837950084845,12.75286218659767,18
797081,Customer_797081,3261.76,59,34,0.6269923058446137,12.581505714531755,19
614110,Customer_614110,3259.6,33,22,0.6265738925607668,12.57206121390245,20
11590,Customer_11590,3239.53,71,5,0.6226861357983559,12.484306062221846,21
352844,Customer_352844,3227.06,21,22,0.6202705739235543,12.4297815609036,22
741567,Customer_741567,3197.33,49,22,0.6145115799750502,12.299788503630833,23
346159,Customer_346159,3137.78,45,23,0.602976158191215,12.039408868225747,24
205726,Customer_205726,3131.56,46,7,0.6017712829016186,12.01221220437655,25
33807,Customer_33807,3128.65,65,27,0.6012075872275472,11.999488363250961,26
46120,Customer_46120,3124.34,37,18,0.6003726977583896,11.980643086532307,27
233085,Customer_233085,3107.39,33,15,0.597089315739313,11.906529991316248,28
504402,Customer_504402,3094.37,49,34,0.5945672134450135,11.849600640300729,29
173236,Customer_173236,3084.7,25,15,0.592694039160384,11.807319010168616,30
421507,Customer_421507,3073.6,54,8,0.5905438597850595,11.758784770823588,31
959362,Customer_959362,3070.1,61,25,0.5898658752973447,11.743481181840922,32
697180,Customer_697180,3068.39,38,39,0.5895346314476325,11.73600428550939,33
956069,Customer_956069,3065.05,73,20,0.5888876405364989,11.721400289165931,34
106688,Customer_106688,3055.8,63,38,0.5870958243903952,11.680955089711741,35
797367,Customer_797367,3036.4,26,26,0.5833378532299182,11.596129482207816,36
71360,Customer_71360,3027.8,20,32,0.5816719484886758,11.558526377850407,37
766581,Customer_766581,3023.62,31,6,0.5808622413004905,11.540249520151107,38
8092,Customer_8092,3023.6,34,2,0.5808583671034179,11.540162071071206,39
251221,Customer_251221,2968.78,27,3,0.5702391929272659,11.300464143062696,40
485094,Customer_485094,2959.02,29,38,0.5683485847558094,11.25778899207103,41
396269,Customer_396269,2952.96,33,34,0.5671747030427944,11.231291920861041,42
434738,Customer_434738,2949.4,29,18,0.5664850959638615,11.215725984638672,43
140357,Customer_140357,2946.64,25,5,0.5659504567678348,11.203658011612339,44
856409,Customer_856409,2939.48,64,34,0.5645634942158239,11.1723512410078,45
348025,Customer_348025,2933.13,54,5,0.5633334366452554,11.144586158139246,46
467728,Customer_467728,2921.37,51,20,0.5610554087665331,11.093166099157486,47
743133,Customer_743133,2915.59,74,39,0.5599357658125355,11.067893315066112,48
970804,Customer_970804,2915.0,42,4,0.5598214769988921,11.065313567209033,49
291781,Customer_291781,2914.39,44,27,0.559703313988176,11.062646370272052,50
688207,Customer_688207,2906.54,73,20,0.5581826916371583,11.02832260641093,51
170319,Customer_170319,2884.63,45,28,0.5539385087440628,10.932522139379437,52
606230,Customer_606230,2877.64,64,15,0.5525844768671693,10.901958685954051,53
923999,Customer_923999,2847.6,43,26,0.5467654328640389,10.77061016794282,54
937685,Customer_937685,2845.27,74,37,0.5463140889050745,10.76042235013436,55
639264,Customer_639264,2841.48,31,28,0.545579928559806,10.743850749493129,56
520851,Customer_520851,2825.45,46,16,0.5424747596060716,10.673760311952515,57
820087,Customer_820087,2824.54,46,37,0.5422984836392658,10.669781378817023,58
894152,Customer_894152,2819.06,24,28,0.5412369536413578,10.645820330924161,59
672757,Customer_672757,2817.26,57,1,0.5408882759048188,10.637949913733078,60
187523,Customer_187523,2815.15,61,36,0.5404795481136535,10.628724035803526,61
70032,Customer_70032,2807.26,23,32,0.5389511773684904,10.594225373782601,62
409435,Customer_409435,2800.0,56,14,0.537544843831116,10.562481357778553,63
341389,Customer_341389,2789.91,74,2,0.5355903114079607,10.518363296968522,64
93170,Customer_93170,2772.36,33,25,0.5321907034767045,10.441626729355438,65
44384,Customer_44384,2771.61,24,29,0.5320454210864799,10.438347388859151,66
451150,Customer_451150,2766.17,47,23,0.5309916394827172,10.414561239126092,67
563798,Customer_563798,2764.97,33,1,0.5307591876583578,10.409314294332034,68
451540,Customer_451540,2763.67,51,35,0.5305073648486351,10.403630104138474,69
207876,Customer_207876,2762.22,25,25,0.5302264855608675,10.397290045845653,70
797976,Customer_797976,2761.66,31,16,0.5301180080428332,10.394841471608427,71
238692,Customer_238692,2738.66,44,5,0.525662681409278,10.29427502972233,72
446152,Customer_446152,2736.72,46,39,0.5252868842932302,10.285792468971938,73
606149,Customer_606149,2726.34,46,15,0.5232761760125215,10.240406396503344,74
915907,Customer_915907,2715.52,53,33,0.5211802353962142,10.193096444276929,75
846586,Customer_846586,2708.2,46,13,0.5197622792676218,10.161090081033178,76
426750,Customer_426750,2707.3,54,5,0.5195879403993523,10.157154872437637,77
673320,Customer_673320,2692.68,26,25,0.5167559023392402,10.09322959503004,78
953244,Customer_953244,2685.09,66,4,0.515285644550167,10.060042669207629,79
641720,Customer_641720,2678.17,44,27,0.5139451723630278,10.0297852875619,80
116896,Customer_116896,2667.82,74,26,0.511940275377928,9.984530388713157,81
655202,Customer_655202,2650.12,19,15,0.5085116109686267,9.907137953000813,82
200333,Customer_200333,2647.23,53,1,0.5079517894916279,9.894501560955126,83
824513,Customer_824513,2645.6,25,23,0.5076360424302063,9.887374460943198,84
162055,Customer_162055,2639.5,47,37,0.5064544123230461,9.860702491573406,85
925791,Customer_925791,2639.13,41,28,0.5063827396772019,9.85908468359524,86
378756,Customer_378756,2636.9,43,28,0.5059507667036007,9.849334111186284,87
56519,Customer_56519,2611.78,50,1,0.501084775180344,9.739498066830686,88
941740,Customer_941740,2607.89,71,11,0.5003312438497122,9.72248922078995,89
253711,Customer_253711,2606.55,26,9,0.5000716726458442,9.716630132436588,90
669002,Customer_669002,2605.2,19,6,0.49981016434343983,9.710727319543272,91
255100,Customer_255100,2593.32,48,28,0.4975088912822818,9.658782566082108,92
634128,Customer_634128,2585.66,56,24,0.49602507380345423,9.62528956848004,93
934130,Customer_934130,2580.87,37,12,0.49509720360455295,9.604345513843763,94
273371,Customer_273371,2580.41,41,29,0.49500809707188187,9.602334185006042,95
608788,Customer_608788,2580.38,32,36,0.4950022857762729,9.602203011386191,96
606184,Customer_606184,2578.21,22,4,0.49458193539388967,9.592714786216936,97
842143,Customer_842143,2578.18,26,26,0.4945761240982806,9.592583612597084,98
80669,Customer_80669,2570.25,65,30,0.49304000495897227,9.557910052416357,99
51472,Customer_51472,2569.95,56,31,0.4929818920028824,9.556598316217842,100
445856,Customer_445856,2567.75,27,10,0.4925557303248902,9.546978917428738,101
284839,Customer_284839,2566.49,29,11,0.4923116559093128,9.541469625394978,102
166929,Customer_166929,2564.15,64,36,0.491858374851812,9.531238083046567,103
604731,Customer_604731,2563.8,27,15,0.4917905764030405,9.5297077241483,104
225212,Customer_225212,2563.25,43,11,0.49168403598354243,9.527302874451024,105
113398,Customer_113398,2556.16,36,36,0.49031063312128564,9.496302175626136,106
694680,Customer_694680,2555.32,64,20,0.4901479168442341,9.492629314270296,107
33464,Customer_33464,2554.3,53,19,0.4899503327935286,9.488169411195349,108
122380,Customer_122380,2543.06,51,27,0.4877730340386955,9.439023028291011,109
923313,Customer_923313,2541.93,52,18,0.48755414190409035,9.434082155276608,110
137188,Customer_137188,2541.12,27,18,0.4873972369226478,9.430540467540618,111
383478,Customer_383478,2541.01,22,5,0.48737592883874825,9.430059497601166,112
238710,Customer_238710,2540.56,28,19,0.4872887594046134,9.428091893303392,113
427025,Customer_427025,2539.26,42,31,0.4870369365948908,9.422407703109831,114
799011,Customer_799011,2538.49,70,26,0.4868877800075934,9.419040913533642,115
410653,Customer_410653,2538.18,60,21,0.48682772995296725,9.417685452795178,116
224309,Customer_224309,2537.72,36,17,0.4867386234202961,9.415674123957457,117
384439,Customer_384439,2533.63,41,31,0.4859463501189379,9.397790787117714,118
744920,Customer_744920,2530.06,37,14,0.48525480594146864,9.382181126355393,119
891325,Customer_891325,2524.92,60,28,0.4842591372937959,9.359706712820849,120
917690,Customer_917690,2517.44,44,8,0.4828101875886223,9.327000756937892,121
728707,Customer_728707,2514.17,46,9,0.48217675636724294,9.312702832374086,122
639554,Customer_639554,2511.4,36,15,0.48164018007268,9.300591134807805,123
331332,Customer_331332,2509.15,28,37,0.4812043329020061,9.290753113318948,124
279342,Customer_279342,2505.41,45,26,0.4804798580494193,9.274400135377467,125
27131,Customer_27131,2503.34,47,20,0.48007887865239934,9.265349155607721,126
700742,Customer_700742,2494.99,68,17,0.4784614013745651,9.22883916474907,127
433190,Customer_433190,2493.92,58,2,0.47825413183117804,9.224160638974372,128
87940,Customer_87940,2491.73,71,35,0.47782990725172214,9.214584964725216,129
175181,Customer_175181,2490.07,43,17,0.4775083488946916,9.207326691093439,130
412729,Customer_412729,2488.66,48,18,0.4772352180010693,9.20116153096042,131
499716,Customer_499716,2488.05,30,29,0.47711705499035334,9.198494334023442,132
754831,Customer_754831,2485.57,54,6,0.47663665455334386,9.187650648115724,133
519752,Customer_519752,2483.69,52,29,0.47627248002851413,9.179430434605033,134
97425,Customer_97425,2482.59,69,6,0.476059399189518,9.174620735210482,135
949789,Customer_949789,2481.6,37,37,0.4758676264344215,9.170292005755384,136
621032,Customer_621032,2476.98,73,33,0.4749726869106378,9.150091268298263,137
742130,Customer_742130,2468.14,52,31,0.4732602918045235,9.111438774982043,138
251134,Customer_251134,2464.11,38,15,0.47247964109438323,9.093817785382,139
971436,Customer_971436,2460.08,20,20,0.4716989903842429,9.076196795781959,140
725323,Customer_725323,2459.08,40,14,0.47150528053061,9.071824341786911,141
154127,Customer_154127,2457.75,69,26,0.4712476464252784,9.066008977973498,142
163794,Customer_163794,2455.23,46,27,0.47075949759412367,9.054990393905978,143
766368,Customer_766368,2449.34,42,13,0.46961854655622626,9.029236639875148,144
126598,Customer_126598,2449.0,21,17,0.4695526852059911,9.02775000551683,145
121844,Customer_121844,2444.81,64,26,0.4687410409192695,9.009429423277581,146
172118,Customer_172118,2442.96,35,33,0.46838267769004877,9.001340383386744,147
420607,Customer_420607,2441.6,73,32,0.46811923228910807,8.995393845953478,148
86874,Customer_86874,2438.66,19,37,0.46754972531942757,8.982538831208037,149
977946,Customer_977946,2432.83,64,17,0.4664203968727481,8.95704742441691,150
534351,Customer_534351,2431.55,51,39,0.4661724482600982,8.95145068330325,151
804582,Customer_804582,2431.5,37,11,0.46616276276741647,8.951232060603497,152
541129,Customer_541129,2430.61,68,38,0.46599036099768326,8.947340576547905,153
67254,Customer_67254,2428.07,61,22,0.4654983379694559,8.936234543400484,154
140770,Customer_140770,2427.46,22,30,0.46538017495873985,8.933567346463505,155
511073,Customer_511073,2426.83,63,3,0.46525813775095115,8.930812700446625,156
476776,Customer_476776,2423.78,60,1,0.46466732269737104,8.91747671576173,157
47695,Customer_47695,2423.57,20,9,0.4646266436281081,8.91655850042277,158
779789,Customer_779789,2419.4,24,10,0.4638188735384592,8.898325367263421,159
802200,Customer_802200,2417.68,41,19,0.46348569259021066,8.890804746391938,160
100137,Customer_100137,2416.49,46,32,0.4632551778643876,8.885601526137831,161
538505,Customer_538505,2414.67,60,7,0.4629026259307759,8.877643659866845,162
840099,Customer_840099,2409.38,71,11,0.4618779008050582,8.854513378233044,163
800608,Customer_800608,2406.12,41,32,0.4612464066822151,8.840259178209187,164
716228,Customer_716228,2402.85,37,34,0.46061297546083574,8.825961253645382,165
524470,Customer_524470,2398.72,68,23,0.4598129537653321,8.807903018645835,166
467908,Customer_467908,2398.45,62,2,0.4597606521048513,8.806722456067172,167
364055,Customer_364055,2396.62,52,22,0.4594061630727032,8.798720865256234,168
881802,Customer_881802,2390.22,18,31,0.458166420009453,8.770737159687929,169
685978,Customer_685978,2390.03,46,3,0.45812961513726286,8.769906393428872,170
81746,Customer_81746,2388.41,62,5,0.4578158051743776,8.762823017956894,171
866195,Customer_866195,2378.25,56,18,0.45584771306146804,8.71839888536721,172
58305,Customer_58305,2377.98,52,26,0.45579541140098717,8.717218322788547,173
672804,Customer_672804,2377.28,62,13,0.4556598145034442,8.714157604992014,174
504735,Customer_504735,2372.63,64,14,0.45475906368405156,8.693825693915043,175
942388,Customer_942388,2371.91,67,7,0.45461959258943585,8.690677527038607,176
259419,Customer_259419,2360.86,30,10,0.4524790987067931,8.642361910393332,177
529028,Customer_529028,2360.01,54,24,0.4523144453312052,8.638645324497542,178
998192,Customer_998192,2356.24,55,8,0.4515841591830093,8.62216117293621,179
806783,Customer_806783,2341.72,58,37,0.44877149210826056,8.558673140928118,180
171612,Customer_171612,2337.56,51,14,0.447965659117148,8.54048373230872,181
20023,Customer_20023,2335.54,70,11,0.4475743652128097,8.531651375238726,182
727327,Customer_727327,2334.31,59,35,0.4473361020928413,8.526273256824815,183
145339,Customer_145339,2334.22,35,38,0.4473186682060143,8.525879735965262,184
123642,Customer_123642,2333.35,22,23,0.44715014063335373,8.52207570098957,185
400341,Customer_400341,2332.83,42,24,0.4470494115094647,8.519802024912146,186
269913,Customer_269913,2330.57,38,28,0.4466116272402545,8.509920278883339,187
517287,Customer_517287,2330.21,60,22,0.44654189169294667,8.508346195445121,188
227597,Customer_227597,2327.32,26,19,0.4459820702159478,8.495709803399434,189
738238,Customer_738238,2325.69,35,32,0.44566632315452626,8.488582703387506,190
823269,Customer_823269,2325.55,70,37,0.4456392037750177,8.4879705598282,191
876730,Customer_876730,2324.81,43,13,0.44549585848332934,8.484734943871864,192
346926,Customer_346926,2322.82,26,34,0.44511037587460006,8.47603376042172,193
851999,Customer_851999,2322.49,30,19,0.44504645162290113,8.474590850603352,194
881768,Customer_881768,2320.34,32,26,0.44462997543759064,8.465190074514002,195
234369,Customer_234369,2317.14,68,39,0.4440101039059655,8.451198221729848,196
145545,Customer_145545,2316.08,74,28,0.4438047714611147,8.446563420495098,197
175614,Customer_175614,2315.81,25,24,0.4437524698006338,8.445382857916435,198
491782,Customer_491782,2311.7,73,6,0.4429563223022029,8.427412071996788,199
109615,Customer_109615,2311.2,60,15,0.44285946737538645,8.425225844999265,200
257038,Customer_257038,2308.49,72,4,0.44233451367204146,8.413376494672685,201
488921,Customer_488921,2306.02,27,26,0.4418560503335684,8.402576533304918,202
704660,Customer_704660,2304.53,67,9,0.4415674226516555,8.396061576852299,203
218854,Customer_218854,2302.96,18,27,0.44126329818145194,8.389196824080074,204
836609,Customer_836609,2301.53,28,14,0.440986293090757,8.382944214867155,205
581426,Customer_581426,2301.2,72,16,0.4409223688390581,8.381501305048788,206
108317,Customer_108317,2299.88,29,16,0.4406666718322628,8.375729665775326,207
553269,Customer_553269,2299.13,50,39,0.44052138944203817,8.37245032527904,208
867749,Customer_867749,2298.55,63,28,0.44040903772693113,8.369914301961913,209
731443,Customer_731443,2293.01,32,11,0.43933588513780525,8.345690906829349,210
311684,Customer_311684,2290.09,31,23,0.43877025236519734,8.33292334116381,211
739476,Customer_739476,2289.59,22,26,0.43867339743838096,8.330737114166286,212
514381,Customer_514381,2286.87,32,10,0.43814650663649957,8.318844039299755,213
792419,Customer_792419,2286.55,21,24,0.43808451948333715,8.31744485402134,214
666388,Customer_666388,2285.47,59,2,0.4378753128414136,8.312722603706689,215
63646,Customer_63646,2283.5,21,35,0.43749370442975694,8.304108869336446,216
307634,Customer_307634,2281.66,52,2,0.4371372782990725,8.296063553985558,217
405771,Customer_405771,2280.41,25,4,0.43689514098203147,8.290597986491747,218
131217,Customer_131217,2280.24,48,24,0.43686221030691386,8.28985466931259,219
205508,Customer_205508,2279.37,31,26,0.43669368273425335,8.286050634336899,220
769598,Customer_769598,2278.16,59,3,0.4364592938113576,8.28075996500289,221
457989,Customer_457989,2277.54,64,38,0.4363391937021053,8.27804904352596,222
454833,Customer_454833,2276.96,26,37,0.43622684198699824,8.275513020208834,223
905415,Customer_905415,2275.46,48,6,0.435936277206549,8.268954339216263,224
398237,Customer_398237,2275.43,38,9,0.43593046591094,8.26882316559641,225
77583,Customer_77583,2275.06,61,24,0.4358587932650958,8.267205357618243,226
152554,Customer_152554,2274.78,66,37,0.4358045545060787,8.265981070499631,227
439600,Customer_439600,2274.71,63,14,0.43579099481632433,8.265674998719977,228
453956,Customer_453956,2274.49,50,16,0.43574837864852506,8.264713058841066,229
368322,Customer_368322,2274.16,31,10,0.43568445439682624,8.2632701490227,230
111219,Customer_111219,2273.51,21,25,0.435558542991965,8.26042805392592,231
339727,Customer_339727,2272.21,23,12,0.43530672018224226,8.254743863732358,232
727921,Customer_727921,2271.72,21,13,0.4352118023539621,8.252601361274783,233
547734,Customer_547734,2269.26,36,27,0.43473527611402546,8.241845124446968,234
998636,Customer_998636,2269.12,32,13,0.4347081567345168,8.24123298088766,235
111674,Customer_111674,2268.81,43,2,0.4346481066798906,8.239877520149195,236
375416,Customer_375416,2267.42,63,29,0.434378849983341,8.23379980909608,237
425197,Customer_425197,2265.2,63,5,0.43394881410827607,8.224092961227074,238
965486,Customer_965486,2264.86,66,10,0.43388295275804095,8.222606326868759,239
846594,Customer_846594,2264.35,55,6,0.43378416073268816,8.220376375331282,240
799316,Customer_799316,2264.02,58,19,0.43372023648098934,8.218933465512917,241
58873,Customer_58873,2262.48,56,21,0.4334219233063948,8.212199886360544,242
838364,Customer_838364,2261.88,37,20,0.4333056973942151,8.209576413963516,243
887845,Customer_887845,2260.13,57,14,0.4329667051503576,8.201924619472182,244
51402,Customer_51402,2258.84,30,13,0.4327168194391713,8.19628415381857,245
801777,Customer_801777,2258.72,70,36,0.43269357425673527,8.195759459339165,246
301852,Customer_301852,2257.72,70,29,0.43249986440310245,8.191387005344117,247
292556,Customer_292556,2256.15,53,2,0.43219573993289895,8.184522252571893,248
551706,Customer_551706,2256.04,50,32,0.43217443184899934,8.184041282632437,249
907437,Customer_907437,2256.0,55,20,0.432166683454854,8.183866384472635,250
251181,Customer_251181,2252.66,61,12,0.4315196925437203,8.169262388129175,251
678884,Customer_678884,2252.06,73,35,0.4314034666315406,8.166638915732147,252
512188,Customer_512188,2248.76,26,18,0.43076422411455234,8.152209817548492,253
746620,Customer_746620,2247.78,51,21,0.4305743884579922,8.147924812633345,254
493409,Customer_493409,2246.4,72,1,0.4303070688599788,8.141890826120179,255
826341,Customer_826341,2245.95,45,29,0.430219899425844,8.139923221822405,256
183428,Customer_183428,2245.38,51,20,0.4301094848092733,8.13743092304523,257
982092,Customer_982092,2244.01,42,9,0.42984410230979636,8.131440661072014,258
58709,Customer_58709,2242.69,58,29,0.42958840530300096,8.12566902179855,259
857022,Customer_857022,2241.85,45,12,0.4294256890259494,8.12199616044271,260
892188,Customer_892188,2241.14,51,10,0.42928815502987006,8.118891718106227,261
635169,Customer_635169,2240.2,22,1,0.4291060677674552,8.114781611350882,262
723080,Customer_723080,2238.34,70,31,0.42874576743969817,8.106648846920095,263
459293,Customer_459293,2237.67,40,4,0.42861598183776417,8.103719302743412,264
81397,Customer_81397,2237.5,66,36,0.42858305116264656,8.102975985564253,265
166563,Customer_166563,2235.96,74,30,0.428284737988052,8.09624240641188,266
32219,Customer_32219,2235.26,59,30,0.42814914109050906,8.093181688615347,267
372894,Customer_372894,2232.63,21,11,0.42763968417545467,8.081682134608373,268
835046,Customer_835046,2232.57,68,24,0.4276280615842367,8.08141978736867,269
145701,Customer_145701,2232.09,74,6,0.427535080854493,8.079321009451046,270
514961,Customer_514961,2227.18,57,33,0.4265839654731557,8.05785226033536,271
262190,Customer_262190,2226.79,37,38,0.4265084186302389,8.056147003277294,272
575777,Customer_575777,2224.84,28,30,0.42613068441565494,8.047620717986952,273
969929,Customer_969929,2223.49,43,35,0.42586917611325054,8.041717905093636,274
832765,Customer_832765,2219.65,42,27,0.4251253302753005,8.024927681752654,275
361103,Customer_361103,2219.48,47,9,0.4250923996001829,8.024184364573495,276
447765,Customer_447765,2216.98,51,26,0.4246081249661008,8.013253229585876,277
56574,Customer_56574,2215.38,35,36,0.4242981892002883,8.0062573031938,278
764153,Customer_764153,2214.44,25,2,0.4241161019378734,8.002147196438456,279
934458,Customer_934458,2213.45,74,26,0.42392432918277684,7.997818466983357,280
462911,Customer_462911,2212.4,72,39,0.4237209338364624,7.993227390288559,281
291960,Customer_291960,2211.49,74,5,0.4235446578696565,7.989248457153064,282
63061,Customer_63061,2211.0,34,17,0.4234497400413765,7.987105954695491,283
78768,Customer_78768,2210.78,45,1,0.42340712387357726,7.986144014816582,284
559235,Customer_559235,2208.39,24,33,0.42294415732339474,7.975693849768416,285
4142,Customer_4142,2207.74,37,31,0.42281824591853334,7.972851754671635,286
985173,Customer_985173,2205.63,56,32,0.42240951812736816,7.963625876742086,287
667368,Customer_667368,2203.57,35,36,0.4220104758288845,7.954618621512288,288
905569,Customer_905569,2203.35,69,31,0.42196785966108524,7.953656681633377,289
443528,Customer_443528,2199.92,71,14,0.42130343486312466,7.938659164430364,290
684576,Customer_684576,2198.52,56,28,0.42103224106803866,7.932537728837297,291
474100,Customer_474100,2198.41,38,38,0.42101093298413905,7.932056758897841,292
256471,Customer_256471,2197.38,50,37,0.4208114118348973,7.927553131282943,293
644719,Customer_644719,2197.14,30,3,0.42076492147002537,7.9265037423241305,294
301749,Customer_301749,2195.6,69,5,0.42046660829543075,7.919770163171758,295
252333,Customer_252333,2192.5,47,8,0.419866107749169,7.90621555578711,296
340774,Customer_340774,2191.28,64,21,0.419629781727737,7.900881161913153,297
947238,Customer_947238,2191.27,42,7,0.4196278446292006,7.900837437373202,298
901808,Customer_901808,2189.62,73,39,0.41930822337070645,7.893622888281373,299
757309,Customer_757309,2189.5,61,8,0.4192849781882705,7.893098193801967,300
521271,Customer_521271,2189.27,47,22,0.419240424921935,7.892092529383106,301
711357,Customer_711357,2186.66,21,14,0.41873484220395324,7.880680424456031,302
9048,Customer_9048,2185.85,34,34,0.41857793722251063,7.877138736720043,303
349354,Customer_349354,2184.95,66,8,0.41840359835424107,7.8732035281245,304
151161,Customer_151161,2184.92,62,20,0.4183977870586321,7.873072354504649,305
610570,Customer_610570,2183.45,70,29,0.4181130335737918,7.866644847131928,306
216606,Customer_216606,2182.87,52,28,0.4180006818586848,7.864108823814801,307
348292,Customer_348292,2180.53,59,35,0.417547400801184,7.85387728146639,308
693307,Customer_693307,2177.63,63,38,0.41698564222564877,7.841197164880752,309
399591,Customer_399591,2177.62,47,39,0.4169837051271124,7.8411534403408005,310
226356,Customer_226356,2176.86,53,26,0.4168364856383515,7.8378303753045655,311
103562,Customer_103562,2175.36,64,21,0.41654592085790226,7.831271694311994,312
531224,Customer_531224,2174.68,37,3,0.41641419815743186,7.82829842559536,313
791527,Customer_791527,2173.0,55,24,0.41608876560332875,7.820952702883681,314
45935,Customer_45935,2170.72,63,3,0.41564710713704583,7.810983507774972,315
868000,Customer_868000,2169.21,72,39,0.4153546052580603,7.80438110224245,316
794525,Customer_794525,2168.37,23,12,0.41519188898100867,7.8007082408866095,317
304359,Customer_304359,2168.33,36,11,0.41518414058686337,7.800533342726808,318
370773,Customer_370773,2165.16,49,30,0.4145700803508473,7.7866726635625065,319
548570,Customer_548570,2165.1,63,1,0.41455845775962935,7.7864103163228044,320
890738,Customer_890738,2164.44,74,21,0.4144306092562317,7.7835244966860735,321
741006,Customer_741006,2162.76,28,15,0.41410517670212854,7.776178773974394,322
788061,Customer_788061,2162.51,61,8,0.4140567492387203,7.775085660475632,323
171118,Customer_171118,2160.22,30,13,0.41361315367390106,7.765072740826971,324
249133,Customer_249133,2160.22,38,21,0.41361315367390106,7.765072740826971,325
284405,Customer_284405,2158.89,74,29,0.4133555195685694,7.759257377013558,326
680009,Customer_680009,2158.49,59,12,0.4132780356271163,7.757508395415539,327
662230,Customer_662230,2155.19,62,28,0.41263879311012797,7.7430792972318825,328
792752,Customer_792752,2153.91,48,21,0.41239084449747787,7.737482556118221,329
252966,Customer_252966,2150.74,64,24,0.4117767842614618,7.72362187695392,330
559017,Customer_559017,2149.06,22,24,0.4114513517073587,7.71627615424224,331
971747,Customer_971747,2148.71,23,20,0.41138355325858716,7.7147457953439735,332
440873,Customer_440873,2147.74,65,17,0.4111956547005633,7.710504514968776,333
564359,Customer_564359,2147.61,42,22,0.4111704724195911,7.709936095949422,334
939835,Customer_939835,2145.88,49,20,0.41083535437280627,7.702371750537989,335
137853,Customer_137853,2145.29,47,12,0.4107210655591629,7.699792002680911,336
870165,Customer_870165,2144.94,46,3,0.4106532671103914,7.6982616437826445,337
118317,Customer_118317,2144.28,63,16,0.41052541860699376,7.695375824145914,338
220082,Customer_220082,2143.37,48,30,0.41034914264018785,7.6913968910104185,339
919220,Customer_919220,2143.27,40,34,0.41032977165482454,7.690959645610914,340
391373,Customer_391373,2141.24,58,20,0.40993654065194984,7.682083564000967,341
679681,Customer_679681,2138.45,65,6,0.40939609016031425,7.669884417354784,342
155100,Customer_155100,2138.36,63,2,0.40937865627348735,7.6694908964952315,343
742023,Customer_742023,2136.01,28,24,0.40892343811745024,7.659215629606869,344
674916,Customer_674916,2134.79,42,6,0.4086871120960181,7.653881235732911,345
775863,Customer_775863,2133.68,48,2,0.4084720941584856,7.6490278117984065,346
330926,Customer_330926,2133.42,68,25,0.40842172959654116,7.647890973759695,347
678848,Customer_678848,2130.77,36,10,0.4079083984844141,7.636303970672819,348
487414,Customer_487414,2130.15,66,24,0.4077882983751618,7.633593049195889,349
100115,Customer_100115,2130.03,72,37,0.4077650531927259,7.633068354716484,350
693136,Customer_693136,2129.71,21,20,0.40770306603956336,7.6316691694380685,351
853887,Customer_853887,2129.62,28,19,0.40768563215273634,7.631275648578514,352
373326,Customer_373326,2128.54,59,31,0.4074764255108129,7.626553398263862,353
61159,Customer_61159,2126.55,52,6,0.4070909429020836,7.617852214813719,354
384674,Customer_384674,2126.31,48,30,0.40704445253721167,7.616802825854906,355
421479,Customer_421479,2125.83,49,21,0.40695147180746793,7.614704047937283,356
235956,Customer_235956,2125.3,40,29,0.40684880558504255,7.6123866473199095,357
542841,Customer_542841,2124.42,71,21,0.40667834091384564,7.608538887804267,358
372133,Customer_372133,2124.29,39,20,0.4066531586328734,7.60797046878491,359
675136,Customer_675136,2121.62,25,26,0.4061359533236737,7.596296016618132,360
950200,Customer_950200,2121.16,69,38,0.40604684679100256,7.59428468778041,361
214254,Customer_214254,2121.11,68,19,0.40603716129832096,7.59406606508066,362
356388,Customer_356388,2120.92,50,24,0.40600035642613075,7.5932352988216,363
442868,Customer_442868,2118.38,18,25,0.4055083333979033,7.582129265674179,364
805335,Customer_805335,2117.58,58,27,0.405353365514997,7.57863130247814,365
519742,Customer_519742,2116.92,46,29,0.40522551701159937,7.575745482841409,366
127267,Customer_127267,2116.4,69,33,0.40512478788771034,7.573471806763985,367
946312,Customer_946312,2115.65,67,26,0.4049795054974857,7.570192466267699,368
197168,Customer_197168,2114.83,18,11,0.4048206634175067,7.566607053991759,369
256752,Customer_256752,2114.77,59,2,0.40480904082628877,7.566344706752057,370
533263,Customer_533263,2114.24,19,10,0.40470637460386333,7.5640273061346806,371
146651,Customer_146651,2113.76,39,21,0.40461339387411965,7.561928528217059,372
592895,Customer_592895,2112.02,24,33,0.4042763387287985,7.554320458265676,373
636422,Customer_636422,2111.99,53,36,0.4042705274331895,7.554189284645823,374
176356,Customer_176356,2109.8,40,29,0.40384630285373363,7.544613610396671,375
774545,Customer_774545,2109.79,53,19,0.4038443657551973,7.54456988585672,376
236753,Customer_236753,2109.11,48,8,0.403712643054727,7.541596617140088,377
127701,Customer_127701,2108.91,49,29,0.40367390108400036,7.540722126341077,378
334490,Customer_334490,2108.24,29,24,0.4035441154820663,7.5377925821643945,379
464672,Customer_464672,2107.15,27,13,0.4033329717416066,7.533026607309794,380
834822,Customer_834822,2105.74,34,13,0.40305984084798424,7.526861447176776,381
153462,Customer_153462,2105.23,25,6,0.40296104882263156,7.524631495639302,382
182763,Customer_182763,2103.04,43,36,0.4025368242431756,7.515055821390147,383
360756,Customer_360756,2102.99,44,5,0.40252713875049395,7.514837198690395,384
749587,Customer_749587,2102.77,43,19,0.40248452258269474,7.513875258811485,385
177829,Customer_177829,2098.58,50,12,0.40167287829597315,7.495554676572235,386
457274,Customer_457274,2098.42,61,23,0.40164188471939194,7.494855083933028,387
649202,Customer_649202,2097.52,21,18,0.4014675458511224,7.490919875337485,388
735360,Customer_735360,2096.74,45,30,0.4013164521652887,7.487509361221346,389
934089,Customer_934089,2096.49,35,31,0.4012680247018805,7.486416247722585,390
516675,Customer_516675,2095.97,28,16,0.40116729557799147,7.48414257164516,391
754523,Customer_754523,2095.6,38,39,0.40109562293214734,7.482524763666993,392
839298,Customer_839298,2094.88,63,3,0.4009561518375317,7.479376596790559,393
623443,Customer_623443,2094.29,69,5,0.4008418630238883,7.476796848933481,394
419030,Customer_419030,2093.81,34,32,0.40074888229414457,7.474698071015858,395
171621,Customer_171621,2092.62,64,18,0.4005183675683215,7.469494850761751,396
544675,Customer_544675,2092.14,74,24,0.4004253868385777,7.467396072844128,397
583236,Customer_583236,2088.99,60,2,0.3998152007996343,7.453622842759727,398
966856,Customer_966856,2088.48,39,4,0.39971640877428155,7.4513928912222545,399
617419,Customer_617419,2088.31,49,28,0.39968347809916394,7.450649574043096,400
548400,Customer_548400,2088.25,41,39,0.399671855507946,7.450387226803393,401
245271,Customer_245271,2085.32,35,17,0.39910428563680184,7.437575936597904,402
670788,Customer_670788,2085.22,68,28,0.39908491465143847,7.437138691198398,403
580754,Customer_580754,2084.23,30,31,0.398893141896342,7.432809961743302,404
882201,Customer_882201,2084.11,19,31,0.3988698967139061,7.432285267263897,405
27502,Customer_27502,2083.35,57,38,0.3987226772251451,7.428962202227659,406
960419,Customer_960419,2081.26,22,28,0.39831782363105256,7.4198237733780115,407
897677,Customer_897677,2081.23,63,2,0.3983120123354435,7.419692599758159,408
96851,Customer_96851,2079.48,70,22,0.397973020091586,7.412040805266826,409
235527,Customer_235527,2078.79,59,9,0.3978393602925794,7.4090238120102425,410
915475,Customer_915475,2076.88,74,17,0.3974693744721407,7.400672424879702,411
256937,Customer_256937,2076.17,41,19,0.39733184047606135,7.397567982543218,412
481454,Customer_481454,2073.67,68,8,0.3968475658419793,7.386636847555599,413
535664,Customer_535664,2073.38,72,26,0.39679138998442576,7.385368835897035,414
996433,Customer_996433,2072.27,52,27,0.3965763720468933,7.380515411962532,415
917319,Customer_917319,2071.34,20,4,0.3963962218830148,7.376449029747138,416
416467,Customer_416467,2070.66,68,31,0.3962644991825444,7.373475761030504,417
797690,Customer_797690,2070.1,62,16,0.39615602166451,7.371027186793278,418
80456,Customer_80456,2069.69,20,17,0.3960766006245206,7.369234480655309,419
995516,Customer_995516,2069.65,68,5,0.3960688522303753,7.369059582495507,420
103926,Customer_103926,2068.98,48,39,0.3959390666284413,7.3661300383188255,421
864430,Customer_864430,2067.89,69,38,0.3957279228879815,7.361364063464222,422
259295,Customer_259295,2065.29,74,32,0.3952242772685361,7.349995683077099,423
984068,Customer_984068,2064.17,44,38,0.3950073222324674,7.345098534602646,424
183924,Customer_183924,2063.2,30,27,0.39481942367444345,7.340857254227449,425
695747,Customer_695747,2062.05,52,5,0.3945966573427658,7.335828932133146,426
678587,Customer_678587,2061.36,36,20,0.39446299754375913,7.332811938876563,427
454723,Customer_454723,2061.11,31,19,0.3944145700803509,7.3317188253778,428
23827,Customer_23827,2059.28,18,21,0.39406008104820284,7.323717234566864,429
806721,Customer_806721,2059.14,24,32,0.39403296166869417,7.323105091007556,430
358527,Customer_358527,2058.98,28,12,0.39400196809211296,7.322405498368349,431
330083,Customer_330083,2058.49,42,12,0.3939070502638328,7.320262995910775,432
667069,Customer_667069,2056.73,19,20,0.39356612092143906,7.312567476879492,433
794160,Customer_794160,2056.65,58,31,0.39355062413314845,7.312217680559888,434
897863,Customer_897863,2056.01,72,19,0.39342664982682346,7.309419310003058,435
757722,Customer_757722,2055.49,50,35,0.3933259207029343,7.307145633925631,436
524952,Customer_524952,2055.21,27,16,0.39327168194391715,7.305921346807019,437
135061,Customer_135061,2054.33,51,3,0.39310121727272024,7.3020735872913765,438
112327,Customer_112327,2054.19,49,32,0.3930740978932117,7.30146144373207,439
503024,Customer_503024,2053.82,46,15,0.39300242524736756,7.299843635753904,440
352753,Customer_352753,2053.6,49,4,0.3929598090795683,7.298881695874992,441
276816,Customer_276816,2053.48,28,18,0.39293656389713233,7.298357001395587,442
781361,Customer_781361,2053.27,49,18,0.39289588482786947,7.2974387860566265,443
274876,Customer_274876,2052.43,29,5,0.39273316855081786,7.293765924700786,444
774141,Customer_774141,2051.12,35,28,0.3924794086425588,7.2880380099672735,445
543935,Customer_543935,2050.34,54,31,0.39232831495672527,7.2846274958511374,446
732765,Customer_732765,2050.29,42,2,0.3923186294640436,7.284408873151384,447
520486,Customer_520486,2049.83,48,33,0.3922295229313725,7.282397544313662,448
50676,Customer_50676,2049.54,50,2,0.39217334707381896,7.281129532655099,449
664854,Customer_664854,2049.32,35,18,0.3921307309060198,7.2801675927761895,450
640584,Customer_640584,2047.35,42,9,0.39174912249436306,7.2715538584059445,451
282514,Customer_282514,2047.31,66,25,0.39174137410021775,7.2713789602461425,452
695176,Customer_695176,2046.31,39,5,0.39154766424658494,7.267006506251095,453
927026,Customer_927026,2046.16,44,4,0.39151860776854003,7.266350638151837,454
282659,Customer_282659,2046.09,49,28,0.39150504807878567,7.266044566372183,455
752939,Customer_752939,2045.87,73,24,0.39146243191098645,7.265082626493274,456
590254,Customer_590254,2045.77,51,34,0.3914430609256232,7.264645381093769,457
468506,Customer_468506,2043.64,58,12,0.39103045893738525,7.255332054084318,458
248945,Customer_248945,2043.47,72,6,0.3909975282622677,7.254588736905159,459
272606,Customer_272606,2043.24,41,18,0.3909529749959321,7.253583072486298,460
99915,Customer_99915,2043.19,48,35,0.39094328950325047,7.253364449786546,461
799875,Customer_799875,2042.78,36,27,0.390863868463261,7.251571743648576,462
975912,Customer_975912,2042.26,59,39,0.39076313933937196,7.249298067571151,463
637874,Customer_637874,2040.28,60,1,0.3903795938291789,7.240640608660956,464
705974,Customer_705974,2040.2,38,21,0.3903640970408883,7.240290812341353,465
474833,Customer_474833,2038.86,67,31,0.39010452583702027,7.2344317239879885,466
341806,Customer_341806,2038.18,65,19,0.38997280313655,7.2314584552713566,467
51890,Customer_51890,2038.13,55,14,0.3899631176438684,7.231239832571606,468
281022,Customer_281022,2037.76,27,6,0.3898914449980242,7.229622024593437,469
928921,Customer_928921,2037.48,67,1,0.389837206239007,7.2283977374748245,470
35871,Customer_35871,2037.41,29,33,0.3898236465492527,7.22809166569517,471
639281,Customer_639281,2036.62,19,20,0.3896706157648827,7.224637427039083,472
928245,Customer_928245,2035.46,22,30,0.3894459123346687,7.219565380404828,473
29436,Customer_29436,2034.54,61,24,0.3892676992693265,7.215542722729384,474
468518,Customer_468518,2033.46,32,11,0.389058492627403,7.210820472414733,475
704695,Customer_704695,2032.71,65,39,0.3889132102371784,7.207541131918447,476
828232,Customer_828232,2031.54,29,3,0.38868656970842796,7.2024253607442414,477
536810,Customer_536810,2031.33,63,36,0.38864589063916505,7.201507145405281,478
203974,Customer_203974,2028.82,56,8,0.3881596789065466,7.19053228587771,479
869736,Customer_869736,2028.71,68,15,0.388138370822647,7.190051315938256,480
544996,Customer_544996,2028.32,62,12,0.3880628239797302,7.188346058880186,481
437471,Customer_437471,2027.51,41,22,0.38790591899828764,7.184804371144199,482
784515,Customer_784515,2027.1,57,18,0.38782649795829816,7.183011665006229,483
954522,Customer_954522,2026.18,25,35,0.387648284892956,7.178989007330785,484
232123,Customer_232123,2024.28,52,39,0.38728023617105356,7.170681344740195,485
468832,Customer_468832,2023.98,59,12,0.38722212321496374,7.169369608541682,486
341683,Customer_341683,2022.48,33,10,0.3869315584345145,7.16281092754911,487
203760,Customer_203760,2022.09,26,35,0.38685601159159766,7.16110567049104,488
7139,Customer_7139,2021.55,74,38,0.3867514082706359,7.158744545333714,489
230042,Customer_230042,2020.86,74,37,0.3866177484716293,7.155727552077131,490
621951,Customer_621951,2019.96,74,34,0.3864434096033597,7.151792343481589,491
984238,Customer_984238,2019.49,40,33,0.3863523659721523,7.149737290103916,492
67432,Customer_67432,2018.13,65,18,0.38608892057121164,7.143790752670653,493
38122,Customer_38122,2018.04,27,38,0.3860714866843847,7.143397231811098,494
450754,Customer_450754,2017.42,74,21,0.38595138657513234,7.140686310334169,495
201808,Customer_201808,2017.1,21,19,0.3858893994219698,7.139287125055753,496
609733,Customer_609733,2016.55,60,29,0.3857828590024718,7.1368822753584755,497
292841,Customer_292841,2015.15,55,25,0.38551166520738583,7.1307608397654105,498
799199,Customer_799199,2014.83,34,3,0.38544967805422325,7.129361654486995,499
539141,Customer_539141,2014.57,28,24,0.38539931349227874,7.128224816448282,500
681624,Customer_681624,2013.1,39,7,0.3851145600074385,7.121797309075562,501
950506,Customer_950506,2012.91,57,20,0.3850777551352483,7.120966542816503,502
696738,Customer_696738,2012.27,69,29,0.38495378082892323,7.118168172259673,503
444921,Customer_444921,2011.93,44,27,0.38488791947868806,7.116681537901356,504
333178,Customer_333178,2010.88,61,18,0.3846845241323736,7.112090461206558,505
93966,Customer_93966,2010.83,64,34,0.38467483863969193,7.111871838506804,506
667852,Customer_667852,2009.73,56,28,0.38446175780069586,7.107062139112252,507
847700,Customer_847700,2007.36,52,36,0.384002665447586,7.0966994231439875,508
771175,Customer_771175,2006.0,20,10,0.38373922004664535,7.0907528857107245,509
254998,Customer_254998,2005.4,31,5,0.38362299413446566,7.0881294133136965,510
537972,Customer_537972,2004.1,19,1,0.38337117132474297,7.082445223120134,511
164998,Customer_164998,2001.93,38,16,0.3829508209423597,7.07295699795088,512
492094,Customer_492094,2000.96,58,39,0.3827629223843359,7.068715717575684,513
229754,Customer_229754,1999.24,25,38,0.3824297414360874,7.061195096704202,514
116320,Customer_116320,1998.33,64,3,0.3822534654692815,7.057216163568709,515
294471,Customer_294471,1997.7,31,3,0.3821314282614928,7.054461517551828,516
364569,Customer_364569,1996.86,52,4,0.3819687119844412,7.050788656195987,517
641459,Customer_641459,1996.51,58,32,0.38190091353566974,7.049258297297722,518
4223,Customer_4223,1996.33,65,20,0.3818660457620158,7.0484712555786135,519
902417,Customer_902417,1996.29,51,26,0.3818582973678705,7.0482963574188116,520
167584,Customer_167584,1994.81,18,4,0.3815716067844939,7.041825125506141,521
48167,Customer_48167,1994.45,52,9,0.38150187123718615,7.040251042067924,522
342288,Customer_342288,1994.17,52,11,0.38144763247816893,7.039026754949311,523
296343,Customer_296343,1992.52,34,8,0.38112801121967477,7.031812205857483,524
503765,Customer_503765,1991.73,43,21,0.3809749804353048,7.028357967201394,525
468244,Customer_468244,1991.25,34,14,0.380881999705561,7.026259189283771,526
623902,Customer_623902,1990.39,20,14,0.3807154092314368,7.0224988788480305,527
211072,Customer_211072,1989.55,73,2,0.3805526929543852,7.01882601749219,528
273329,Customer_273329,1988.74,39,37,0.38039578797294266,7.015284329756201,529
287625,Customer_287625,1988.37,45,3,0.3803241153270985,7.013666521778034,530
511671,Customer_511671,1987.74,24,25,0.3802020781193098,7.0109118757611535,531
672618,Customer_672618,1987.61,58,26,0.3801768958383375,7.010343456741797,532
541137,Customer_541137,1987.28,22,2,0.3801129715866387,7.008900546923432,533
656453,Customer_656453,1986.9,49,28,0.3800393618422582,7.0072390144053145,534
769722,Customer_769722,1986.87,33,19,0.3800335505466492,7.007107840785463,535
619900,Customer_619900,1986.81,58,32,0.38002192795543127,7.00684549354576,536
501729,Customer_501729,1986.71,51,25,0.38000255697006796,7.006408248146256,537
630628,Customer_630628,1986.66,30,37,0.37999287147738636,7.006189625446503,538
736339,Customer_736339,1985.93,69,35,0.37985146328423436,7.002997734030117,539
596719,Customer_596719,1985.81,35,22,0.3798282181017984,7.002473039550712,540
252438,Customer_252438,1984.91,36,27,0.3796538792335289,6.998537830955169,541
905696,Customer_905696,1984.72,66,22,0.3796170743613386,6.99770706469611,542
974703,Customer_974703,1984.34,73,11,0.37954346461695815,6.996045532177991,543
424290,Customer_424290,1983.87,40,25,0.3794524209857507,6.9939904788003195,544
358225,Customer_358225,1983.7,47,29,0.37941949031063316,6.993247161621161,545
163740,Customer_163740,1982.97,42,35,0.3792780821174812,6.990055270204777,546
172365,Customer_172365,1982.16,61,9,0.3791211771360386,6.986513582468788,547
934057,Customer_934057,1982.1,45,25,0.3791095545448206,6.986251235229085,548
266859,Customer_266859,1981.28,22,15,0.3789507124648417,6.9826658229531455,549
192302,Customer_192302,1979.1,71,32,0.3785284249839221,6.973133873243943,550
875141,Customer_875141,1978.55,26,11,0.37842188456442405,6.9707290235466655,551
916646,Customer_916646,1978.41,38,31,0.3783947651849155,6.970116879987359,552
169837,Customer_169837,1978.21,34,24,0.3783560232141889,6.96924238918835,553
142063,Customer_142063,1978.14,20,38,0.3783424635244346,6.968936317408697,554
727374,Customer_727374,1977.6,51,6,0.37823786020347283,6.966575192251371,555
745151,Customer_745151,1976.59,62,19,0.37804221325130366,6.962159013716372,556
193486,Customer_193486,1976.1,64,34,0.3779472954230236,6.960016511258799,557
444874,Customer_444874,1975.88,37,37,0.3779046792552244,6.95905457137989,558
157425,Customer_157425,1974.76,62,8,0.3776877242191556,6.9541574229054355,559
324083,Customer_324083,1973.37,22,30,0.37741846752260594,6.948079711852319,560
476977,Customer_476977,1972.81,32,29,0.37730999000457155,6.945631137615093,561
354383,Customer_354383,1972.59,23,25,0.37726737383677234,6.944669197736181,562
418674,Customer_418674,1971.77,53,7,0.37710853175679343,6.941083785460243,563
197979,Customer_197979,1971.51,51,39,0.3770581671948489,6.9399469474215305,564
694324,Customer_694324,1971.21,60,27,0.37700005423875904,6.938635211223017,565
304583,Customer_304583,1968.68,66,36,0.37650996830906797,6.9275729026155455,566
756095,Customer_756095,1968.53,36,10,0.37648091183102306,6.926917034516288,567
889474,Customer_889474,1967.44,64,13,0.3762697680905633,6.9221510596616875,568
50990,Customer_50990,1967.41,65,15,0.3762639567949543,6.922019886041835,569
866626,Customer_866626,1967.32,66,2,0.3762465229081273,6.921626365182281,570
346592,Customer_346592,1966.61,74,12,0.37610898891204797,6.918521922845796,571
107925,Customer_107925,1966.59,63,17,0.3761051147149753,6.918434473765895,572
262929,Customer_262929,1966.54,38,14,0.3760954292222937,6.918215851066145,573
91933,Customer_91933,1965.18,39,4,0.3758319838213531,6.912269313632879,574
898334,Customer_898334,1964.94,24,3,0.37578549345648116,6.911219924674069,575
326982,Customer_326982,1964.47,56,31,0.3756944498252737,6.909164871296395,576
5247,Customer_5247,1963.91,51,19,0.3755859723072394,6.906716297059169,577
898247,Customer_898247,1962.43,20,5,0.3752992817238628,6.900245065146498,578
393014,Customer_393014,1960.77,43,12,0.37497772336683227,6.892986791514719,579
374873,Customer_374873,1960.1,72,15,0.3748479377648982,6.890057247338038,580
102687,Customer_102687,1959.93,18,30,0.37481500708978066,6.889313930158879,581
95056,Customer_95056,1959.75,30,3,0.37478013931612675,6.888526888439771,582
493326,Customer_493326,1958.73,70,17,0.3745825552654213,6.884066985364822,583
654206,Customer_654206,1958.09,19,28,0.37445858095909623,6.881268614807991,584
726760,Customer_726760,1957.62,19,21,0.3743675373278888,6.879213561430319,585
181125,Customer_181125,1957.2,54,4,0.374286179189363,6.877377130752398,586
265296,Customer_265296,1956.44,51,3,0.37413895970060207,6.874054065716163,587
374610,Customer_374610,1956.38,57,33,0.3741273371093841,6.873791718476461,588
453804,Customer_453804,1955.72,30,32,0.3739994886059864,6.8709058988397285,589
9250,Customer_9250,1955.54,41,11,0.3739646208323325,6.87011885712062,590
224075,Customer_224075,1954.5,25,11,0.3737631625845544,6.865571504965771,591
460079,Customer_460079,1954.22,68,35,0.37370892382553716,6.864347217847157,592
372897,Customer_372897,1952.37,53,26,0.37335056059631644,6.8562581779563185,593
892727,Customer_892727,1950.72,20,2,0.3730309393378223,6.84904362886449,594
868001,Customer_868001,1950.31,25,37,0.3729515182978328,6.847250922726521,595
290335,Customer_290335,1950.04,68,20,0.3728992166373519,6.846070360147858,596
596169,Customer_596169,1949.67,23,19,0.3728275439915078,6.844452552169691,597
106714,Customer_106714,1949.65,67,26,0.37282366979443515,6.84436510308979,598
274302,Customer_274302,1949.52,58,8,0.37279848751346284,6.843796684070433,599
110062,Customer_110062,1949.5,74,39,0.3727946133163902,6.843709234990532,600
124061,Customer_124061,1949.3,73,21,0.3727558713456636,6.842834744191522,601
813411,Customer_813411,1949.11,18,4,0.37271906647347336,6.842003977932463,602
196290,Customer_196290,1948.75,41,32,0.3726493309261656,6.840429894494247,603
226627,Customer_226627,1948.02,67,29,0.3725079227330136,6.837238003077862,604
884134,Customer_884134,1947.84,56,2,0.3724730549593597,6.836450961358752,605
770875,Customer_770875,1947.74,40,26,0.3724536839739964,6.836013715959248,606
26228,Customer_26228,1947.49,66,11,0.3724052565105882,6.834920602460486,607
82321,Customer_82321,1947.12,35,5,0.372333583864744,6.833302794482319,608
768762,Customer_768762,1946.09,32,36,0.3721340627155022,6.828799166867419,609
358070,Customer_358070,1945.56,43,30,0.3720313964930768,6.826481766250045,610
414126,Customer_414126,1944.7,41,12,0.3718648060189526,6.822721455814303,611
249195,Customer_249195,1944.32,68,23,0.37179119627457213,6.821059923296184,612
538938,Customer_538938,1943.99,48,15,0.3717272720228733,6.819617013477819,613
198227,Customer_198227,1943.97,64,25,0.3717233978258006,6.819529564397918,614
765352,Customer_765352,1943.24,52,33,0.37158198963264866,6.8163376729815335,615
982535,Customer_982535,1943.18,51,10,0.3715703670414307,6.8160753257418305,616
794100,Customer_794100,1942.95,52,15,0.37152581377509514,6.81506966132297,617
368189,Customer_368189,1942.74,21,22,0.3714851347058322,6.81415144598401,618
57930,Customer_57930,1942.54,46,2,0.37144639273510566,6.8132769551850005,619
377462,Customer_377462,1941.97,52,13,0.37133597811853497,6.810784656407823,620
274754,Customer_274754,1941.31,63,2,0.37120812961513727,6.807898836771092,621
770452,Customer_770452,1941.02,21,5,0.37115195375758375,6.806630825112529,622
989972,Customer_989972,1940.43,51,36,0.3710376649439404,6.804051077255449,623
531773,Customer_531773,1939.99,31,24,0.37095243260834193,6.8021271974976285,624
173018,Customer_173018,1939.68,50,6,0.37089238255371576,6.800771736759164,625
275970,Customer_275970,1939.39,36,27,0.37083620669616224,6.7995037251006005,626
669252,Customer_669252,1938.02,65,22,0.37057082419668524,6.793513463127385,627
435851,Customer_435851,1937.69,59,6,0.3705068999449864,6.79207055330902,628
749949,Customer_749949,1937.5,53,10,0.3704700950727962,6.791239787049961,629
207804,Customer_207804,1936.63,69,27,0.37030156750013565,6.78743575207427,630
237687,Customer_237687,1936.44,44,26,0.3702647626279454,6.78660498581521,631
722400,Customer_722400,1936.29,28,12,0.3702357061499004,6.785949117715953,632
527755,Customer_527755,1935.91,39,11,0.37016209640552,6.784287585197834,633
772816,Customer_772816,1935.25,39,33,0.3700342479021223,6.781401765561104,634
471807,Customer_471807,1934.77,44,24,0.3699412671723785,6.779302987643481,635
582703,Customer_582703,1934.51,26,39,0.369890902610434,6.778166149604767,636
515239,Customer_515239,1932.14,20,38,0.3694318102573242,6.767803433636505,637
188840,Customer_188840,1931.8,50,29,0.369365948907089,6.766316799278188,638
562429,Customer_562429,1931.61,37,8,0.36932914403489875,6.765486033019129,639
581355,Customer_581355,1931.29,23,10,0.3692671568817363,6.764086847740715,640
461185,Customer_461185,1931.21,71,3,0.3692516600934457,6.763737051421112,641
5950,Customer_5950,1928.48,56,8,0.36872283219302804,6.751800252014632,642
411876,Customer_411876,1926.82,59,35,0.3684012738359975,6.744541978382851,643
395485,Customer_395485,1926.48,48,6,0.36833541248576235,6.743055344024536,644
61278,Customer_61278,1925.87,48,27,0.3682172494750463,6.740388147087557,645
409175,Customer_409175,1925.63,33,17,0.36817075911017444,6.739338758128746,646
183249,Customer_183249,1925.3,55,7,0.3681068348584756,6.737895848310378,647
216240,Customer_216240,1924.86,72,9,0.36802160252287713,6.735971968552557,648
974725,Customer_974725,1924.74,65,27,0.36799835734044123,6.735447274073152,649
613224,Customer_613224,1923.29,24,25,0.3677174780526736,6.729107215780334,650
676903,Customer_676903,1922.95,22,37,0.36765161670243846,6.727620581422017,651
441034,Customer_441034,1922.46,42,17,0.36755669887415837,6.725478078964445,652
690390,Customer_690390,1922.36,49,29,0.36753732788879506,6.725040833564938,653
25218,Customer_25218,1922.3,18,25,0.3675257052975771,6.724778486325236,654
142397,Customer_142397,1922.12,49,36,0.36749083752392314,6.723991444606128,655
567442,Customer_567442,1921.7,41,23,0.3674094793853974,6.722155013928207,656
139995,Customer_139995,1920.56,60,16,0.36718865015225594,6.717170416373854,657
16334,Customer_16334,1920.1,18,39,0.36709954361958486,6.715159087536131,658
719193,Customer_719193,1919.25,62,21,0.36693489024399695,6.711442501640342,659
290867,Customer_290867,1919.05,45,2,0.3668961482732704,6.710568010841331,660
360783,Customer_360783,1919.02,40,7,0.3668903369776614,6.71043683722148,661
213139,Customer_213139,1918.98,47,23,0.3668825885835161,6.710261939061678,662
184523,Customer_184523,1918.88,31,39,0.3668632175981528,6.709824693662174,663
11162,Customer_11162,1918.73,33,39,0.36683416112010786,6.709168825562917,664
670778,Customer_670778,1918.23,55,4,0.3667373061932915,6.706982598565393,665
524736,Customer_524736,1918.1,48,36,0.36671212391231917,6.706414179546036,666
271023,Customer_271023,1918.09,40,36,0.36671018681378287,6.706370455006085,667
755500,Customer_755500,1918.0,52,8,0.3666927529269559,6.705976934146532,668
600901,Customer_600901,1917.59,27,10,0.36661333188696643,6.704184228008561,669
782472,Customer_782472,1915.84,50,38,0.36627433964310896,6.696532433517228,670
645909,Customer_645909,1915.08,36,36,0.366127120154348,6.693209368480993,671
818419,Customer_818419,1915.07,53,20,0.3661251830558117,6.693165643941041,672
531236,Customer_531236,1914.52,36,19,0.3660186426363136,6.690760794243766,673
271647,Customer_271647,1914.07,52,1,0.36593147320217884,6.688793189945994,674
310139,Customer_310139,1913.5,65,38,0.36582105858560815,6.686300891168817,675
75129,Customer_75129,1913.37,67,9,0.3657958763046359,6.685732472149461,676
975388,Customer_975388,1913.06,58,26,0.3657358262500097,6.684377011410996,677
446799,Customer_446799,1912.61,49,16,0.36564865681587494,6.682409407113224,678
36257,Customer_36257,1912.61,36,10,0.36564865681587494,6.682409407113224,679
654138,Customer_654138,1912.36,50,36,0.3656002293524667,6.681316293614461,680
273566,Customer_273566,1912.03,31,23,0.3655363051007679,6.679873383796096,681
63790,Customer_63790,1911.8,66,1,0.36549175183443233,6.6788677193772354,682
314428,Customer_314428,1911.41,68,30,0.36541620499151556,6.677162462319167,683
692665,Customer_692665,1910.31,63,1,0.3652031241525194,6.672352762924615,684
645924,Customer_645924,1909.83,74,6,0.36511014342277565,6.670253985006992,685
243155,Customer_243155,1909.44,45,29,0.36503459657985887,6.668548727948925,686
538815,Customer_538815,1909.36,29,19,0.3650190997915682,6.668198931629319,687
966148,Customer_966148,1909.26,63,39,0.36499972880620496,6.667761686229815,688
78543,Customer_78543,1909.05,19,32,0.36495904973694204,6.666843470890854,689
753693,Customer_753693,1908.96,30,8,0.3649416158501151,6.666449950031302,690
123928,Customer_123928,1908.48,52,16,0.36484863512037136,6.664351172113679,691
384632,Customer_384632,1907.1,34,23,0.364581315522358,6.658317185600512,692
857590,Customer_857590,1907.04,31,13,0.36456969293114005,6.658054838360809,693
205718,Customer_205718,1906.94,33,17,0.36455032194577675,6.657617592961305,694
760798,Customer_760798,1906.91,44,1,0.3645445106501678,6.657486419341453,695
670756,Customer_670756,1906.65,44,24,0.3644941460882233,6.656349581302742,696
794989,Customer_794989,1906.56,41,15,0.36447671220139627,6.655956060443186,697
620486,Customer_620486,1906.41,24,30,0.36444765572335136,6.655300192343929,698
532439,Customer_532439,1906.0,26,27,0.3643682346833619,6.65350748620596,699
601432,Customer_601432,1905.59,68,21,0.3642888136433724,6.651714780067989,700
502470,Customer_502470,1905.27,72,4,0.36422682649020993,6.650315594789575,701
393259,Customer_393259,1905.21,62,35,0.364215203898992,6.650053247549873,702
850360,Customer_850360,1905.04,25,13,0.36418227322387436,6.649309930370714,703
425888,Customer_425888,1903.73,25,35,0.3639285133156154,6.643582015637202,704
199710,Customer_199710,1903.71,47,15,0.3639246391185427,6.643494566557301,705
336409,Customer_336409,1903.6,48,21,0.36390333103464306,6.643013596617846,706
787278,Customer_787278,1903.48,42,6,0.36388008585220716,6.642488902138441,707
855413,Customer_855413,1903.28,32,13,0.3638413438814806,6.64161441133943,708
512660,Customer_512660,1903.12,34,16,0.36381035030489933,6.640914818700223,709
119350,Customer_119350,1901.78,48,3,0.36355077910103134,6.635055730346858,710
603661,Customer_603661,1901.55,20,39,0.3635062258346958,6.634050065927997,711
239109,Customer_239109,1901.38,21,7,0.3634732951595782,6.633306748748841,712
101382,Customer_101382,1900.35,39,22,0.36327377401033634,6.628803121133941,713
817399,Customer_817399,1899.96,23,39,0.36319822716741956,6.627097864075872,714
512045,Customer_512045,1899.83,52,33,0.3631730448864473,6.626529445056516,715
161948,Customer_161948,1899.33,18,38,0.36307618995963087,6.624343218058992,716
863143,Customer_863143,1899.07,26,16,0.36302582539768635,6.623206380020279,717
766898,Customer_766898,1898.86,22,31,0.36298514632842344,6.6222881646813185,718
669655,Customer_669655,1898.77,52,12,0.3629677124415965,6.621894643821766,719
5724,Customer_5724,1898.7,27,8,0.36295415275184223,6.6215885720421115,720
229970,Customer_229970,1898.53,35,27,0.3629212220767246,6.620845254862953,721
596249,Customer_596249,1898.52,29,34,0.3629192849781883,6.6208015303230034,722
167762,Customer_167762,1898.43,61,24,0.36290185109136136,6.620408009463449,723
847,Customer_847,1897.65,48,26,0.36275075740552776,6.616997495347313,724
453712,Customer_453712,1897.42,46,8,0.3627062041391922,6.6159918309284516,725
639417,Customer_639417,1897.13,58,11,0.36265002828163867,6.614723819269888,726
754597,Customer_754597,1897.05,73,13,0.362634531493348,6.614374022950282,727
551956,Customer_551956,1895.62,72,31,0.36235752640265306,6.608121413737365,728
905380,Customer_905380,1895.23,49,37,0.3622819795597363,6.606416156679297,729
402982,Customer_402982,1895.21,42,3,0.36227810536266364,6.606328707599396,730
613005,Customer_613005,1895.14,46,2,0.36226454567290933,6.606022635819742,731
845196,Customer_845196,1895.14,55,18,0.36226454567290933,6.606022635819742,732
934318,Customer_934318,1891.64,45,3,0.3615865611851944,6.5907190468370755,733
711360,Customer_711360,1891.57,31,5,0.3615730014954401,6.590412975057421,734
933266,Customer_933266,1891.5,44,6,0.3615594418056858,6.5901069032777695,735
272528,Customer_272528,1891.22,39,33,0.3615052030466686,6.588882616159155,736
569075,Customer_569075,1890.96,45,14,0.3614548384847241,6.587745778120444,737
890670,Customer_890670,1890.69,41,15,0.3614025368242432,6.586565215541781,738
769670,Customer_769670,1889.36,67,16,0.36114490271891153,6.580749851728366,739
520093,Customer_520093,1889.23,37,11,0.3611197204379393,6.580181432709011,740
382244,Customer_382244,1889.01,32,2,0.36107710427014006,6.5792194928300995,741
729110,Customer_729110,1888.77,28,15,0.36103061390526814,6.578170103871289,742
95399,Customer_95399,1888.32,23,27,0.36094344447113336,6.576202499573516,743
837218,Customer_837218,1887.87,47,31,0.3608562750369986,6.574234895275746,744
817702,Customer_817702,1887.75,46,8,0.36083302985456267,6.573710200796341,745
269009,Customer_269009,1887.64,49,38,0.36081172177066306,6.573229230856885,746
542211,Customer_542211,1886.74,33,4,0.3606373829023935,6.569294022261341,747
995106,Customer_995106,1886.52,29,13,0.3605947667345943,6.568332082382432,748
345397,Customer_345397,1886.45,45,21,0.36058120704484,6.568026010602778,749
863118,Customer_863118,1886.35,35,17,0.36056183605947667,6.567588765203274,750
186962,Customer_186962,1885.72,46,14,0.36043979885168803,6.5648341191863935,751
226294,Customer_226294,1885.18,61,12,0.3603351955307263,6.562472994029068,752
32895,Customer_32895,1885.15,34,1,0.3603293842351173,6.562341820409217,753
399621,Customer_399621,1884.91,34,29,0.3602828938702454,6.561292431450405,754
673538,Customer_673538,1884.87,38,36,0.36027514547610007,6.561117533290603,755
353963,Customer_353963,1884.86,38,19,0.36027320837756377,6.561073808750652,756
812261,Customer_812261,1883.51,39,37,0.3600117000751594,6.555170995857337,757
164254,Customer_164254,1882.87,39,14,0.35988772576883443,6.5523726253005075,758
595614,Customer_595614,1881.53,34,23,0.35962815456496644,6.546513536947143,759
591494,Customer_591494,1879.61,44,1,0.35925623164599135,6.538118425276651,760
581812,Customer_581812,1879.6,72,31,0.35925429454745506,6.538074700736702,761
503575,Customer_503575,1879.49,57,31,0.35923298646355545,6.537593730797246,762
91799,Customer_91799,1879.22,58,28,0.3591806848030746,6.5364131682185835,763
573661,Customer_573661,1878.52,74,35,0.3590450879055316,6.533352450422051,764
557490,Customer_557490,1878.5,30,28,0.35904121370845893,6.53326500134215,765
667702,Customer_667702,1878.37,20,19,0.35901603142748667,6.532696582322793,766
980796,Customer_980796,1878.35,39,25,0.359012157230414,6.532609133242892,767
229124,Customer_229124,1878.34,18,19,0.35901022013187767,6.532565408702941,768
129776,Customer_129776,1877.5,39,22,0.3588475038548261,6.528892547347103,769
454852,Customer_454852,1876.93,39,32,0.3587370892382554,6.526400248569924,770
560464,Customer_560464,1876.86,54,21,0.35872352954850106,6.52609417679027,771
670582,Customer_670582,1876.33,26,34,0.3586208633260757,6.523776776172896,772
424260,Customer_424260,1876.27,37,3,0.3586092407348577,6.523514428933193,773
789109,Customer_789109,1876.09,49,4,0.3585743729612038,6.522727387214084,774
17301,Customer_17301,1875.75,51,26,0.35850851161096864,6.5212407528557685,775
123192,Customer_123192,1875.69,33,34,0.3584968890197507,6.5209784056160665,776
505796,Customer_505796,1875.35,50,10,0.3584310276695155,6.51949177125775,777
295533,Customer_295533,1875.18,36,9,0.35839809699439795,6.518748454078591,778
566600,Customer_566600,1874.46,48,29,0.3582586258997823,6.515600287202157,779
438000,Customer_438000,1874.05,29,12,0.3581792048597928,6.513807581064187,780
97537,Customer_97537,1873.73,47,20,0.35811721770663035,6.512408395785773,781
443873,Customer_443873,1873.24,60,38,0.3580222998783502,6.5102658933281985,782
260655,Customer_260655,1872.5,61,1,0.3578789545866619,6.5070302773718645,783
779401,Customer_779401,1872.28,57,1,0.3578363384188627,6.506068337492953,784
35269,Customer_35269,1872.23,44,35,0.3578266529261811,6.505849714793201,785
500516,Customer_500516,1871.74,23,2,0.35773173509790096,6.503707212335627,786
933202,Customer_933202,1871.66,36,28,0.35771623830961036,6.503357416016024,787
976443,Customer_976443,1871.26,70,39,0.35763875436815723,6.501608434418004,788
327096,Customer_327096,1871.26,69,6,0.35763875436815723,6.501608434418004,789
505775,Customer_505775,1869.84,37,23,0.3573636863759986,6.495399549745036,790
696391,Customer_696391,1869.73,44,37,0.35734237829209897,6.494918579805582,791
662697,Customer_662697,1869.26,33,1,0.35725133466089154,6.492863526427909,792
832624,Customer_832624,1868.16,62,23,0.35703825382189547,6.488053827033356,793
824058,Customer_824058,1867.95,45,21,0.35699757475263255,6.487135611694397,794
876178,Customer_876178,1867.64,69,7,0.3569375246980064,6.485780150955932,795
431217,Customer_431217,1867.45,20,14,0.3569007198258161,6.484949384696873,796
725607,Customer_725607,1866.33,21,11,0.35668376478974734,6.48005223622242,797
290246,Customer_290246,1866.14,33,35,0.3566469599175571,6.479221469963361,798
274093,Customer_274093,1866.01,21,37,0.3566217776365848,6.478653050944004,799
171165,Customer_171165,1865.54,40,18,0.3565307340053774,6.476597997566333,800
324232,Customer_324232,1865.39,29,32,0.35650167752733253,6.475942129467075,801
692101,Customer_692101,1865.22,58,21,0.3564687468522149,6.475198812287917,802
259083,Customer_259083,1865.08,41,24,0.3564416274727063,6.474586668728611,803
297306,Customer_297306,1865.0,46,8,0.3564261306844157,6.474236872409007,804
126299,Customer_126299,1864.8,45,34,0.3563873887136891,6.473362381609996,805
176522,Customer_176522,1864.21,58,3,0.35627309990004574,6.470782633752919,806
589420,Customer_589420,1863.45,48,21,0.3561258804112848,6.4674595687166825,807
255982,Customer_255982,1863.33,28,15,0.35610263522884883,6.4669348742372765,808
50174,Customer_50174,1863.3,30,37,0.3560968239332398,6.466803700617424,809
855464,Customer_855464,1862.82,33,34,0.3560038432034961,6.464704922699801,810
33388,Customer_33388,1862.77,24,39,0.35599415771081444,6.4644863000000505,811
225243,Customer_225243,1862.47,19,20,0.3559360447547246,6.463174563801536,812
392586,Customer_392586,1861.85,30,20,0.3558159446454722,6.460463642324607,813
544945,Customer_544945,1861.41,56,10,0.3557307123098738,6.458539762566785,814
263625,Customer_263625,1860.73,35,35,0.3555989896094035,6.455566493850154,815
994238,Customer_994238,1859.46,44,21,0.35535297809528976,6.450013477276443,816
67892,Customer_67892,1859.34,36,19,0.3553297329128538,6.449488782797036,817
420168,Customer_420168,1859.15,20,21,0.3552929280406636,6.448658016537978,818
736081,Customer_736081,1858.56,60,8,0.3551786392270202,6.4460782686809,819
474911,Customer_474911,1858.43,60,3,0.35515345694604794,6.445509849661543,820
642962,Customer_642962,1857.78,57,10,0.3550275455411866,6.442667754564762,821
146789,Customer_146789,1857.55,71,33,0.35498299227485103,6.4416620901459005,822
282139,Customer_282139,1857.14,63,8,0.3549035712348616,6.439869384007932,823
366051,Customer_366051,1854.68,27,34,0.35442704499492483,6.429113147180114,824
592480,Customer_592480,1854.48,27,25,0.35438830302419827,6.428238656381105,825
913371,Customer_913371,1854.05,31,1,0.35430500778713614,6.426358501163234,826
836306,Customer_836306,1853.66,40,24,0.35422946094421937,6.424653244105166,827
343059,Customer_343059,1853.51,42,21,0.3542004044661744,6.423997376005908,828
76386,Customer_76386,1853.12,62,8,0.35412485762325757,6.422292118947841,829
152580,Customer_152580,1852.97,50,24,0.35409580114521266,6.421636250848583,830
350058,Customer_350058,1852.55,46,16,0.3540144430066869,6.419799820170662,831
45655,Customer_45655,1852.47,41,29,0.3539989462183963,6.419450023851059,832
549069,Customer_549069,1852.4,21,24,0.353985386528642,6.419143952071407,833
526847,Customer_526847,1852.23,47,16,0.35395245585352436,6.418400634892248,834
237729,Customer_237729,1851.68,22,14,0.3538459154340263,6.415995785194972,835
916486,Customer_916486,1850.82,41,14,0.35367932495990206,6.41223547475923,836
327233,Customer_327233,1850.29,27,22,0.3535766587374767,6.4099180741418555,837
653780,Customer_653780,1850.14,58,23,0.35354760225943177,6.409262206042598,838
962341,Customer_962341,1849.72,24,10,0.353466244120906,6.407425775364678,839
470077,Customer_470077,1849.68,20,29,0.3534584957267607,6.407250877204876,840
124147,Customer_124147,1849.27,45,27,0.3533790746867712,6.405458171066908,841
534157,Customer_534157,1849.11,34,23,0.3533480811101899,6.404758578427698,842
303809,Customer_303809,1848.99,38,11,0.353324835927754,6.404233883948293,843
555849,Customer_555849,1848.78,26,20,0.35328415685849107,6.403315668609332,844
634932,Customer_634932,1848.44,19,8,0.35321829550825595,6.401829034251018,845
977387,Customer_977387,1848.32,28,23,0.35319505032582,6.4013043397716105,846
931423,Customer_931423,1847.58,21,11,0.3530517050341317,6.3980687238152765,847
722308,Customer_722308,1847.58,55,14,0.3530517050341317,6.3980687238152765,848
904071,Customer_904071,1847.52,50,9,0.35304008244291374,6.3978063765755735,849
109513,Customer_109513,1847.48,41,6,0.35303233404876844,6.397631478415772,850
673489,Customer_673489,1846.63,24,31,0.35286768067318053,6.393914892519982,851
301796,Customer_301796,1846.61,47,37,0.3528638064761078,6.393827443440079,852
754038,Customer_754038,1846.41,19,27,0.3528250645053813,6.39295295264107,853
502301,Customer_502301,1846.34,59,5,0.35281150481562695,6.392646880861417,854
895707,Customer_895707,1846.31,21,34,0.352805693520018,6.392515707241566,855
317344,Customer_317344,1845.92,50,10,0.35273014667710123,6.390810450183498,856
297965,Customer_297965,1845.74,18,33,0.35269527890344726,6.390023408464388,857
794326,Customer_794326,1845.6,24,2,0.35266815952393865,6.389411264905082,858
399936,Customer_399936,1845.44,19,17,0.35263716594735744,6.388711672265875,859
484653,Customer_484653,1845.37,38,2,0.35262360625760314,6.388405600486221,860
732827,Customer_732827,1845.36,60,4,0.3526216691590668,6.38836187594627,861
89710,Customer_89710,1845.33,21,12,0.3526158578634578,6.388230702326419,862
147681,Customer_147681,1845.08,27,3,0.3525674304000496,6.387137588827658,863
537808,Customer_537808,1844.55,62,26,0.3524647641776242,6.3848201882102815,864
773012,Customer_773012,1844.37,41,28,0.35242989640397027,6.3840331464911735,865
158406,Customer_158406,1844.2,66,36,0.3523969657288527,6.383289829312015,866
774622,Customer_774622,1844.17,30,24,0.35239115443324376,6.3831586556921645,867
10634,Customer_10634,1843.45,20,6,0.3522516833386281,6.38001048881573,868
165909,Customer_165909,1842.94,73,21,0.3521528913132754,6.377780537278256,869
937197,Customer_937197,1842.23,48,22,0.352015357317196,6.374676094941772,870
139975,Customer_139975,1841.37,51,7,0.35184876684307176,6.370915784506031,871
896004,Customer_896004,1841.13,73,27,0.35180227647819995,6.36986639554722,872
185528,Customer_185528,1841.08,60,21,0.35179259098551824,6.3696477728474665,873
693446,Customer_693446,1840.98,47,21,0.351773220000155,6.3692105274479625,874
375404,Customer_375404,1840.67,66,32,0.3517131699455288,6.367855066709498,875
370148,Customer_370148,1839.75,35,34,0.3515349568801866,6.363832409034054,876
545974,Customer_545974,1839.53,67,33,0.3514923407123874,6.362870469155142,877
759646,Customer_759646,1839.42,32,30,0.3514710326284878,6.362389499215689,878
255095,Customer_255095,1839.25,74,29,0.35143810195337016,6.36164618203653,879
253381,Customer_253381,1838.76,62,4,0.3513431841250901,6.359503679578956,880
600829,Customer_600829,1838.16,58,16,0.3512269582129104,6.356880207181927,881
643448,Customer_643448,1838.09,70,32,0.3512133985231561,6.356574135402274,882
570396,Customer_570396,1837.91,23,4,0.3511785307495022,6.3557870936831655,883
226866,Customer_226866,1837.66,23,36,0.351130103286094,6.354693980184403,884
849949,Customer_849949,1836.89,28,19,0.3509809466987967,6.351327190608217,885
854216,Customer_854216,1836.58,37,16,0.3509208966441705,6.349971729869752,886
376924,Customer_376924,1836.0,20,3,0.3508085449290635,6.347435706552625,887
739495,Customer_739495,1835.74,68,12,0.3507581803671189,6.3462988685139115,888
297532,Customer_297532,1835.5,42,32,0.35071169000224706,6.345249479555101,889
289167,Customer_289167,1835.47,33,19,0.35070587870663805,6.345118305935249,890
105867,Customer_105867,1835.47,65,18,0.35070587870663805,6.345118305935249,891
488480,Customer_488480,1835.26,46,35,0.3506651996373752,6.3442000905962885,892
450515,Customer_450515,1835.24,55,16,0.35066132544030254,6.3441126415163875,893
874264,Customer_874264,1834.56,20,37,0.3505296027398322,6.3411393727997565,894
276900,Customer_276900,1834.09,25,23,0.35043855910862476,6.339084319422083,895
814409,Customer_814409,1833.97,56,16,0.3504153139261888,6.338559624942677,896
7537,Customer_7537,1833.88,34,2,0.3503978800393619,6.3381661040831245,897
94078,Customer_94078,1833.86,29,33,0.3503940058422892,6.338078655003222,898
175264,Customer_175264,1833.28,42,39,0.35028165412718215,6.335542631686095,899
67721,Customer_67721,1832.87,46,30,0.35020223308719267,6.333749925548125,900
111942,Customer_111942,1832.54,52,6,0.35013830883549385,6.33230701572976,901
99063,Customer_99063,1832.31,23,18,0.3500937555691583,6.331301351310899,902
349060,Customer_349060,1831.87,23,29,0.35000852323355985,6.3293774715530775,903
574514,Customer_574514,1830.93,64,20,0.349826435971145,6.325267364797733,904
341034,Customer_341034,1830.66,61,38,0.3497741343106642,6.32408680221907,905
757406,Customer_757406,1830.56,70,16,0.34975476332530087,6.323649556819566,906
903593,Customer_903593,1830.06,73,4,0.34965790839848443,6.321463329822042,907
255600,Customer_255600,1829.69,43,23,0.3495862357526403,6.319845521843875,908
914846,Customer_914846,1829.51,58,29,0.3495513679789864,6.319058480124765,909
913541,Customer_913541,1829.41,33,13,0.3495319969936231,6.318621234725261,910
327445,Customer_327445,1828.93,28,16,0.34943901626387935,6.316522456807638,911
378788,Customer_378788,1828.61,73,12,0.34937702911071683,6.315123271529221,912
492165,Customer_492165,1828.53,52,9,0.34936153232242617,6.314773475209618,913
429182,Customer_429182,1828.29,32,2,0.3493150419575543,6.313724086250808,914
133177,Customer_133177,1828.16,72,11,0.34928985967658205,6.313155667231451,915
27736,Customer_27736,1828.16,25,24,0.34928985967658205,6.313155667231451,916
537187,Customer_537187,1827.85,49,27,0.3492298096219559,6.311800206492986,917
30344,Customer_30344,1827.72,27,19,0.3492046273409836,6.31123178747363,918
811046,Customer_811046,1827.68,74,35,0.3491968789468383,6.311056889313828,919
578119,Customer_578119,1827.54,70,17,0.3491697595673297,6.310444745754522,920
419357,Customer_419357,1827.41,47,31,0.34914457728635745,6.309876326735165,921
712166,Customer_712166,1826.88,40,39,0.34904191106393206,6.307558926117791,922
508665,Customer_508665,1826.83,59,14,0.34903222557125035,6.307340303418038,923
980891,Customer_980891,1826.74,44,8,0.34901479168442345,6.306946782558483,924
458064,Customer_458064,1825.99,64,23,0.3488695092941988,6.303667442062197,925
238482,Customer_238482,1825.97,50,16,0.34886563509712615,6.303579992982296,926
837853,Customer_837853,1825.92,57,39,0.3488559496044445,6.303361370282545,927
585262,Customer_585262,1825.85,50,29,0.3488423899146902,6.303055298502891,928
65918,Customer_65918,1825.61,60,28,0.3487958995498183,6.302005909544079,929
19012,Customer_19012,1825.5,65,27,0.3487745914659187,6.301524939604625,930
176331,Customer_176331,1825.1,27,21,0.34869710752446553,6.299775958006605,931
435859,Customer_435859,1825.01,45,33,0.34867967363763863,6.299382437147051,932
809486,Customer_809486,1824.88,31,13,0.3486544913566664,6.298814018127696,933
624098,Customer_624098,1824.49,74,30,0.34857894451374954,6.297108761069626,934
953941,Customer_953941,1824.38,69,8,0.34855763642984994,6.296627791130172,935
77035,Customer_77035,1824.24,73,1,0.3485305170503413,6.296015647570864,936
159675,Customer_159675,1823.57,63,31,0.34840073144840733,6.293086103394182,937
215493,Customer_215493,1823.46,68,2,0.3483794233645077,6.292605133454728,938
638442,Customer_638442,1823.2,40,17,0.3483290588025632,6.291468295416014,939
317103,Customer_317103,1823.06,21,24,0.3483019394230546,6.290856151856708,940
608841,Customer_608841,1822.39,34,14,0.3481721538211206,6.287926607680026,941
98372,Customer_98372,1822.22,24,22,0.34813922314600304,6.2871832905008675,942
96810,Customer_96810,1821.86,59,33,0.34806948759869516,6.28560920706265,943
489609,Customer_489609,1821.79,21,38,0.3480559279089409,6.285303135282998,944
820353,Customer_820353,1821.23,39,2,0.3479474503909065,6.282854561045771,945
201565,Customer_201565,1820.79,35,8,0.34786221805530804,6.28093068128795,946
893227,Customer_893227,1820.62,42,25,0.3478292873801905,6.280187364108792,947
258026,Customer_258026,1820.37,60,3,0.34778085991678226,6.27909425061003,948
754127,Customer_754127,1819.83,54,19,0.3476762565958205,6.276733125452704,949
629551,Customer_629551,1819.8,52,5,0.3476704453002115,6.276601951832852,950
430445,Customer_430445,1819.79,44,22,0.3476685082016752,6.276558227292902,951
929953,Customer_929953,1819.52,41,39,0.34761620654119435,6.27537766471424,952
6274,Customer_6274,1818.99,68,6,0.34751354031876897,6.273060264096864,953
788989,Customer_788989,1818.86,60,29,0.34748835803779665,6.272491845077507,954
800722,Customer_800722,1818.45,32,22,0.3474089369978072,6.270699138939539,955
216307,Customer_216307,1818.4,36,6,0.34739925150512563,6.270480516239787,956
629265,Customer_629265,1818.22,54,13,0.34736438373147166,6.269693474520677,957
420816,Customer_420816,1818.07,18,35,0.34733532725342675,6.26903760642142,958
13799,Customer_13799,1817.75,66,13,0.3472733401002642,6.267638421143006,959
921456,Customer_921456,1816.93,21,11,0.3471144980202853,6.264053008867066,960
573893,Customer_573893,1816.51,72,11,0.34703313988175954,6.262216578189146,961
604967,Customer_604967,1816.43,26,5,0.3470176430934689,6.261866781869542,962
496650,Customer_496650,1816.1,31,31,0.34695371884177006,6.2604238720511765,963
224287,Customer_224287,1815.95,63,37,0.34692466236372516,6.259768003951919,964
164021,Customer_164021,1815.85,43,27,0.34690529137836185,6.259330758552415,965
909559,Customer_909559,1815.5,59,30,0.3468374929295904,6.2578003996541485,966
43883,Customer_43883,1815.39,44,34,0.34681618484569077,6.257319429714693,967
854703,Customer_854703,1815.37,21,37,0.34681231064861806,6.257231980634792,968
272047,Customer_272047,1815.18,70,39,0.34677550577642785,6.256401214375733,969
821248,Customer_821248,1815.13,69,32,0.34676582028374625,6.256182591675981,970
979695,Customer_979695,1814.87,45,22,0.3467154557218017,6.255045753637268,971
783490,Customer_783490,1814.51,27,33,0.34664572017449385,6.25347167019905,972
381966,Customer_381966,1814.22,30,10,0.34658954431694033,6.252203658540487,973
449520,Customer_449520,1814.07,51,9,0.3465604878388954,6.251547790441229,974
76764,Customer_76764,1813.93,36,26,0.3465333684593868,6.250935646881923,975
317465,Customer_317465,1813.31,25,5,0.3464132683501345,6.248224725404993,976
195470,Customer_195470,1813.17,55,27,0.34638614897062586,6.247612581845687,977
990183,Customer_990183,1813.06,36,4,0.34636484088672626,6.247131611906232,978
152553,Customer_152553,1812.78,73,22,0.34631060212770903,6.245907324787618,979
554286,Customer_554286,1812.64,27,6,0.3462834827482005,6.245295181228312,980
913776,Customer_913776,1812.19,72,25,0.3461963133140657,6.2433275769305405,981
796558,Customer_796558,1810.88,61,37,0.3459425534058067,6.237599662197029,982
568315,Customer_568315,1810.8,61,30,0.34592705661751605,6.237249865877423,983
451174,Customer_451174,1810.39,28,29,0.3458476355775266,6.235457159739455,984
236419,Customer_236419,1810.07,30,2,0.34578564842436404,6.234057974461038,985
437457,Customer_437457,1810.06,18,30,0.34578371132582775,6.234014249921089,986
448254,Customer_448254,1810.02,60,6,0.34577596293168245,6.233839351761287,987
612486,Customer_612486,1809.88,46,34,0.34574884355217383,6.233227208201981,988
787517,Customer_787517,1809.35,22,13,0.3456461773297484,6.230909807584605,989
450667,Customer_450667,1809.32,44,9,0.34564036603413945,6.230778633964753,990
583880,Customer_583880,1809.3,27,18,0.3456364918370668,6.230691184884852,991
443285,Customer_443285,1809.09,36,33,0.3455958127678039,6.229772969545892,992
565443,Customer_565443,1809.07,38,7,0.3455919385707312,6.229685520465991,993
62968,Customer_62968,1808.92,61,35,0.3455628820926863,6.2290296523667354,994
650841,Customer_650841,1808.26,32,15,0.3454350335892886,6.226143832730003,995
530464,Customer_530464,1808.22,54,36,0.3454272851951433,6.225968934570201,996
837060,Customer_837060,1808.12,32,23,0.34540791420978,6.225531689170697,997
909250,Customer_909250,1807.85,29,29,0.34535561254929914,6.224351126592033,998
902675,Customer_902675,1807.54,53,10,0.34529556249467297,6.222995665853569,999
767704,Customer_767704,1807.25,66,35,0.3452393866371195,6.221727654195005,1000
425831,Customer_425831,1807.1,19,36,0.34521033015907454,6.221071786095748,1001
650980,Customer_650980,1807.04,39,28,0.3451987075678566,6.220809438856045,1002
289484,Customer_289484,1807.03,64,29,0.34519677046932024,6.2207657143160935,1003
322551,Customer_322551,1806.93,66,32,0.345177399483957,6.220328468916589,1004
611304,Customer_611304,1806.44,54,12,0.3450824816556769,6.218185966459017,1005
508819,Customer_508819,1806.07,45,32,0.3450108090098327,6.216568158480848,1006
3305,Customer_3305,1805.66,66,7,0.3449313879698433,6.214775452342879,1007
825684,Customer_825684,1805.11,49,12,0.3448248475503452,6.212370602645602,1008
399588,Customer_399588,1805.02,42,16,0.34480741366351825,6.211977081786049,1009
67200,Customer_67200,1804.53,67,4,0.34471249583523816,6.209834579328475,1010
445654,Customer_445654,1804.11,59,19,0.3446311376967124,6.207998148650554,1011
836959,Customer_836959,1804.0,48,13,0.3446098296128128,6.2075171787111,1012
760960,Customer_760960,1803.55,48,30,0.344522660178678,6.205549574413328,1013
957742,Customer_957742,1803.28,48,6,0.34447035851819713,6.2043690118346655,1014
331072,Customer_331072,1802.64,25,4,0.34434638421187214,6.2015706412778355,1015
885006,Customer_885006,1802.14,34,37,0.3442495292850557,6.199384414280312,1016
901985,Customer_901985,1802.13,35,8,0.3442475921865194,6.199340689740362,1017
449886,Customer_449886,1801.93,64,28,0.34420885021579284,6.198466198941351,1018
98679,Customer_98679,1801.5,70,38,0.34412555497873065,6.196586043723482,1019
787846,Customer_787846,1800.49,22,28,0.34392990802656154,6.1921698651884824,1020
753968,Customer_753968,1800.2,25,3,0.343873732169008,6.190901853529919,1021
666817,Customer_666817,1799.21,47,11,0.3436819594139115,6.1865731240748225,1022
191199,Customer_191199,1798.82,20,11,0.34360641257099467,6.184867867016752,1023
200274,Customer_200274,1798.66,57,4,0.34357541899441346,6.184168274377545,1024
947731,Customer_947731,1798.34,32,29,0.3435134318412509,6.182769089099129,1025
540968,Customer_540968,1798.27,49,23,0.34349987215149663,6.182463017319478,1026
44879,Customer_44879,1797.83,40,37,0.34341463981589815,6.180539137561656,1027
82744,Customer_82744,1797.36,70,21,0.3433235961846907,6.1784840841839825,1028
66893,Customer_66893,1797.23,47,3,0.34329841390371846,6.177915665164628,1029
727033,Customer_727033,1796.9,70,1,0.34323448965201964,6.176472755346262,1030
940218,Customer_940218,1795.46,61,20,0.3429555474627884,6.170176421593394,1031
275093,Customer_275093,1795.28,71,17,0.3429206796891344,6.169389379874284,1032
123393,Customer_123393,1795.07,60,22,0.34288000061987156,6.168471164535323,1033
376017,Customer_376017,1795.06,51,33,0.3428780635213352,6.168427439995375,1034
313557,Customer_313557,1794.93,41,31,0.34285288124036295,6.167859020976017,1035
306954,Customer_306954,1794.58,54,26,0.3427850827915915,6.166328662077752,1036
514181,Customer_514181,1794.31,34,36,0.3427327811311106,6.165148099499088,1037
130447,Customer_130447,1794.14,66,25,0.34269985045599305,6.16440478231993,1038
267903,Customer_267903,1793.9,29,1,0.34265336009112113,6.16335539336112,1039
945571,Customer_945571,1793.35,54,11,0.34254681967162304,6.1609505436638425,1040
776186,Customer_776186,1793.05,56,7,0.3424887067155332,6.159638807465328,1041
687583,Customer_687583,1792.7,18,39,0.34242090826676175,6.158108448567061,1042
69331,Customer_69331,1792.42,33,20,0.3423666695077446,6.156884161448449,1043
92506,Customer_92506,1792.16,73,28,0.3423163049458,6.155747323409736,1044
747724,Customer_747724,1792.04,43,31,0.34229305976336405,6.15522262893033,1045
174087,Customer_174087,1791.46,26,36,0.342180708048257,6.152686605613203,1046
746837,Customer_746837,1791.35,47,13,0.3421593999643574,6.152205635673748,1047
569306,Customer_569306,1791.18,63,1,0.34212646928923984,6.151462318494589,1048
954604,Customer_954604,1790.96,35,36,0.34208385312144063,6.150500378615679,1049
805153,Customer_805153,1790.87,50,38,0.3420664192346136,6.150106857756125,1050
624823,Customer_624823,1790.76,41,25,0.342045111150714,6.1496258878166685,1051
34910,Customer_34910,1790.67,60,33,0.3420276772638871,6.149232366957116,1052
979874,Customer_979874,1790.58,42,8,0.3420102433770601,6.1488388460975605,1053
894307,Customer_894307,1790.47,67,24,0.34198893529316055,6.148357876158105,1054
79460,Customer_79460,1790.45,49,15,0.34198506109608784,6.148270427078204,1055
681206,Customer_681206,1790.33,61,1,0.3419618159136519,6.147745732598799,1056
270339,Customer_270339,1790.15,18,16,0.341926948139998,6.146958690879691,1057
717084,Customer_717084,1788.99,55,12,0.34170224470978394,6.141886644245434,1058
657128,Customer_657128,1788.52,22,1,0.3416112010785765,6.139831590867763,1059
272691,Customer_272691,1788.16,34,1,0.3415414655312687,6.138257507429545,1060
697918,Customer_697918,1788.11,35,28,0.34153178003858703,6.138038884729792,1061
746969,Customer_746969,1787.37,63,34,0.34138843474689873,6.1348032687734575,1062
203745,Customer_203745,1786.9,49,1,0.3412973911156913,6.132748215395786,1063
682783,Customer_682783,1786.51,45,17,0.34122184427277447,6.131042958337717,1064
783976,Customer_783976,1786.26,58,30,0.3411734168093663,6.129949844838954,1065
311580,Customer_311580,1785.91,53,22,0.34110561836059483,6.128419485940688,1066
703490,Customer_703490,1785.79,31,36,0.3410823731781588,6.127894791461283,1067
362055,Customer_362055,1785.55,23,39,0.34103588281328695,6.12684540250247,1068
955666,Customer_955666,1785.24,55,14,0.3409758327586608,6.125489941764005,1069
904197,Customer_904197,1784.96,48,26,0.3409215939996436,6.124265654645393,1070
435573,Customer_435573,1784.88,61,20,0.340906097211353,6.12391585832579,1071
158649,Customer_158649,1784.65,55,8,0.34086154394501744,6.122910193906929,1072
821460,Customer_821460,1784.53,20,10,0.3408382987625815,6.122385499427522,1073
856849,Customer_856849,1784.03,36,26,0.34074144383576505,6.120199272429998,1074
414788,Customer_414788,1783.78,41,10,0.3406930163723568,6.119106158931236,1075
890336,Customer_890336,1783.54,68,31,0.34064652600748496,6.1180567699724255,1076
543181,Customer_543181,1783.1,40,29,0.3405612936718865,6.116132890214605,1077
435023,Customer_435023,1782.87,19,9,0.34051674040555097,6.115127225795743,1078
655677,Customer_655677,1782.82,24,27,0.3405070549128693,6.11490860309599,1079
274780,Customer_274780,1782.7,23,17,0.3404838097304334,6.114383908616585,1080
820937,Customer_820937,1782.38,41,23,0.3404218225772709,6.112984723338171,1081
230412,Customer_230412,1782.36,19,29,0.34041794838019823,6.112897274258268,1082
146069,Customer_146069,1782.34,59,7,0.3404140741831255,6.112809825178367,1083
9826,Customer_9826,1782.19,19,18,0.3403850177050807,6.112153957079111,1084
736145,Customer_736145,1782.13,54,28,0.3403733951138627,6.111891609839409,1085
662381,Customer_662381,1782.1,59,5,0.34036758381825366,6.111760436219557,1086
807628,Customer_807628,1782.09,22,14,0.34036564671971736,6.111716711679605,1087
501083,Customer_501083,1781.72,63,15,0.34029397407387324,6.110098903701438,1088
605807,Customer_605807,1781.59,23,26,0.3402687917929009,6.1095304846820815,1089
522303,Customer_522303,1781.43,65,26,0.3402377982163197,6.108830892042874,1090
385388,Customer_385388,1781.36,65,9,0.34022423852656536,6.10852482026322,1091
943538,Customer_943538,1781.35,51,39,0.34022230142802906,6.108481095723271,1092
308352,Customer_308352,1781.25,48,3,0.34020293044266575,6.108043850323766,1093
697809,Customer_697809,1781.13,70,10,0.34017968526022985,6.107519155844361,1094
934573,Customer_934573,1780.49,56,14,0.3400557109539048,6.10472078528753,1095
234067,Customer_234067,1779.36,44,10,0.3398368188192997,6.099779912273125,1096
719298,Customer_719298,1779.01,52,19,0.33976902037052825,6.098249553374859,1097
439985,Customer_439985,1778.92,67,6,0.3397515864837013,6.097856032515306,1098
613001,Customer_613001,1778.8,69,29,0.33972834130126534,6.097331338035898,1099
116253,Customer_116253,1778.27,27,26,0.33962567507883995,6.095013937418525,1100
191236,Customer_191236,1777.76,26,24,0.33952688305348716,6.0927839858810495,1101
725544,Customer_725544,1777.63,43,4,0.33950170077251496,6.092215566861695,1102
649956,Customer_649956,1777.42,39,38,0.33946102170325204,6.091297351522734,1103
311774,Customer_311774,1777.38,54,12,0.33945327330910674,6.0911224533629325,1104
78718,Customer_78718,1777.29,60,2,0.33943583942227973,6.090728932503378,1105
347896,Customer_347896,1777.23,39,36,0.3394242168310618,6.090466585263675,1106
2864,Customer_2864,1777.11,68,35,0.3394009716486258,6.089941890784268,1107
51554,Customer_51554,1776.09,72,11,0.33920338759792035,6.085481987709319,1108
936671,Customer_936671,1776.03,72,35,0.3391917650067024,6.085219640469616,1109
715575,Customer_715575,1775.95,55,7,0.3391762682184118,6.084869844150013,1110
263461,Customer_263461,1775.68,64,14,0.3391239665579309,6.083689281571351,1111
372624,Customer_372624,1775.68,21,36,0.3391239665579309,6.083689281571351,1112
662454,Customer_662454,1775.56,69,35,0.33910072137549496,6.083164587091945,1113
77691,Customer_77691,1775.55,60,6,0.3390987842769586,6.0831208625519935,1114
650774,Customer_650774,1775.48,68,4,0.3390852245872043,6.082814790772342,1115
165155,Customer_165155,1775.45,19,27,0.33907941329159536,6.082683617152489,1116
389652,Customer_389652,1775.29,29,34,0.3390484197150141,6.081984024513282,1117
59579,Customer_59579,1774.74,35,10,0.338941879295516,6.079579174816005,1118
68493,Customer_68493,1774.71,18,26,0.33893606799990705,6.079448001196155,1119
617038,Customer_617038,1774.69,44,30,0.3389321938028344,6.079360552116254,1120
897118,Customer_897118,1774.66,20,12,0.3389263825072254,6.079229378496402,1121
426163,Customer_426163,1774.48,52,5,0.3388915147335715,6.078442336777294,1122
757594,Customer_757594,1774.47,23,27,0.3388895776350352,6.078398612237343,1123
907612,Customer_907612,1773.53,29,38,0.33870749037262027,6.074288505481998,1124
478320,Customer_478320,1773.31,49,21,0.33866487420482105,6.073326565603088,1125
924231,Customer_924231,1773.27,70,28,0.33865712581067575,6.073151667443287,1126
338280,Customer_338280,1772.66,65,6,0.33853896279995976,6.070484470506306,1127
838911,Customer_838911,1771.73,35,2,0.3383588126360812,6.066418088290913,1128
143405,Customer_143405,1771.63,51,27,0.33833944165071794,6.065980842891409,1129
783780,Customer_783780,1771.6,64,15,0.3383336303551089,6.065849669271556,1130
125441,Customer_125441,1771.48,42,37,0.338310385172673,6.065324974792151,1131
636989,Customer_636989,1771.19,38,21,0.33825420931511946,6.064056963133588,1132
238266,Customer_238266,1771.09,55,24,0.33823483832975615,6.063619717734081,1133
298966,Customer_298966,1770.76,70,31,0.3381709140780573,6.062176807915716,1134
635424,Customer_635424,1770.45,46,7,0.33811086402343116,6.060821347177251,1135
625513,Customer_625513,1769.64,19,38,0.3379539590419886,6.057279659441263,1136
378900,Customer_378900,1769.6,67,7,0.33794621064784325,6.057104761281461,1137
216489,Customer_216489,1769.31,26,34,0.33789003479028973,6.055836749622897,1138
664524,Customer_664524,1769.09,73,12,0.3378474186224905,6.0548748097439855,1139
330599,Customer_330599,1768.88,45,13,0.33780673955322765,6.053956594405028,1140
30363,Customer_30363,1768.71,28,3,0.33777380887811004,6.053213277225869,1141
663158,Customer_663158,1768.32,63,10,0.3376982620351932,6.051508020167799,1142
271542,Customer_271542,1768.05,44,25,0.33764596037471234,6.050327457589137,1143
376384,Customer_376384,1768.0,51,14,0.33763627488203074,6.050108834889385,1144
557474,Customer_557474,1767.72,31,39,0.3375820361230135,6.048884547770771,1145
170235,Customer_170235,1767.38,25,13,0.3375161747727784,6.047397913412456,1146
356580,Customer_356580,1766.88,41,17,0.33741931984596196,6.045211686414932,1147
189308,Customer_189308,1766.76,19,9,0.337396074663526,6.044686991935525,1148
711954,Customer_711954,1766.46,38,10,0.3373379617074362,6.043375255737012,1149
709120,Customer_709120,1766.44,67,6,0.33733408751036353,6.043287806657111,1150
437755,Customer_437755,1765.91,71,24,0.3372314212879381,6.040970406039735,1151
922375,Customer_922375,1765.84,59,34,0.3372178615981838,6.040664334260081,1152
856448,Customer_856448,1765.79,60,22,0.33720817610550213,6.04044571156033,1153
575580,Customer_575580,1765.66,33,34,0.33718299382452993,6.039877292540973,1154
804430,Customer_804430,1765.62,39,12,0.3371752454303846,6.039702394381171,1155
469321,Customer_469321,1765.57,60,23,0.3371655599377029,6.039483771681418,1156
829820,Customer_829820,1765.55,19,31,0.33716168574063027,6.039396322601517,1157
57178,Customer_57178,1765.29,46,34,0.33711132117868575,6.038259484562806,1158
727472,Customer_727472,1763.82,30,29,0.33682656769384545,6.031831977190085,1159
10099,Customer_10099,1763.28,27,33,0.3367219643728837,6.02947085203276,1160
361062,Customer_361062,1763.27,50,31,0.3367200272743474,6.02942712749281,1161
243790,Customer_243790,1763.16,68,22,0.3366987191904478,6.028946157553354,1162
139633,Customer_139633,1763.03,70,13,0.33667353690947555,6.028377738533997,1163
748091,Customer_748091,1762.78,60,18,0.3366251094460673,6.027284625035236,1164
450905,Customer_450905,1762.54,49,2,0.33657861908119546,6.026235236076425,1165
824880,Customer_824880,1762.47,66,30,0.33656505939144116,6.025929164296771,1166
514357,Customer_514357,1762.07,39,28,0.336487575449988,6.0241801826987516,1167
338469,Customer_338469,1762.05,41,14,0.3364837012529153,6.024092733618851,1168
398175,Customer_398175,1761.74,59,26,0.33642365119828915,6.022737272880386,1169
57815,Customer_57815,1761.63,35,17,0.3364023431143896,6.022256302940932,1170
487556,Customer_487556,1761.48,33,26,0.33637328663634464,6.021600434841675,1171
393899,Customer_393899,1761.4,73,35,0.33635778984805403,6.021250638522071,1172
732476,Customer_732476,1761.33,27,1,0.3363442301582997,6.0209445667424175,1173
620292,Customer_620292,1761.24,39,36,0.33632679627147277,6.020551045882862,1174
718293,Customer_718293,1760.92,63,19,0.33626480911831025,6.019151860604448,1175
363358,Customer_363358,1760.86,48,16,0.33625318652709224,6.018889513364743,1176
689273,Customer_689273,1760.85,21,19,0.33625124942855594,6.018845788824795,1177
839259,Customer_839259,1760.61,42,38,0.3362047590636841,6.017796399865982,1178
534004,Customer_534004,1760.15,46,36,0.336115652531013,6.015785071028262,1179
189450,Customer_189450,1760.05,20,37,0.3360962815456497,6.015347825628756,1180
327886,Customer_327886,1759.89,74,20,0.3360652879690684,6.014648232989549,1181
771032,Customer_771032,1759.84,58,8,0.33605560247638677,6.014429610289795,1182
176704,Customer_176704,1759.82,45,3,0.3360517282793141,6.014342161209894,1183
761309,Customer_761309,1759.53,69,34,0.3359955524217606,6.013074149551331,1184
64294,Customer_64294,1759.52,36,31,0.3359936153232243,6.013030425011381,1185
190003,Customer_190003,1759.32,69,20,0.3359548733524977,6.0121559342123705,1186
605755,Customer_605755,1758.2,31,34,0.33573791831642896,6.007258785737918,1187
920681,Customer_920681,1758.15,66,11,0.3357282328237473,6.007040163038166,1188
463197,Customer_463197,1757.75,42,18,0.3356507488822942,6.005291181440147,1189
890212,Customer_890212,1757.59,30,4,0.3356197553057129,6.004591588800938,1190
772687,Customer_772687,1757.14,32,27,0.33553258587157814,6.002623984503168,1191
126665,Customer_126665,1756.94,41,9,0.3354938439008516,6.001749493704159,1192
215268,Customer_215268,1756.66,71,36,0.3354396051418344,6.000525206585545,1193
718492,Customer_718492,1756.65,72,16,0.33543766804329805,6.000481482045595,1194
716106,Customer_716106,1756.29,58,37,0.33536793249599023,5.998907398607377,1195
422015,Customer_422015,1756.25,50,34,0.3353601841018449,5.998732500447575,1196
181009,Customer_181009,1756.19,30,9,0.335348561510627,5.998470153207873,1197
795019,Customer_795019,1756.06,53,33,0.33532337922965466,5.997901734188516,1198
192808,Customer_192808,1756.05,52,24,0.33532144213111836,5.9978580096485645,1199
964383,Customer_964383,1755.84,60,15,0.33528076306185545,5.996939794309605,1200
192039,Customer_192039,1755.52,58,20,0.3352187759086929,5.995540609031191,1201
355725,Customer_355725,1755.24,44,25,0.33516453714967576,5.994316321912576,1202
718486,Customer_718486,1755.22,51,6,0.3351606629526031,5.994228872832676,1203
959854,Customer_959854,1754.84,68,22,0.3350870532082226,5.992567340314557,1204
883985,Customer_883985,1754.27,22,26,0.3349766385916519,5.990075041537381,1205
870220,Customer_870220,1753.6,53,29,0.3348468529897179,5.987145497360699,1206
727744,Customer_727744,1753.43,65,14,0.33481392231460033,5.986402180181541,1207
476019,Customer_476019,1753.0,29,17,0.3347306270775382,5.98452202496367,1208
269457,Customer_269457,1752.6,72,28,0.3346531431360851,5.982773043365651,1209
550156,Customer_550156,1752.47,27,18,0.3346279608551128,5.982204624346295,1210
413432,Customer_413432,1752.3,24,35,0.3345950301799952,5.9814613071671365,1211
765048,Customer_765048,1752.3,43,28,0.3345950301799952,5.9814613071671365,1212
319061,Customer_319061,1752.18,34,31,0.3345717849975593,5.980936612687731,1213
488702,Customer_488702,1752.04,55,28,0.3345446656180507,5.9803244691284245,1214
746869,Customer_746869,1751.54,73,31,0.33444781069123425,5.978138242130901,1215
270192,Customer_270192,1751.48,44,14,0.3344361881000163,5.9778758948911985,1216
79192,Customer_79192,1751.47,47,3,0.33443425100147994,5.977832170351247,1217
773983,Customer_773983,1751.44,63,33,0.334428439705871,5.9777009967313965,1218
377269,Customer_377269,1750.95,42,38,0.3343335218775909,5.975558494273822,1219
245473,Customer_245473,1750.93,40,37,0.33432964768051826,5.975471045193921,1220
393062,Customer_393062,1750.92,30,5,0.3343277105819819,5.975427320653972,1221
467184,Customer_467184,1750.74,67,20,0.334292842808328,5.974640278934862,1222
435598,Customer_435598,1750.68,74,18,0.33428122021711004,5.97437793169516,1223
169566,Customer_169566,1750.53,53,31,0.3342521637390651,5.973722063595902,1224
807780,Customer_807780,1750.17,62,28,0.3341824281917573,5.972147980157686,1225
3142,Customer_3142,1750.17,36,16,0.3341824281917573,5.972147980157686,1226
195749,Customer_195749,1750.16,37,30,0.33418049109322095,5.972104255617735,1227
328397,Customer_328397,1750.16,60,20,0.33418049109322095,5.972104255617735,1228
780064,Customer_780064,1750.08,61,24,0.3341649943049303,5.971754459298131,1229
406074,Customer_406074,1750.0,36,31,0.3341494975166397,5.971404662978528,1230
383612,Customer_383612,1749.93,34,25,0.3341359378268854,5.971098591198873,1231
824383,Customer_824383,1749.55,36,36,0.3340623280825049,5.9694370586807555,1232
877426,Customer_877426,1749.5,57,39,0.33405264258982326,5.969218435981004,1233
821607,Customer_821607,1749.49,51,13,0.33405070549128696,5.9691747114410525,1234
365801,Customer_365801,1749.21,36,28,0.3339964667322698,5.96795042432244,1235
402165,Customer_402165,1749.2,24,11,0.33399452963373344,5.967906699782489,1236
485116,Customer_485116,1748.78,59,35,0.33391317149520766,5.966070269104568,1237
701779,Customer_701779,1748.68,45,29,0.33389380050984435,5.965633023705064,1238
695883,Customer_695883,1748.62,65,22,0.33388217791862634,5.965370676465361,1239
11063,Customer_11063,1748.32,43,13,0.3338240649625365,5.964058940266846,1240
53229,Customer_53229,1747.52,40,4,0.3336690970796303,5.960560977070809,1241
760252,Customer_760252,1747.4,46,9,0.33364585189719437,5.960036282591404,1242
137780,Customer_137780,1747.36,20,37,0.333638103503049,5.9598613844316,1243
724494,Customer_724494,1746.62,41,7,0.3334947582113607,5.956625768475266,1244
419711,Customer_419711,1746.4,34,7,0.3334521420435615,5.955663828596356,1245
887974,Customer_887974,1745.99,48,27,0.333372721003572,5.953871122458386,1246
907316,Customer_907316,1745.71,20,36,0.33331848224455485,5.952646835339774,1247
702929,Customer_702929,1745.62,25,26,0.33330104835772784,5.9522533144802185,1248
73442,Customer_73442,1745.6,23,32,0.3332971741606552,5.952165865400318,1249
977595,Customer_977595,1745.55,26,1,0.3332874886679736,5.951947242700564,1250
12800,Customer_12800,1745.26,27,6,0.33323131281042007,5.950679231042001,1251
587290,Customer_587290,1744.9,18,26,0.33316157726311224,5.9491051476037855,1252
137604,Customer_137604,1744.74,22,11,0.333130583686531,5.948405554964576,1253
634547,Customer_634547,1744.67,25,28,0.33311702399677673,5.948099483184924,1254
615276,Customer_615276,1744.44,62,36,0.33307247073044116,5.947093818766063,1255
463265,Customer_463265,1744.27,43,13,0.33303954005532355,5.946350501586904,1256
989612,Customer_989612,1744.1,22,26,0.33300660938020593,5.945607184407746,1257
281682,Customer_281682,1743.92,27,25,0.3329717416065521,5.944820142688639,1258
679041,Customer_679041,1743.83,51,33,0.3329543077197251,5.944426621829083,1259
204780,Customer_204780,1743.59,18,13,0.3329078173548532,5.943377232870271,1260
532628,Customer_532628,1743.55,25,32,0.3329000689607079,5.943202334710469,1261
196471,Customer_196471,1743.4,20,37,0.332871012482663,5.942546466611214,1262
855039,Customer_855039,1743.17,44,17,0.3328264592163275,5.941540802192352,1263
674489,Customer_674489,1743.08,55,30,0.33280902532950046,5.941147281332798,1264
912582,Customer_912582,1742.67,46,12,0.33272960428951104,5.9393545751948285,1265
323741,Customer_323741,1742.63,65,28,0.33272185589536574,5.939179677035027,1266
572347,Customer_572347,1742.53,36,39,0.3327024849100024,5.938742431635521,1267
4320,Customer_4320,1742.51,40,32,0.3326986107129298,5.93865498255562,1268
317175,Customer_317175,1742.44,35,24,0.33268505102317547,5.938348910775968,1269
374839,Customer_374839,1742.12,28,19,0.33262306387001295,5.936949725497552,1270
647157,Customer_647157,1741.99,35,9,0.3325978815890407,5.936381306478196,1271
593782,Customer_593782,1741.52,49,38,0.33250683795783326,5.934326253100524,1272
789786,Customer_789786,1741.48,43,32,0.33249908956368796,5.934151354940722,1273
754708,Customer_754708,1740.63,54,18,0.33233443618810005,5.930434769044932,1274
553485,Customer_553485,1740.42,31,20,0.33229375711883713,5.929516553705971,1275
392573,Customer_392573,1740.26,21,13,0.33226276354225587,5.9288169610667625,1276
368184,Customer_368184,1739.94,63,12,0.3322007763890934,5.927417775788348,1277
88379,Customer_88379,1739.39,41,17,0.33209423596959536,5.925012926091072,1278
431714,Customer_431714,1739.36,70,11,0.3320884246739863,5.92488175247122,1279
861731,Customer_861731,1739.35,64,11,0.33208648757545,5.92483802793127,1280
353295,Customer_353295,1739.3,46,23,0.33207680208276835,5.924619405231517,1281
365143,Customer_365143,1739.16,49,18,0.3320496827032598,5.924007261672211,1282
325672,Customer_325672,1738.51,43,32,0.33192377129839845,5.921165166575429,1283
490204,Customer_490204,1738.48,26,7,0.33191796000278945,5.921033992955579,1284
944025,Customer_944025,1738.11,26,6,0.33184628735694527,5.91941618497741,1285
847423,Customer_847423,1737.84,70,19,0.3317939856964644,5.918235622398747,1286
755087,Customer_755087,1737.65,22,21,0.3317571808242742,5.91740485613969,1287
918834,Customer_918834,1737.64,48,22,0.3317552437257379,5.917361131599739,1288
970067,Customer_970067,1737.13,27,33,0.33165645170038516,5.915131180062265,1289
817065,Customer_817065,1736.87,72,20,0.33160608713844053,5.9139943420235515,1290
960250,Customer_960250,1736.63,43,31,0.3315595967735687,5.912944953064741,1291
422515,Customer_422515,1736.45,27,35,0.3315247289999148,5.9121579113456315,1292
383076,Customer_383076,1736.2,43,8,0.3314763015365066,5.911064797846869,1293
478414,Customer_478414,1735.98,72,34,0.3314336853687074,5.91010285796796,1294
642631,Customer_642631,1735.93,49,8,0.3314239998760257,5.909884235268207,1295
77000,Customer_77000,1735.61,69,8,0.3313620127228632,5.908485049989791,1296
928289,Customer_928289,1735.56,33,36,0.33135232723018154,5.908266427290039,1297
673459,Customer_673459,1735.49,41,25,0.3313387675404273,5.907960355510386,1298
911128,Customer_911128,1735.42,29,4,0.331325207850673,5.907654283730733,1299
616773,Customer_616773,1734.66,30,36,0.33117798836191203,5.904331218694496,1300
667901,Customer_667901,1734.46,62,13,0.33113924639118547,5.903456727895487,1301
424856,Customer_424856,1734.31,50,22,0.3311101899131405,5.90280085979623,1302
68813,Customer_68813,1733.89,61,16,0.33102883177461473,5.90096442911831,1303
975313,Customer_975313,1733.85,62,26,0.3310210833804694,5.900789530958508,1304
948406,Customer_948406,1733.69,36,9,0.33099008980388817,5.900089938319301,1305
579494,Customer_579494,1732.98,49,11,0.33085255580780887,5.8969854959828165,1306
363667,Customer_363667,1732.89,44,2,0.3308351219209819,5.896591975123262,1307
727427,Customer_727427,1732.76,19,23,0.33080993964000965,5.896023556103906,1308
390040,Customer_390040,1732.67,28,26,0.3307925057531827,5.895630035244352,1309
297941,Customer_297941,1732.66,65,21,0.33079056865464634,5.895586310704401,1310
684624,Customer_684624,1732.43,72,25,0.33074601538831083,5.89458064628554,1311
594245,Customer_594245,1732.34,71,21,0.3307285815014838,5.894187125425985,1312
271009,Customer_271009,1732.12,45,13,0.3306859653336846,5.893225185547076,1313
659444,Customer_659444,1731.85,74,5,0.33063366367320374,5.892044622968412,1314
463057,Customer_463057,1731.38,66,38,0.33054262004199636,5.889989569590741,1315
93651,Customer_93651,1731.18,32,7,0.33050387807126974,5.889115078791731,1316
213531,Customer_213531,1730.72,27,3,0.33041477153859866,5.887103749954008,1317
714332,Customer_714332,1730.44,71,9,0.33036053277958144,5.885879462835396,1318
562727,Customer_562727,1730.15,52,37,0.330304356922028,5.884611451176832,1319
526912,Customer_526912,1730.07,46,25,0.3302888601337373,5.884261654857227,1320
678705,Customer_678705,1729.98,62,5,0.33027142624691036,5.883868133997674,1321
651143,Customer_651143,1729.36,21,18,0.33015132613765796,5.881157212520743,1322
21445,Customer_21445,1729.13,36,30,0.33010677287132245,5.880151548101884,1323
974874,Customer_974874,1729.01,50,11,0.3300835276888865,5.879626853622477,1324
109185,Customer_109185,1728.87,55,1,0.3300564083093779,5.879014710063171,1325
254578,Customer_254578,1728.59,57,37,0.3300021695503607,5.877790422944557,1326
255092,Customer_255092,1728.12,66,4,0.3299111259191533,5.875735369566885,1327
448044,Customer_448044,1728.03,50,36,0.3298936920323263,5.87534184870733,1328
413426,Customer_413426,1727.82,19,18,0.3298530129630634,5.8744236333683695,1329
88912,Customer_88912,1727.79,43,8,0.32984720166745446,5.87429245974852,1330
812986,Customer_812986,1727.76,23,16,0.32984139037184546,5.874161286128667,1331
397257,Customer_397257,1727.67,61,33,0.3298239564850185,5.873767765269114,1332
468582,Customer_468582,1727.5,68,18,0.32979102580990094,5.873024448089955,1333
328700,Customer_328700,1727.12,31,39,0.3297174160655204,5.871362915571837,1334
512837,Customer_512837,1727.11,58,24,0.3297154789669841,5.871319191031886,1335
207686,Customer_207686,1727.09,57,35,0.32971160476991146,5.871231741951985,1336
86622,Customer_86622,1727.02,66,19,0.32969804508015715,5.8709256701723325,1337
734664,Customer_734664,1726.72,53,14,0.32963993212406734,5.869613933973818,1338
533884,Customer_533884,1726.42,63,36,0.32958181916797746,5.8683021977753045,1339
966089,Customer_966089,1726.14,41,25,0.3295275804089603,5.867077910656691,1340
298156,Customer_298156,1725.87,65,16,0.32947527874847937,5.865897348078027,1341
652720,Customer_652720,1725.87,29,27,0.32947527874847937,5.865897348078027,1342
312079,Customer_312079,1725.85,44,4,0.3294714045514067,5.865809898998127,1343
804941,Customer_804941,1725.56,51,2,0.3294152286938532,5.864541887339563,1344
407482,Customer_407482,1725.54,69,26,0.32941135449678055,5.864454438259663,1345
542568,Customer_542568,1725.49,62,20,0.3294016690040989,5.864235815559909,1346
249789,Customer_249789,1724.11,28,39,0.3291343494060856,5.858201829046743,1347
399059,Customer_399059,1724.09,67,27,0.32913047520901295,5.858114379966842,1348
392068,Customer_392068,1723.9,70,10,0.32909367033682274,5.857283613707785,1349
995636,Customer_995636,1723.69,58,33,0.3290529912675598,5.856365398368824,1350
223485,Customer_223485,1723.51,68,27,0.3290181234939059,5.855578356649715,1351
917286,Customer_917286,1723.24,55,22,0.32896582183342504,5.854397794071052,1352
481962,Customer_481962,1722.94,51,2,0.3289077088773352,5.853086057872539,1353
281030,Customer_281030,1722.4,60,2,0.3288031055563735,5.850724932715213,1354
249452,Customer_249452,1722.19,40,5,0.32876242648711057,5.849806717376253,1355
618564,Customer_618564,1721.89,71,13,0.32870431353102075,5.848494981177738,1356
716462,Customer_716462,1721.89,38,34,0.32870431353102075,5.848494981177738,1357
874340,Customer_874340,1721.31,49,16,0.32859196181591366,5.845958957860611,1358
982600,Customer_982600,1721.3,24,29,0.32859002471737736,5.845915233320659,1359
403775,Customer_403775,1721.24,60,21,0.32857840212615935,5.8456528860809565,1360
74049,Customer_74049,1721.19,33,28,0.32856871663347775,5.845434263381206,1361
926279,Customer_926279,1721.19,71,25,0.32856871663347775,5.845434263381206,1362
426027,Customer_426027,1720.89,33,28,0.3285106036773879,5.84412252718269,1363
990833,Customer_990833,1720.78,74,39,0.3284892955934883,5.8436415572432345,1364
245551,Customer_245551,1720.72,22,10,0.3284776730022703,5.8433792100035316,1365
111930,Customer_111930,1720.59,38,30,0.328452490721298,5.842810790984175,1366
180000,Customer_180000,1720.49,28,25,0.32843311973593475,5.842373545584671,1367
246114,Customer_246114,1720.24,27,1,0.32838469227252653,5.841280432085909,1368
358762,Customer_358762,1720.1,48,35,0.3283575728930179,5.840668288526603,1369
969985,Customer_969985,1720.04,74,19,0.32834595030179997,5.8404059412869005,1370
382898,Customer_382898,1719.55,55,4,0.3282510324735199,5.838263438829326,1371
990033,Customer_990033,1719.5,41,6,0.32824134698083823,5.838044816129575,1372
717496,Customer_717496,1719.41,70,2,0.3282239130940113,5.83765129527002,1373
308799,Customer_308799,1719.23,35,3,0.32818904532035736,5.836864253550912,1374
230154,Customer_230154,1719.08,52,22,0.32815998884231246,5.836208385451655,1375
758702,Customer_758702,1718.92,24,7,0.3281289952657312,5.835508792812448,1376
730296,Customer_730296,1718.67,68,8,0.32808056780232303,5.834415679313685,1377
833612,Customer_833612,1718.67,72,38,0.32808056780232303,5.834415679313685,1378
490503,Customer_490503,1718.67,40,37,0.32808056780232303,5.834415679313685,1379
771327,Customer_771327,1718.08,40,7,0.3279662789886796,5.831835931456607,1380
399810,Customer_399810,1718.08,49,8,0.3279662789886796,5.831835931456607,1381
896823,Customer_896823,1717.76,73,29,0.3279042918355171,5.830436746178191,1382
250192,Customer_250192,1717.2,40,30,0.3277958143174827,5.827988171940964,1383
573963,Customer_573963,1717.06,52,13,0.3277686949379741,5.827376028381658,1384
869387,Customer_869387,1716.99,71,13,0.3277551352482198,5.827069956602004,1385
453971,Customer_453971,1716.67,39,24,0.32769314809505734,5.8256707713235905,1386
428294,Customer_428294,1716.64,20,1,0.32768733679944834,5.825539597703738,1387
774326,Customer_774326,1716.33,56,18,0.32762728674482217,5.824184136965274,1388
5184,Customer_5184,1716.31,36,5,0.3276234125477495,5.824096687885373,1389
841672,Customer_841672,1716.01,61,23,0.32756529959165964,5.822784951686858,1390
715579,Customer_715579,1715.9,23,32,0.32754399150776004,5.822303981747403,1391
728337,Customer_728337,1715.88,43,26,0.3275401173106874,5.822216532667503,1392
970451,Customer_970451,1715.69,31,32,0.3275033124384972,5.821385766408444,1393
30371,Customer_30371,1715.62,45,3,0.3274897527487428,5.821079694628789,1394
17955,Customer_17955,1715.26,66,12,0.32742001720143504,5.819505611190571,1395
622642,Customer_622642,1714.67,47,24,0.32730572838779165,5.816925863333495,1396
446333,Customer_446333,1714.57,64,1,0.32728635740242834,5.816488617933988,1397
962241,Customer_962241,1714.06,45,35,0.3271875653770756,5.8142586663965155,1398
834283,Customer_834283,1714.03,42,15,0.32718175408146666,5.814127492776663,1399
164017,Customer_164017,1714.03,69,20,0.32718175408146666,5.814127492776663,1400
862737,Customer_862737,1714.02,37,12,0.3271798169829303,5.8140837682367135,1401
607875,Customer_607875,1713.97,28,38,0.32717013149024865,5.81386514553696,1402
194918,Customer_194918,1713.65,60,8,0.3271081443370862,5.812465960258546,1403
627800,Customer_627800,1713.59,43,21,0.3270965217458682,5.812203613018842,1404
653414,Customer_653414,1713.32,65,12,0.3270442200853873,5.811023050440179,1405
926718,Customer_926718,1713.01,37,7,0.32698417003076113,5.809667589701714,1406
420424,Customer_420424,1712.7,65,13,0.32692411997613496,5.80831212896325,1407
671901,Customer_671901,1712.51,47,29,0.32688731510394475,5.80748136270419,1408
202770,Customer_202770,1712.37,23,39,0.3268601957244361,5.806869219144884,1409
551122,Customer_551122,1712.05,71,10,0.3267982085712736,5.805470033866468,1410
811407,Customer_811407,1711.84,54,23,0.3267575295020107,5.804551818527508,1411
278866,Customer_278866,1711.69,64,8,0.3267284730239658,5.803895950428252,1412
75942,Customer_75942,1711.17,35,13,0.32662774390007676,5.801622274350828,1413
840548,Customer_840548,1710.66,55,15,0.326528951874724,5.799392322813353,1414
934713,Customer_934713,1710.65,23,8,0.3265270147761877,5.799348598273403,1415
932549,Customer_932549,1710.54,49,15,0.326505706692288,5.798867628333948,1416
59328,Customer_59328,1710.24,19,8,0.3264475937361982,5.797555892135432,1417
584993,Customer_584993,1709.74,54,27,0.32635073880938176,5.795369665137908,1418
886581,Customer_886581,1709.53,52,32,0.3263100597401189,5.794451449798949,1419
854455,Customer_854455,1709.41,50,10,0.32628681455768294,5.793926755319544,1420
862628,Customer_862628,1709.31,69,7,0.3262674435723196,5.793489509920039,1421
247334,Customer_247334,1708.92,49,4,0.32619189672940285,5.791784252861971,1422
557720,Customer_557720,1708.37,26,27,0.32608535630990476,5.789379403164694,1423
962261,Customer_962261,1707.86,48,28,0.325986564284552,5.787149451627219,1424
458800,Customer_458800,1707.77,37,8,0.32596913039772507,5.786755930767666,1425
747965,Customer_747965,1707.55,64,14,0.32592651422992586,5.785793990888754,1426
111358,Customer_111358,1707.28,22,14,0.325874212569445,5.784613428310092,1427
621652,Customer_621652,1707.08,24,8,0.3258354705987184,5.783738937511083,1428
155428,Customer_155428,1707.02,50,35,0.32582384800750047,5.78347659027138,1429
318000,Customer_318000,1706.75,51,11,0.3257715463470196,5.782296027692717,1430
675132,Customer_675132,1706.51,53,7,0.32572505598214774,5.781246638733904,1431
279225,Customer_279225,1706.5,31,15,0.3257231188836114,5.781202914193956,1432
757038,Customer_757038,1706.47,57,22,0.32571730758800244,5.781071740574103,1433
223055,Customer_223055,1706.39,36,33,0.3257018107997118,5.780721944254499,1434
24230,Customer_24230,1706.29,40,14,0.32568243981434847,5.780284698854995,1435
810059,Customer_810059,1705.98,62,37,0.3256223897597223,5.778929238116531,1436
824033,Customer_824033,1705.94,54,24,0.325614641365577,5.778754339956729,1437
754437,Customer_754437,1705.76,21,2,0.3255797735919231,5.777967298237619,1438
188217,Customer_188217,1705.46,60,14,0.32552166063583327,5.776655562039106,1439
979649,Customer_979649,1705.3,23,31,0.325490667059252,5.775955969399897,1440
95643,Customer_95643,1704.63,60,6,0.325360881457318,5.773026425223216,1441
972000,Customer_972000,1704.37,73,31,0.32531051689537344,5.7718895871845035,1442
383976,Customer_383976,1704.37,34,7,0.32531051689537344,5.7718895871845035,1443
476413,Customer_476413,1704.27,35,36,0.3252911459100102,5.7714523417849986,1444
325251,Customer_325251,1704.13,21,2,0.32526402653050157,5.7708401982256925,1445
533169,Customer_533169,1703.79,42,23,0.3251981651802664,5.769353563867376,1446
177492,Customer_177492,1703.6,26,3,0.32516136030807613,5.768522797608317,1447
710300,Customer_710300,1703.59,38,33,0.32515942320953983,5.768479073068366,1448
721929,Customer_721929,1703.54,41,36,0.3251497377168582,5.768260450368614,1449
31655,Customer_31655,1703.38,65,31,0.32511874414027697,5.767560857729407,1450
23430,Customer_23430,1702.31,35,3,0.3249114745968898,5.762882331954706,1451
762407,Customer_762407,1702.09,56,3,0.3248688584290906,5.761920392075794,1452
872998,Customer_872998,1701.84,60,20,0.32482043096568236,5.760827278577032,1453
340381,Customer_340381,1700.77,61,33,0.32461316142229524,5.756148752802332,1454
392048,Customer_392048,1698.68,73,38,0.32420830782820265,5.747010323952682,1455
351304,Customer_351304,1698.2,74,26,0.32411532709845886,5.744911546035059,1456
478992,Customer_478992,1697.95,63,21,0.32406689963505064,5.7438184325362975,1457
754679,Customer_754679,1697.75,49,6,0.3240281576643241,5.7429439417372885,1458
506296,Customer_506296,1697.47,21,5,0.3239739189053069,5.741719654618675,1459
515232,Customer_515232,1697.44,38,10,0.3239681076096979,5.741588480998824,1460
603324,Customer_603324,1697.31,65,9,0.32394292532872565,5.741020061979468,1461
842357,Customer_842357,1697.16,48,5,0.32391386885068074,5.740364193880209,1462
816127,Customer_816127,1696.72,53,34,0.32382863651508226,5.738440314122388,1463
318681,Customer_318681,1696.59,41,13,0.32380345423411,5.737871895103032,1464
83300,Customer_83300,1696.03,68,27,0.3236949767160756,5.735423320865805,1465
483925,Customer_483925,1695.98,54,18,0.32368529122339396,5.735204698166054,1466
763490,Customer_763490,1695.63,68,21,0.3236174927746225,5.733674339267788,1467
899278,Customer_899278,1695.17,46,38,0.3235283862419514,5.731663010430066,1468
234911,Customer_234911,1694.72,53,29,0.3234412168078166,5.7296954061322936,1469
502063,Customer_502063,1694.64,35,3,0.323425720019526,5.72934560981269,1470
821796,Customer_821796,1694.47,30,34,0.3233927893444084,5.728602292633531,1471
531030,Customer_531030,1694.23,37,10,0.32334629897953654,5.727552903674721,1472
913141,Customer_913141,1694.15,34,34,0.3233308021912459,5.727203107355117,1473
909469,Customer_909469,1694.05,59,39,0.32331143120588257,5.726765861955611,1474
734299,Customer_734299,1693.93,60,28,0.32328818602344667,5.726241167476205,1475
314193,Customer_314193,1693.81,46,4,0.3232649408410107,5.7257164729968,1476
555742,Customer_555742,1693.75,24,7,0.32325331824979275,5.725454125757098,1477
979697,Customer_979697,1692.8,64,5,0.32306929388884154,5.721300294461801,1478
216845,Customer_216845,1692.58,49,12,0.3230266777210423,5.720338354582892,1479
557388,Customer_557388,1692.24,63,17,0.32296081637080715,5.718851720224575,1480
829646,Customer_829646,1692.22,46,13,0.3229569421737345,5.718764271144674,1481
945257,Customer_945257,1692.15,54,36,0.32294338248398025,5.718458199365022,1482
842775,Customer_842775,1692.11,51,24,0.3229356340898349,5.7182833012052185,1483
279972,Customer_279972,1692.1,37,7,0.32293369699129854,5.718239576665269,1484
580734,Customer_580734,1692.01,21,4,0.32291626310447163,5.717846055805714,1485
176207,Customer_176207,1691.6,74,38,0.32283684206448215,5.716053349667745,1486
162810,Customer_162810,1691.42,48,33,0.32280197429082824,5.715266307948637,1487
275827,Customer_275827,1691.3,37,12,0.3227787291083923,5.71474161346923,1488
77027,Customer_77027,1691.24,49,23,0.32276710651717433,5.714479266229527,1489
755435,Customer_755435,1691.22,33,17,0.3227632323201017,5.714391817149626,1490
20100,Customer_20100,1690.86,19,7,0.32269349677279385,5.712817733711408,1491
866250,Customer_866250,1690.78,40,39,0.32267799998450325,5.712467937391805,1492
163416,Customer_163416,1690.62,30,14,0.32264700640792193,5.711768344752598,1493
887851,Customer_887851,1690.54,34,10,0.32263150961963133,5.711418548432995,1494
628051,Customer_628051,1690.52,19,39,0.3226276354225587,5.711331099353094,1495
716777,Customer_716777,1690.28,48,33,0.3225811450576868,5.710281710394281,1496
964992,Customer_964992,1690.22,62,20,0.32256952246646886,5.710019363154578,1497
208511,Customer_208511,1689.82,74,15,0.3224920385250157,5.708270381556559,1498
177290,Customer_177290,1689.26,37,11,0.32238356100698135,5.7058218073193325,1499
455567,Customer_455567,1689.12,69,13,0.3223564416274727,5.7052096637600265,1500
174106,Customer_174106,1688.99,37,10,0.3223312593465005,5.70464124474067,1501
388587,Customer_388587,1688.42,65,15,0.32222084472992973,5.702148945963494,1502
117157,Customer_117157,1688.25,24,28,0.3221879140548122,5.701405628784336,1503
534654,Customer_534654,1688.18,27,5,0.32217435436505787,5.701099557004682,1504
282133,Customer_282133,1688.11,42,25,0.32216079467530356,5.700793485225027,1505
40052,Customer_40052,1687.72,57,32,0.3220852478323868,5.69908822816696,1506
585221,Customer_585221,1687.67,19,23,0.32207556233970513,5.698869605467208,1507
759392,Customer_759392,1687.3,70,6,0.32200388969386096,5.69725179748904,1508
100607,Customer_100607,1686.71,70,19,0.3218896008802176,5.694672049631962,1509
965117,Customer_965117,1686.63,25,38,0.321874104091927,5.694322253312359,1510
983864,Customer_983864,1686.54,21,33,0.3218566702051,5.693928732452804,1511
797359,Customer_797359,1686.15,73,30,0.32178112336218323,5.692223475394736,1512
625591,Customer_625591,1685.82,45,23,0.32171719911048435,5.690780565576369,1513
50473,Customer_50473,1685.5,21,3,0.3216552119573219,5.689381380297955,1514
83321,Customer_83321,1685.39,50,2,0.3216339038734223,5.688900410358499,1515
201758,Customer_201758,1685.11,22,22,0.32157966511440506,5.687676123239885,1516
484138,Customer_484138,1684.66,50,1,0.3214924956802703,5.685708518942114,1517
626655,Customer_626655,1684.63,26,24,0.3214866843846613,5.6855773453222636,1518
812791,Customer_812791,1684.21,25,36,0.3214053262461355,5.683740914644344,1519
752857,Customer_752857,1683.61,54,28,0.3212891003339558,5.681117442247313,1520
322114,Customer_322114,1683.56,42,1,0.32127941484127415,5.680898819547562,1521
963708,Customer_963708,1683.39,41,12,0.3212464841661566,5.680155502368404,1522
892551,Customer_892551,1683.36,44,5,0.3212406728705476,5.6800243287485515,1523
819950,Customer_819950,1683.18,61,20,0.3212058050968937,5.679237287029443,1524
658742,Customer_658742,1683.09,59,37,0.3211883712100667,5.678843766169889,1525
411982,Customer_411982,1682.88,47,5,0.32114769214080385,5.67792555083093,1526
183113,Customer_183113,1682.82,59,1,0.32113606954958585,5.677663203591226,1527
940122,Customer_940122,1682.75,59,36,0.3211225098598316,5.677357131811574,1528
569166,Customer_569166,1682.72,57,13,0.3211166985642226,5.6772259581917215,1529
55334,Customer_55334,1682.62,35,6,0.3210973275788593,5.676788712792217,1530
307194,Customer_307194,1682.39,37,35,0.32105277431252377,5.675783048373356,1531
829450,Customer_829450,1682.31,68,25,0.3210372775242331,5.675433252053753,1532
895292,Customer_895292,1682.12,47,1,0.32100047265204285,5.6746024857946935,1533
34078,Customer_34078,1681.94,68,23,0.320965604878389,5.6738154440755855,1534
740717,Customer_740717,1681.86,51,9,0.32095010809009833,5.67346564775598,1535
9363,Customer_9363,1681.6,47,12,0.3208997435281538,5.672328809717269,1536
626562,Customer_626562,1681.48,68,17,0.32087649834571785,5.6718041152378635,1537
588024,Customer_588024,1680.9,66,34,0.32076414663061087,5.669268091920736,1538
13301,Customer_13301,1680.9,38,11,0.32076414663061087,5.669268091920736,1539
777906,Customer_777906,1680.7,51,3,0.32072540465988425,5.668393601121725,1540
493113,Customer_493113,1680.6,44,22,0.32070603367452094,5.667956355722221,1541
84933,Customer_84933,1680.6,65,3,0.32070603367452094,5.667956355722221,1542
268025,Customer_268025,1680.31,34,9,0.3206498578169674,5.666688344063657,1543
914015,Customer_914015,1680.1,32,34,0.32060917874770456,5.665770128724697,1544
582875,Customer_582875,1680.07,40,29,0.32060336745209556,5.6656389551048445,1545
623527,Customer_623527,1680.0,51,10,0.32058980776234125,5.665332883325193,1546
687023,Customer_687023,1679.5,47,22,0.32049295283552487,5.663146656327669,1547
918199,Customer_918199,1679.31,54,24,0.3204561479633346,5.6623158900686095,1548
294882,Customer_294882,1679.22,56,34,0.32043871407650765,5.661922369209055,1549
898449,Customer_898449,1678.89,61,8,0.3203747898248088,5.6604794593906895,1550
805099,Customer_805099,1678.67,70,28,0.3203321736570096,5.6595175195117795,1551
46122,Customer_46122,1678.62,36,21,0.32032248816432796,5.659298896812026,1552
361491,Customer_361491,1678.61,32,1,0.3203205510657916,5.659255172272075,1553
442235,Customer_442235,1678.23,50,18,0.3202469413214112,5.657593639753959,1554
935789,Customer_935789,1678.11,57,25,0.3202236961389752,5.657068945274551,1555
285585,Customer_285585,1678.05,19,18,0.3202120735477572,5.656806598034849,1556
668068,Customer_668068,1677.85,18,33,0.32017333157703065,5.65593210723584,1557
431731,Customer_431731,1677.8,63,39,0.32016364608434905,5.655713484536086,1558
395253,Customer_395253,1677.57,39,8,0.3201190928180135,5.654707820117226,1559
769680,Customer_769680,1677.52,36,14,0.32010940732533183,5.654489197417474,1560
834236,Customer_834236,1677.17,42,21,0.32004160887656036,5.652958838519208,1561
590455,Customer_590455,1677.13,69,39,0.32003386048241506,5.652783940359407,1562
415778,Customer_415778,1677.0,60,25,0.3200086782014428,5.65221552134005,1563
221130,Customer_221130,1676.57,48,35,0.31992538296438067,5.650335366122178,1564
116638,Customer_116638,1676.33,72,34,0.31987889259950875,5.649285977163368,1565
763036,Customer_763036,1676.31,57,1,0.3198750184024361,5.649198528083467,1566
274715,Customer_274715,1676.22,60,3,0.31985758451560914,5.6488050072239115,1567
66348,Customer_66348,1676.22,46,36,0.31985758451560914,5.6488050072239115,1568
750841,Customer_750841,1675.85,62,1,0.319785911869765,5.647187199245745,1569
44787,Customer_44787,1675.8,60,10,0.31977622637708336,5.646968576545992,1570
797330,Customer_797330,1675.58,72,26,0.31973361020928415,5.646006636667082,1571
954151,Customer_954151,1675.31,52,14,0.3196813085488033,5.644826074088419,1572
873928,Customer_873928,1675.31,23,32,0.3196813085488033,5.644826074088419,1573
468829,Customer_468829,1675.03,49,29,0.31962706978978606,5.643601786969805,1574
278570,Customer_278570,1674.98,30,16,0.31961738429710446,5.643383164270054,1575
186744,Customer_186744,1674.96,39,35,0.3196135101000318,5.643295715190153,1576
850227,Customer_850227,1674.76,46,19,0.31957476812930524,5.642421224391142,1577
268576,Customer_268576,1674.69,41,28,0.31956120843955094,5.64211515261149,1578
82809,Customer_82809,1673.92,40,5,0.31941205185225363,5.638748363035304,1579
516672,Customer_516672,1673.81,51,2,0.319390743768354,5.638267393095847,1580
478243,Customer_478243,1673.71,33,10,0.31937137278299077,5.637830147696343,1581
199416,Customer_199416,1673.44,42,5,0.3193190711225099,5.636649585117681,1582
367114,Customer_367114,1673.33,48,9,0.31929776303861024,5.636168615178224,1583
495703,Customer_495703,1673.3,22,11,0.3192919517430013,5.636037441558372,1584
458614,Customer_458614,1673.12,51,39,0.3192570839693474,5.635250399839264,1585
54398,Customer_54398,1672.98,56,11,0.31922996458983877,5.634638256279958,1586
570967,Customer_570967,1672.86,45,38,0.3192067194074028,5.634113561800551,1587
688527,Customer_688527,1672.49,29,27,0.3191350467615587,5.632495753822384,1588
528956,Customer_528956,1672.45,72,25,0.3191272983674134,5.632320855662583,1589
802024,Customer_802024,1672.21,57,16,0.3190808080025415,5.6312714667037715,1590
134842,Customer_134842,1672.14,69,20,0.3190672483127872,5.630965394924118,1591
253832,Customer_253832,1671.6,36,18,0.3189626449918255,5.628604269766792,1592
443525,Customer_443525,1671.46,32,19,0.31893552561231686,5.627992126207486,1593
695179,Customer_695179,1671.37,62,38,0.3189180917254899,5.627598605347931,1594
538866,Customer_538866,1671.3,21,3,0.3189045320357356,5.627292533568277,1595
754091,Customer_754091,1671.13,71,2,0.31887160136061804,5.626549216389121,1596
536557,Customer_536557,1671.08,38,24,0.3188619158679364,5.626330593689367,1597
243634,Customer_243634,1671.07,73,5,0.31885997876940003,5.626286869149416,1598
939398,Customer_939398,1671.03,70,34,0.31885223037525473,5.626111970989614,1599
297980,Customer_297980,1670.81,58,3,0.3188096142074555,5.625150031110705,1600
87652,Customer_87652,1670.19,49,19,0.3186895140982032,5.622439109633776,1601
447821,Customer_447821,1670.03,31,14,0.3186585205216219,5.621739516994567,1602
802054,Customer_802054,1670.0,22,18,0.3186527092260129,5.621608343374716,1603
786228,Customer_786228,1669.9,40,7,0.31863333824064966,5.621171097975212,1604
51332,Customer_51332,1669.78,43,19,0.3186100930582137,5.620646403495805,1605
794124,Customer_794124,1669.72,47,28,0.31859847046699574,5.6203840562561025,1606
469245,Customer_469245,1669.39,39,32,0.3185345462152969,5.618941146437737,1607
396779,Customer_396779,1669.38,29,24,0.31853260911676057,5.618897421897787,1608
224573,Customer_224573,1669.22,65,6,0.3185016155401793,5.618197829258579,1609
399708,Customer_399708,1669.16,58,39,0.31848999294896135,5.617935482018876,1610
428801,Customer_428801,1669.04,34,29,0.3184667477665254,5.6174107875394705,1611
776124,Customer_776124,1668.91,52,20,0.31844156548555314,5.616842368520114,1612
721803,Customer_721803,1668.81,22,8,0.3184221945001898,5.616405123120609,1613
144045,Customer_144045,1668.71,29,5,0.31840282351482657,5.615967877721105,1614
364298,Customer_364298,1668.7,73,9,0.3184008864162903,5.615924153181154,1615
287896,Customer_287896,1668.65,19,27,0.3183912009236086,5.615705530481402,1616
205514,Customer_205514,1668.33,29,18,0.3183292137704461,5.614306345202986,1617
139401,Customer_139401,1668.2,70,33,0.31830403148947384,5.61373792618363,1618
665436,Customer_665436,1668.2,46,26,0.31830403148947384,5.61373792618363,1619
355051,Customer_355051,1668.11,65,34,0.3182865976026468,5.613344405324074,1620
728691,Customer_728691,1667.96,34,16,0.318257541124602,5.61268853722482,1621
330547,Customer_330547,1667.75,51,19,0.31821686205533906,5.611770321885859,1622
724415,Customer_724415,1667.74,59,12,0.3182149249568027,5.611726597345908,1623
226762,Customer_226762,1667.61,25,19,0.31818974267583044,5.611158178326551,1624
243191,Customer_243191,1667.34,61,1,0.3181374410153496,5.609977615747888,1625
65258,Customer_65258,1666.98,65,2,0.31806770546804175,5.608403532309673,1626
372921,Customer_372921,1666.82,39,24,0.3180367118914605,5.607703939670463,1627
422966,Customer_422966,1666.72,57,31,0.31801734090609723,5.607266694270959,1628
466331,Customer_466331,1666.7,44,32,0.3180134667090246,5.607179245191058,1629
260502,Customer_260502,1666.62,63,10,0.3179979699207339,5.606829448871455,1630
576931,Customer_576931,1666.23,25,26,0.31792242307781715,5.6051241918133865,1631
706325,Customer_706325,1665.72,69,39,0.3178236310524644,5.602894240275911,1632
257675,Customer_257675,1665.52,30,28,0.31778488908173785,5.602019749476903,1633
952074,Customer_952074,1665.33,25,31,0.3177480842095476,5.601188983217844,1634
260918,Customer_260918,1665.12,19,28,0.31770740514028467,5.600270767878883,1635
163825,Customer_163825,1665.07,28,16,0.317697719647603,5.60005214517913,1636
883001,Customer_883001,1664.86,74,19,0.31765704057834016,5.59913392984017,1637
754376,Customer_754376,1664.8,23,37,0.3176454179871222,5.598871582600467,1638
421975,Customer_421975,1664.7,57,21,0.3176260470017589,5.598434337200963,1639
757508,Customer_757508,1664.3,64,11,0.31754856306030577,5.5966853556029434,1640
221676,Customer_221676,1664.27,37,18,0.31754275176469676,5.596554181983093,1641
378837,Customer_378837,1664.19,59,14,0.31752725497640616,5.59620438566349,1642
886370,Customer_886370,1664.1,21,4,0.3175098210895792,5.595810864803934,1643
858406,Customer_858406,1663.93,70,18,0.31747689041446164,5.595067547624776,1644
114494,Customer_114494,1663.63,40,4,0.31741877745837177,5.593755811426263,1645
859558,Customer_859558,1663.43,43,15,0.3173800354876452,5.592881320627253,1646
780395,Customer_780395,1663.09,21,6,0.31731417413741003,5.591394686268936,1647
232427,Customer_232427,1663.08,70,12,0.3173122370388737,5.5913509617289865,1648
107749,Customer_107749,1662.95,73,9,0.3172870547579015,5.59078254270963,1649
763193,Customer_763193,1662.94,20,38,0.3172851176593651,5.59073881816968,1650
364670,Customer_364670,1662.86,64,39,0.31726962087107446,5.590389021850075,1651
979742,Customer_979742,1662.84,31,19,0.3172657466740018,5.590301572770174,1652
834214,Customer_834214,1662.29,48,39,0.3171592062545038,5.587896723072899,1653
572967,Customer_572967,1662.24,74,22,0.3171495207618221,5.587678100373146,1654
815653,Customer_815653,1661.83,49,29,0.31707009972183264,5.585885394235177,1655
799480,Customer_799480,1661.73,18,37,0.3170507287364694,5.585448148835672,1656
341577,Customer_341577,1661.38,25,27,0.3169829302876979,5.583917789937406,1657
153866,Customer_153866,1661.23,60,36,0.31695387380965295,5.583261921838148,1658
393031,Customer_393031,1661.13,35,17,0.3169345028242897,5.582824676438644,1659
724164,Customer_724164,1660.97,45,32,0.31690350924770844,5.582125083799435,1660
816852,Customer_816852,1660.92,24,20,0.3168938237550268,5.581906461099684,1661
893744,Customer_893744,1660.91,42,7,0.3168918866564905,5.581862736559732,1662
806007,Customer_806007,1660.65,71,14,0.31684152209454597,5.580725898521021,1663
153079,Customer_153079,1660.15,19,13,0.31674466716772953,5.578539671523497,1664
319459,Customer_319459,1660.05,21,3,0.3167252961823662,5.578102426123991,1665
511483,Customer_511483,1659.68,64,18,0.3166536235365221,5.576484618145824,1666
199445,Customer_199445,1659.46,41,16,0.3166110073687229,5.575522678266914,1667
767117,Customer_767117,1659.14,21,1,0.31654902021556036,5.574123492988498,1668
404453,Customer_404453,1659.03,61,17,0.31652771213166075,5.573642523049043,1669
683057,Customer_683057,1658.96,19,39,0.31651415244190645,5.57333645126939,1670
446548,Customer_446548,1658.82,69,6,0.31648703306239784,5.572724307710082,1671
658226,Customer_658226,1658.72,59,28,0.3164676620770346,5.572287062310578,1672
111425,Customer_111425,1658.72,40,12,0.3164676620770346,5.572287062310578,1673
596412,Customer_596412,1658.67,71,27,0.31645797658435293,5.572068439610827,1674
482700,Customer_482700,1658.6,51,9,0.3164444168945986,5.571762367831173,1675
905924,Customer_905924,1658.57,40,36,0.3164386055989896,5.571631194211321,1676
110789,Customer_110789,1658.56,35,7,0.31643666850045327,5.571587469671371,1677
626255,Customer_626255,1658.51,53,37,0.31642698300777167,5.571368846971618,1678
428713,Customer_428713,1658.01,50,28,0.31633012808095523,5.569182619974094,1679
928804,Customer_928804,1657.95,68,13,0.3163185054897373,5.568920272734391,1680
191462,Customer_191462,1657.85,55,12,0.31629913450437397,5.568483027334887,1681
848598,Customer_848598,1657.77,59,20,0.31628363771608337,5.568133231015284,1682
105065,Customer_105065,1657.72,26,18,0.3162739522234017,5.56791460831553,1683
847844,Customer_847844,1657.7,43,7,0.31627007802632906,5.567827159235629,1684
432291,Customer_432291,1657.42,29,12,0.3162158392673119,5.566602872117017,1685
519445,Customer_519445,1657.29,52,30,0.3161906569863396,5.566034453097661,1686
645367,Customer_645367,1657.14,59,35,0.31616160050829467,5.565378584998403,1687
783296,Customer_783296,1656.93,48,6,0.3161209214390318,5.564460369659443,1688
780537,Customer_780537,1656.65,28,9,0.3160666826800146,5.563236082540831,1689
147137,Customer_147137,1656.46,32,24,0.3160298778078244,5.5624053162817715,1690
851020,Customer_851020,1656.04,31,34,0.31594851966929854,5.560568885603851,1691
441755,Customer_441755,1656.01,68,17,0.3159427083736896,5.560437711983998,1692
609371,Customer_609371,1655.87,20,27,0.31591558899418093,5.559825568424692,1693
495999,Customer_495999,1655.67,73,23,0.3158768470234544,5.558951077625684,1694
803486,Customer_803486,1655.63,63,21,0.3158690986293091,5.558776179465882,1695
138760,Customer_138760,1655.42,30,39,0.3158284195600462,5.557857964126922,1696
219910,Customer_219910,1655.33,53,2,0.31581098567321925,5.557464443267367,1697
838428,Customer_838428,1655.28,58,36,0.3158013001805376,5.557245820567614,1698
846902,Customer_846902,1655.25,22,35,0.31579548888492864,5.557114646947763,1699
434255,Customer_434255,1655.16,48,28,0.3157780549981017,5.556721126088209,1700
642795,Customer_642795,1655.1,65,34,0.3157664324068837,5.556458778848506,1701
171237,Customer_171237,1655.02,57,11,0.3157509356185931,5.556108982528903,1702
234115,Customer_234115,1654.75,68,2,0.3156986339581122,5.554928419950239,1703
619660,Customer_619660,1654.67,35,28,0.3156831371698216,5.554578623630636,1704
985543,Customer_985543,1654.29,65,15,0.31560952742544107,5.552917091112517,1705
249555,Customer_249555,1654.19,38,32,0.3155901564400778,5.552479845713013,1706
169761,Customer_169761,1654.17,62,22,0.31558628224300517,5.552392396633112,1707
690354,Customer_690354,1653.62,53,31,0.3154797418235071,5.549987546935835,1708
484208,Customer_484208,1653.51,57,2,0.31545843373960747,5.54950657699638,1709
692556,Customer_692556,1653.51,41,26,0.31545843373960747,5.54950657699638,1710
457480,Customer_457480,1653.13,71,27,0.31538482399522705,5.547845044478263,1711
95517,Customer_95517,1653.07,34,39,0.31537320140400904,5.547582697238559,1712
18901,Customer_18901,1652.92,40,39,0.31534414492596413,5.546926829139303,1713
513657,Customer_513657,1652.91,56,3,0.3153422078274278,5.546883104599352,1714
922492,Customer_922492,1652.56,68,2,0.3152744093786563,5.545352745701085,1715
409307,Customer_409307,1652.42,70,8,0.3152472899991477,5.544740602141779,1716
578060,Customer_578060,1652.13,73,21,0.3151911141415942,5.543472590483216,1717
170616,Customer_170616,1652.04,69,5,0.3151736802547672,5.54307906962366,1718
308653,Customer_308653,1652.04,57,26,0.3151736802547672,5.54307906962366,1719
247745,Customer_247745,1651.87,62,3,0.3151407495796496,5.542335752444502,1720
390200,Customer_390200,1651.73,19,20,0.31511363020014105,5.541723608885196,1721
135685,Customer_135685,1651.42,68,36,0.3150535801455149,5.540368148146731,1722
338980,Customer_338980,1651.34,58,24,0.3150380833572242,5.5400183518271255,1723
554495,Customer_554495,1651.27,67,37,0.3150245236674699,5.539712280047474,1724
704227,Customer_704227,1651.01,59,39,0.3149741591055254,5.53857544200876,1725
170592,Customer_170592,1650.98,47,17,0.3149683478099164,5.53844426838891,1726
430574,Customer_430574,1650.79,65,5,0.3149315429377262,5.537613502129851,1727
81792,Customer_81792,1650.69,69,19,0.31491217195236293,5.537176256730347,1728
540407,Customer_540407,1650.55,31,7,0.31488505257285426,5.536564113171038,1729
450818,Customer_450818,1650.48,45,39,0.3148714928831,5.536258041391386,1730
731728,Customer_731728,1650.33,21,2,0.31484243640505505,5.535602173292129,1731
713552,Customer_713552,1650.32,62,31,0.31484049930651875,5.535558448752178,1732
884986,Customer_884986,1650.07,18,20,0.31479207184311053,5.534465335253415,1733
585565,Customer_585565,1649.95,35,19,0.3147688266606746,5.53394064077401,1734
607060,Customer_607060,1649.8,26,3,0.31473977018262966,5.533284772674753,1735
793296,Customer_793296,1649.77,37,20,0.31473395888702066,5.533153599054902,1736
796976,Customer_796976,1649.74,70,3,0.3147281475914117,5.53302242543505,1737
798167,Customer_798167,1649.66,74,5,0.3147126508031211,5.532672629115447,1738
240578,Customer_240578,1649.65,72,31,0.31471071370458475,5.532628904575497,1739
158773,Customer_158773,1649.5,66,1,0.31468165722653985,5.53197303647624,1740
706326,Customer_706326,1649.26,62,13,0.3146351668616679,5.530923647517427,1741
349597,Customer_349597,1649.23,74,14,0.314629355566059,5.530792473897577,1742
12600,Customer_12600,1649.13,68,33,0.31460998458069567,5.530355228498072,1743
25486,Customer_25486,1648.96,46,26,0.3145770539055781,5.529611911318914,1744
114451,Customer_114451,1648.76,21,5,0.31453831193485154,5.528737420519903,1745
347082,Customer_347082,1648.66,24,18,0.31451894094948823,5.528300175120399,1746
676398,Customer_676398,1648.66,23,32,0.31451894094948823,5.528300175120399,1747
427701,Customer_427701,1648.52,26,27,0.3144918215699796,5.527688031561093,1748
438430,Customer_438430,1648.5,69,29,0.314487947372907,5.527600582481192,1749
597202,Customer_597202,1648.5,49,1,0.314487947372907,5.527600582481192,1750
302052,Customer_302052,1648.38,44,35,0.31446470219047107,5.527075888001787,1751
20102,Customer_20102,1648.37,54,37,0.3144627650919347,5.527032163461835,1752
926770,Customer_926770,1648.1,26,6,0.31441046343145385,5.525851600883173,1753
410571,Customer_410571,1648.1,24,27,0.31441046343145385,5.525851600883173,1754
516918,Customer_516918,1647.57,41,28,0.31430779720902846,5.523534200265797,1755
452955,Customer_452955,1647.47,59,7,0.31428842622366515,5.523096954866292,1756
694509,Customer_694509,1647.34,22,14,0.3142632439426929,5.522528535846935,1757
288143,Customer_288143,1646.93,65,38,0.31418382290270347,5.520735829708967,1758
101486,Customer_101486,1646.73,26,25,0.31414508093197685,5.519861338909958,1759
903628,Customer_903628,1646.71,23,32,0.3141412067349042,5.519773889830057,1760
174258,Customer_174258,1646.54,45,10,0.31410827605978664,5.519030572650898,1761
918345,Customer_918345,1646.45,67,36,0.3140908421729597,5.518637051791344,1762
658536,Customer_658536,1646.21,69,37,0.3140443518080878,5.517587662832533,1763
358120,Customer_358120,1646.1,66,16,0.31402304372418816,5.517106692893077,1764
703339,Customer_703339,1646.01,55,13,0.3140056098373612,5.516713172033522,1765
362098,Customer_362098,1645.72,23,14,0.31394943397980773,5.515445160374958,1766
505480,Customer_505480,1645.41,58,30,0.31388938392518156,5.514089699636494,1767
141302,Customer_141302,1645.39,48,31,0.3138855097281089,5.514002250556593,1768
972202,Customer_972202,1644.94,47,2,0.31379834029397413,5.512034646258822,1769
958776,Customer_958776,1644.9,27,7,0.3137905918998288,5.511859748099021,1770
137571,Customer_137571,1644.77,23,10,0.3137654096188565,5.511291329079664,1771
106705,Customer_106705,1644.11,46,32,0.3136375611154588,5.508405509442931,1772
342269,Customer_342269,1643.96,69,31,0.3136085046374139,5.5077496413436755,1773
170680,Customer_170680,1643.93,40,25,0.31360269334180496,5.507618467723823,1774
21480,Customer_21480,1643.89,42,3,0.31359494494765966,5.507443569564022,1775
702484,Customer_702484,1643.57,68,30,0.3135329577944971,5.506044384285606,1776
256065,Customer_256065,1643.38,56,20,0.31349615292230687,5.5052136180265485,1777
862673,Customer_862673,1643.3,66,23,0.3134806561340162,5.504863821706943,1778
156993,Customer_156993,1643.29,73,5,0.3134787190354799,5.504820097166993,1779
481608,Customer_481608,1643.02,52,32,0.31342641737499904,5.503639534588331,1780
764974,Customer_764974,1642.93,73,36,0.3134089834881721,5.503246013728776,1781
917145,Customer_917145,1642.85,57,16,0.31339348669988143,5.502896217409172,1782
282882,Customer_282882,1642.85,38,5,0.31339348669988143,5.502896217409172,1783
24457,Customer_24457,1642.4,28,21,0.3133063172657467,5.500928613111402,1784
601208,Customer_601208,1642.32,35,20,0.31329082047745604,5.500578816791796,1785
750345,Customer_750345,1642.27,57,12,0.31328113498477445,5.500360194092045,1786
562252,Customer_562252,1642.26,36,20,0.3132791978862381,5.500316469552094,1787
899893,Customer_899893,1642.19,42,8,0.3132656381964838,5.500010397772441,1788
694395,Customer_694395,1642.13,70,37,0.31325401560526583,5.499748050532739,1789
612040,Customer_612040,1641.82,56,21,0.31319396555063966,5.498392589794272,1790
935947,Customer_935947,1641.79,29,30,0.31318815425503066,5.498261416174422,1791
751775,Customer_751775,1641.69,23,38,0.3131687832696674,5.497824170774917,1792
677631,Customer_677631,1641.62,64,16,0.31315522357991304,5.497518098995264,1793
478571,Customer_478571,1641.31,26,31,0.3130951735252869,5.496162638256799,1794
388997,Customer_388997,1641.25,70,2,0.3130835509340689,5.495900291017096,1795
50709,Customer_50709,1641.23,57,4,0.31307967673699627,5.495812841937195,1796
352198,Customer_352198,1641.09,27,11,0.31305255735748766,5.495200698377888,1797
686604,Customer_686604,1641.01,59,10,0.31303706056919706,5.494850902058284,1798
301893,Customer_301893,1640.65,60,34,0.31296732502188923,5.4932768186200684,1799
1617,Customer_1617,1640.63,49,23,0.3129634508248166,5.4931893695401675,1800
830697,Customer_830697,1640.34,53,18,0.31290727496726306,5.491921357881602,1801
140,Customer_140,1640.28,40,15,0.31289565237604505,5.491659010641899,1802
416827,Customer_416827,1639.94,65,13,0.31282979102580993,5.490172376283584,1803
872493,Customer_872493,1639.76,45,3,0.312794923252156,5.489385334564474,1804
481885,Customer_481885,1639.69,74,10,0.3127813635624017,5.489079262784823,1805
585410,Customer_585410,1639.65,27,9,0.3127736151682564,5.488904364625021,1806
289605,Customer_289605,1639.61,20,8,0.31276586677411106,5.488729466465217,1807
752379,Customer_752379,1638.94,66,20,0.3126360811721771,5.485799922288536,1808
792963,Customer_792963,1638.68,51,18,0.31258571661023254,5.484663084249823,1809
527739,Customer_527739,1638.54,68,11,0.31255859723072393,5.484050940690517,1810
324643,Customer_324643,1638.48,74,2,0.312546974639506,5.483788593450814,1811
913411,Customer_913411,1638.38,46,25,0.3125276036541427,5.48335134805131,1812
613371,Customer_613371,1638.16,68,23,0.3124849874863435,5.4823894081723985,1813
782429,Customer_782429,1637.97,22,23,0.31244818261415325,5.481558641913339,1814
619761,Customer_619761,1637.88,39,2,0.3124307487273263,5.481165121053786,1815
374639,Customer_374639,1637.87,62,22,0.31242881162878994,5.481121396513835,1816
900300,Customer_900300,1637.84,24,2,0.31242300033318093,5.480990222893983,1817
55040,Customer_55040,1637.81,33,38,0.312417189037572,5.480859049274132,1818
52507,Customer_52507,1637.79,25,28,0.31241331484049933,5.480771600194232,1819
252331,Customer_252331,1637.77,34,29,0.3124094406434267,5.480684151114331,1820
413573,Customer_413573,1637.73,48,21,0.3124016922492814,5.480509252954529,1821
904689,Customer_904689,1637.7,56,28,0.3123958809536724,5.480378079334677,1822
586020,Customer_586020,1637.64,66,1,0.3123842583624544,5.480115732094974,1823
371807,Customer_371807,1637.59,44,6,0.31237457286977277,5.479897109395221,1824
869175,Customer_869175,1637.45,64,38,0.31234745349026416,5.479284965835915,1825
684451,Customer_684451,1637.25,69,24,0.3123087115195376,5.478410475036906,1826
123500,Customer_123500,1637.25,21,39,0.3123087115195376,5.478410475036906,1827
712986,Customer_712986,1637.04,70,7,0.3122680324502747,5.477492259697946,1828
970099,Customer_970099,1637.03,20,21,0.3122660953517384,5.477448535157994,1829
580062,Customer_580062,1637.01,36,16,0.31226222115466573,5.477361086078093,1830
372042,Customer_372042,1636.88,66,37,0.3122370388736935,5.476792667058739,1831
806970,Customer_806970,1636.16,40,5,0.3120975677790778,5.473644500182304,1832
76212,Customer_76212,1635.95,43,34,0.3120568887098149,5.472726284843343,1833
773765,Customer_773765,1635.69,23,16,0.3120065241478704,5.471589446804632,1834
423590,Customer_423590,1635.49,54,36,0.3119677821771438,5.470714956005621,1835
947292,Customer_947292,1635.49,52,8,0.3119677821771438,5.470714956005621,1836
92088,Customer_92088,1635.4,70,14,0.31195034829031687,5.470321435146068,1837
945868,Customer_945868,1635.26,18,11,0.31192322891080826,5.46970929158676,1838
967647,Customer_967647,1635.23,26,5,0.31191741761519926,5.469578117966909,1839
545045,Customer_545045,1634.89,48,6,0.31185155626496414,5.4680914836085925,1840
363927,Customer_363927,1634.46,27,2,0.311768261027902,5.466211328390723,1841
101355,Customer_101355,1634.42,31,19,0.3117605126337567,5.466036430230921,1842
667367,Customer_667367,1634.3,64,31,0.31173726745132074,5.465511735751514,1843
109991,Customer_109991,1634.07,43,2,0.3116927141849852,5.464506071332653,1844
48245,Customer_48245,1633.8,49,10,0.3116404125245043,5.46332550875399,1845
759283,Customer_759283,1633.68,41,30,0.3116171673420684,5.462800814274585,1846
35202,Customer_35202,1633.66,74,30,0.31161329314499575,5.462713365194684,1847
588381,Customer_588381,1633.49,45,25,0.31158036246987814,5.461970048015526,1848
754214,Customer_754214,1633.27,73,27,0.3115377463020789,5.461008108136617,1849
298415,Customer_298415,1633.26,63,1,0.31153580920354257,5.460964383596665,1850
68510,Customer_68510,1633.24,59,38,0.3115319350064699,5.460876934516764,1851
644940,Customer_644940,1632.78,42,39,0.31144282847379884,5.458865605679041,1852
106034,Customer_106034,1632.65,49,36,0.3114176461928266,5.458297186659687,1853
144212,Customer_144212,1632.52,60,1,0.31139246391185427,5.45772876764033,1854
234118,Customer_234118,1632.51,20,7,0.31139052681331797,5.457685043100379,1855
532132,Customer_532132,1632.4,31,15,0.31136921872941836,5.457204073160925,1856
249,Customer_249,1632.37,35,12,0.31136340743380936,5.457072899541073,1857
892974,Customer_892974,1632.35,35,27,0.3113595332367367,5.456985450461172,1858
597504,Customer_597504,1632.34,42,12,0.31135759613820035,5.4569417259212205,1859
661730,Customer_661730,1632.15,24,30,0.31132079126601014,5.456110959662164,1860
135444,Customer_135444,1632.14,31,28,0.31131885416747385,5.456067235122212,1861
985785,Customer_985785,1631.94,28,23,0.3112801121967472,5.455192744323203,1862
225475,Customer_225475,1631.92,49,6,0.3112762379996746,5.455105295243302,1863
723792,Customer_723792,1631.83,45,28,0.3112588041128476,5.454711774383747,1864
709017,Customer_709017,1631.83,47,31,0.3112588041128476,5.454711774383747,1865
314421,Customer_314421,1631.66,34,39,0.31122587343773006,5.453968457204589,1866
212969,Customer_212969,1631.15,61,4,0.3111270814123773,5.451738505667116,1867
32698,Customer_32698,1631.1,72,1,0.31111739591969567,5.451519882967363,1868
190262,Customer_190262,1631.0,74,15,0.31109802493433236,5.4510826375678585,1869
247772,Customer_247772,1630.84,42,30,0.3110670313577511,5.450383044928649,1870
867937,Customer_867937,1630.74,43,15,0.31104766037238785,5.449945799529145,1871
627095,Customer_627095,1630.68,64,18,0.3110360377811699,5.449683452289443,1872
631737,Customer_631737,1630.61,72,15,0.31102247809141553,5.449377380509788,1873
279475,Customer_279475,1630.35,32,18,0.310972113529471,5.448240542471077,1874
888238,Customer_888238,1630.28,58,10,0.3109585538397167,5.447934470691423,1875
78005,Customer_78005,1629.77,26,7,0.310859761814364,5.445704519153949,1876
759013,Customer_759013,1629.27,48,33,0.3107629068875476,5.443518292156425,1877
831992,Customer_831992,1629.25,53,19,0.31075903269047495,5.443430843076525,1878
541117,Customer_541117,1629.25,45,16,0.31075903269047495,5.443430843076525,1879
713640,Customer_713640,1629.23,28,7,0.31075515849340224,5.443343393996624,1880
902749,Customer_902749,1629.13,29,4,0.310735787508039,5.442906148597119,1881
925190,Customer_925190,1629.1,43,21,0.31072997621243,5.442774974977267,1882
111702,Customer_111702,1629.05,67,26,0.3107202907197483,5.442556352277514,1883
277407,Customer_277407,1629.02,33,6,0.3107144794241394,5.442425178657664,1884
158491,Customer_158491,1628.77,40,14,0.31066605196073116,5.441332065158901,1885
969849,Customer_969849,1628.73,51,39,0.31065830356658586,5.4411571669991,1886
166637,Customer_166637,1628.73,21,22,0.31065830356658586,5.4411571669991,1887
71541,Customer_71541,1628.63,61,6,0.3106389325812226,5.440719921599595,1888
425584,Customer_425584,1628.58,74,29,0.3106292470885409,5.440501298899843,1889
514448,Customer_514448,1628.44,56,24,0.31060212770903234,5.439889155340537,1890
301070,Customer_301070,1628.09,26,34,0.3105343292602608,5.438358796442269,1891
764340,Customer_764340,1627.97,51,15,0.3105110840778249,5.437834101962863,1892
51458,Customer_51458,1627.96,37,35,0.31050914697928855,5.437790377422914,1893
841137,Customer_841137,1627.67,47,25,0.31045297112173503,5.4365223657643496,1894
449833,Customer_449833,1627.59,34,30,0.3104374743334444,5.436172569444745,1895
417475,Customer_417475,1627.55,70,17,0.3104297259392991,5.435997671284943,1896
70219,Customer_70219,1627.5,19,26,0.3104200404466175,5.435779048585191,1897
246296,Customer_246296,1627.03,47,20,0.31032899681541004,5.433723995207518,1898
207346,Customer_207346,1626.79,63,33,0.3102825064505381,5.432674606248708,1899
9674,Customer_9674,1626.75,56,38,0.3102747580563928,5.432499708088906,1900
300261,Customer_300261,1626.52,51,16,0.31023020479005725,5.431494043670044,1901
23924,Customer_23924,1626.49,62,25,0.3102243934944483,5.431362870050193,1902
185058,Customer_185058,1626.44,59,10,0.31021470800176665,5.431144247350441,1903
488550,Customer_488550,1626.37,34,29,0.31020114831201234,5.430838175570787,1904
574608,Customer_574608,1626.33,21,34,0.31019339991786704,5.430663277410986,1905
682204,Customer_682204,1626.26,30,38,0.31017984022811274,5.430357205631331,1906
123514,Customer_123514,1626.13,72,18,0.3101546579471405,5.429788786611977,1907
475656,Customer_475656,1626.08,29,22,0.3101449724544588,5.429570163912223,1908
960211,Customer_960211,1626.0,59,9,0.3101294756661682,5.42922036759262,1909
425816,Customer_425816,1625.87,69,25,0.3101042933851959,5.428651948573263,1910
108887,Customer_108887,1625.54,52,32,0.3100403691334971,5.4272090387548975,1911
280352,Customer_280352,1625.46,29,27,0.3100248723452065,5.426859242435294,1912
842957,Customer_842957,1625.13,73,20,0.30996094809350766,5.425416332616929,1913
873319,Customer_873319,1625.13,37,39,0.30996094809350766,5.425416332616929,1914
284926,Customer_284926,1625.0,68,24,0.30993576581253535,5.4248479135975725,1915
716057,Customer_716057,1624.89,52,19,0.3099144577286358,5.424366943658116,1916
674914,Customer_674914,1624.88,21,6,0.30991252063009944,5.424323219118167,1917
461483,Customer_461483,1624.84,56,15,0.3099047722359541,5.424148320958364,1918
326392,Customer_326392,1624.53,29,26,0.3098447221813279,5.422792860219899,1919
651911,Customer_651911,1624.43,22,16,0.30982535119596466,5.422355614820394,1920
729504,Customer_729504,1624.1,44,36,0.3097614269442658,5.420912705002029,1921
583200,Customer_583200,1623.83,74,4,0.3097091252837849,5.419732142423366,1922
634332,Customer_634332,1623.82,67,12,0.3097071881852486,5.419688417883415,1923
489192,Customer_489192,1623.58,40,38,0.30966069782037675,5.418639028924605,1924
702427,Customer_702427,1623.55,52,15,0.30965488652476775,5.418507855304752,1925
24157,Customer_24157,1623.54,43,12,0.30965294942623145,5.418464130764803,1926
760703,Customer_760703,1623.54,35,18,0.30965294942623145,5.418464130764803,1927
301078,Customer_301078,1623.24,66,2,0.3095948364701416,5.417152394566288,1928
966889,Customer_966889,1623.16,54,18,0.309579339681851,5.416802598246684,1929
522263,Customer_522263,1622.48,43,37,0.3094476169813806,5.413829329530052,1930
451094,Customer_451094,1622.43,28,4,0.309437931488699,5.413610706830299,1931
733805,Customer_733805,1622.23,70,16,0.3093991895179724,5.41273621603129,1932
828417,Customer_828417,1622.11,56,12,0.30937594433553645,5.412211521551884,1933
842269,Customer_842269,1622.11,65,24,0.30937594433553645,5.412211521551884,1934
805272,Customer_805272,1622.09,39,29,0.3093720701384638,5.412124072471983,1935
303640,Customer_303640,1622.04,46,34,0.3093623846457822,5.411905449772231,1936
878945,Customer_878945,1621.77,52,18,0.3093100829853013,5.4107248871935685,1937
130594,Customer_130594,1621.68,37,16,0.30929264909847437,5.410331366334013,1938
135709,Customer_135709,1621.66,24,18,0.3092887749014017,5.410243917254112,1939
447942,Customer_447942,1621.16,58,20,0.3091919199745853,5.408057690256589,1940
520471,Customer_520471,1621.09,70,20,0.309178360284831,5.407751618476935,1941
68570,Customer_68570,1620.97,39,30,0.3091551151023951,5.40722692399753,1942
160616,Customer_160616,1620.95,71,15,0.3091512409053224,5.407139474917629,1943
416626,Customer_416626,1620.64,27,14,0.30909119085069625,5.405784014179164,1944
746919,Customer_746919,1620.4,41,1,0.30904470048582433,5.404734625220353,1945
906230,Customer_906230,1620.39,33,9,0.30904276338728803,5.404690900680402,1946
964597,Customer_964597,1620.35,74,22,0.3090350149931427,5.404516002520601,1947
427242,Customer_427242,1620.18,19,28,0.3090020843180251,5.403772685341442,1948
700540,Customer_700540,1619.52,65,3,0.3088742358146274,5.400886865704711,1949
236032,Customer_236032,1619.46,25,9,0.30886261322340947,5.400624518465008,1950
27818,Customer_27818,1619.35,39,17,0.30884130513950986,5.400143548525553,1951
441724,Customer_441724,1619.25,58,10,0.30882193415414655,5.399706303126048,1952
612859,Customer_612859,1618.83,21,24,0.30874057601562077,5.397869872448128,1953
388376,Customer_388376,1618.58,47,29,0.30869214855221255,5.3967767589493665,1954
66486,Customer_66486,1618.3,46,13,0.3086379097931954,5.395552471830752,1955
19338,Customer_19338,1618.14,44,3,0.3086069162166141,5.394852879191545,1956
59497,Customer_59497,1618.12,43,39,0.3086030420195415,5.394765430111644,1957
874800,Customer_874800,1617.88,73,5,0.3085565516546696,5.3937160411528335,1958
427735,Customer_427735,1617.86,47,11,0.3085526774575969,5.393628592072931,1959
242026,Customer_242026,1617.86,52,13,0.3085526774575969,5.393628592072931,1960
295336,Customer_295336,1617.72,64,24,0.30852555807808835,5.393016448513625,1961
720236,Customer_720236,1617.38,53,38,0.30845969672785317,5.39152981415531,1962
485579,Customer_485579,1617.11,51,2,0.3084073950673723,5.390349251576645,1963
35587,Customer_35587,1617.04,71,39,0.308393835377618,5.390043179796993,1964
920849,Customer_920849,1616.94,54,34,0.30837446439225474,5.389605934397489,1965
462218,Customer_462218,1616.91,41,39,0.30836865309664574,5.389474760777636,1966
813769,Customer_813769,1616.67,28,32,0.3083221627317739,5.388425371818826,1967
512728,Customer_512728,1616.66,24,19,0.3083202256332375,5.388381647278874,1968
150386,Customer_150386,1616.63,53,21,0.3083144143376286,5.388250473659024,1969
361864,Customer_361864,1616.47,31,37,0.3082834207610473,5.387550881019815,1970
982403,Customer_982403,1616.39,47,19,0.3082679239727567,5.387201084700211,1971
529605,Customer_529605,1616.29,22,30,0.3082485529873934,5.386763839300707,1972
993592,Customer_993592,1615.98,20,4,0.3081885029327672,5.385408378562243,1973
730854,Customer_730854,1615.9,43,34,0.30817300614447657,5.385058582242639,1974
270921,Customer_270921,1615.8,53,9,0.30815363515911326,5.384621336843133,1975
909456,Customer_909456,1615.75,29,21,0.30814394966643166,5.3844027141433815,1976
885647,Customer_885647,1615.71,56,28,0.30813620127228636,5.3842278159835795,1977
797203,Customer_797203,1615.66,55,12,0.3081265157796047,5.384009193283827,1978
436925,Customer_436925,1615.59,67,31,0.3081129560898504,5.383703121504173,1979
894136,Customer_894136,1615.58,55,6,0.30811101899131405,5.383659396964223,1980
292446,Customer_292446,1615.42,71,20,0.30808002541473284,5.382959804325016,1981
764247,Customer_764247,1615.1,53,38,0.3080180382615703,5.3815606190466,1982
570897,Customer_570897,1614.43,39,39,0.3078882526596363,5.378631074869918,1983
813370,Customer_813370,1614.24,42,18,0.30785144778744605,5.377800308610858,1984
940460,Customer_940460,1614.23,71,37,0.30784951068890976,5.37775658407091,1985
138481,Customer_138481,1614.02,64,38,0.30780883161964684,5.376838368731949,1986
498036,Customer_498036,1613.86,53,23,0.3077778380430656,5.37613877609274,1987
508160,Customer_508160,1613.76,54,39,0.3077584670577023,5.375701530693235,1988
976132,Customer_976132,1613.62,23,7,0.3077313476781937,5.375089387133929,1989
895652,Customer_895652,1613.58,27,12,0.3077235992840484,5.374914488974128,1990
167365,Customer_167365,1613.38,72,18,0.30768485731332185,5.374039998175119,1991
502640,Customer_502640,1613.36,42,9,0.30768098311624914,5.3739525490952165,1992
441639,Customer_441639,1613.11,44,4,0.3076325556528409,5.372859435596454,1993
16561,Customer_16561,1612.93,47,3,0.30759768787918707,5.372072393877347,1994
988670,Customer_988670,1612.64,27,2,0.30754151202163355,5.3708043822187825,1995
290739,Customer_290739,1611.99,31,39,0.3074156006167722,5.367962287122001,1996
388809,Customer_388809,1611.96,57,29,0.3074097893211632,5.3678311135021515,1997
396898,Customer_396898,1611.91,51,26,0.3074001038284816,5.367612490802398,1998
842266,Customer_842266,1611.87,59,6,0.30739235543433624,5.367437592642596,1999
158974,Customer_158974,1611.46,54,17,0.3073129343943468,5.365644886504628,2000
421019,Customer_421019,1611.23,33,7,0.30726838112801125,5.364639222085766,2001
875789,Customer_875789,1611.13,64,11,0.307249010142648,5.364201976686262,2002
470693,Customer_470693,1611.06,52,18,0.30723545045289363,5.363895904906608,2003
857859,Customer_857859,1610.95,23,36,0.3072141423689941,5.363414934967152,2004
71533,Customer_71533,1610.77,62,37,0.3071792745953401,5.362627893248044,2005
736257,Customer_736257,1610.75,25,34,0.30717540039826746,5.362540444168143,2006
74953,Customer_74953,1610.71,23,31,0.30716765200412216,5.362365546008341,2007
715145,Customer_715145,1610.71,49,23,0.30716765200412216,5.362365546008341,2008
725905,Customer_725905,1610.7,70,7,0.30716571490558586,5.36232182146839,2009
303736,Customer_303736,1610.35,50,18,0.30709791645681433,5.360791462570124,2010
326104,Customer_326104,1609.83,33,36,0.30699718733292525,5.358517786492699,2011
449339,Customer_449339,1609.83,65,10,0.30699718733292525,5.358517786492699,2012
551243,Customer_551243,1609.82,46,32,0.30699525023438895,5.358474061952748,2013
53465,Customer_53465,1609.78,46,28,0.30698750184024365,5.358299163792946,2014
609713,Customer_609713,1609.75,35,18,0.30698169054463464,5.358167990173095,2015
753006,Customer_753006,1609.62,43,6,0.30695650826366233,5.357599571153739,2016
962357,Customer_962357,1609.48,57,3,0.3069293888841538,5.356987427594433,2017
660709,Customer_660709,1609.47,28,14,0.3069274517856175,5.3569437030544815,2018
694102,Customer_694102,1609.43,55,14,0.3069197033914722,5.3567688048946795,2019
260038,Customer_260038,1609.43,28,11,0.3069197033914722,5.3567688048946795,2020
166444,Customer_166444,1609.4,60,11,0.30691389209586317,5.35663763127483,2021
473429,Customer_473429,1609.06,27,38,0.306848030745628,5.355150996916513,2022
648686,Customer_648686,1609.05,30,5,0.30684609364709164,5.355107272376562,2023
996821,Customer_996821,1609.05,30,7,0.30684609364709164,5.355107272376562,2024
727329,Customer_727329,1608.98,24,11,0.30683253395733734,5.354801200596909,2025
844800,Customer_844800,1608.71,45,5,0.3067802322968565,5.3536206380182465,2026
363121,Customer_363121,1608.61,64,17,0.3067608613114932,5.35318339261874,2027
800098,Customer_800098,1608.34,40,15,0.30670855965101235,5.352002830040077,2028
786114,Customer_786114,1608.17,63,23,0.3066756289758948,5.351259512860921,2029
140393,Customer_140393,1608.16,39,20,0.30667369187735843,5.351215788320969,2030
990497,Customer_990497,1608.09,56,8,0.30666013218760413,5.350909716541316,2031
637457,Customer_637457,1607.9,33,7,0.3066233273154139,5.350078950282258,2032
954509,Customer_954509,1607.84,27,32,0.3066117047241959,5.349816603042553,2033
356661,Customer_356661,1607.64,58,16,0.3065729627534694,5.348942112243544,2034
201944,Customer_201944,1607.0,53,18,0.30644898844714435,5.346143741686714,2035
164470,Customer_164470,1606.95,70,17,0.3064393029544627,5.345925118986962,2036
287310,Customer_287310,1606.94,36,13,0.3064373658559264,5.345881394447012,2037
691784,Customer_691784,1606.84,73,37,0.3064179948705631,5.3454441490475055,2038
605371,Customer_605371,1606.78,58,11,0.30640637227934514,5.3451818018078034,2039
660771,Customer_660771,1606.78,33,13,0.30640637227934514,5.3451818018078034,2040
164653,Customer_164653,1606.77,73,29,0.3064044351808088,5.345138077267854,2041
951379,Customer_951379,1606.73,40,1,0.3063966867866635,5.344963179108052,2042
215338,Customer_215338,1606.51,62,28,0.30635407061886427,5.34400123922914,2043
964728,Customer_964728,1606.33,34,35,0.30631920284521036,5.343214197510033,2044
879668,Customer_879668,1606.27,47,30,0.30630758025399235,5.34295185027033,2045
350412,Customer_350412,1606.24,35,26,0.3063017689583834,5.3428206766504776,2046
175958,Customer_175958,1605.96,50,20,0.3062475301993662,5.341596389531865,2047
851812,Customer_851812,1605.87,34,23,0.3062300963125392,5.34120286867231,2048
589788,Customer_589788,1605.76,38,13,0.3062087882286396,5.340721898732855,2049
783855,Customer_783855,1605.48,31,4,0.30615454946962245,5.3394976116142425,2050
956582,Customer_956582,1605.33,73,24,0.3061254929915775,5.338841743514985,2051
302526,Customer_302526,1605.27,21,1,0.30611387040035953,5.338579396275282,2052
622135,Customer_622135,1605.23,60,32,0.30610612200621423,5.33840449811548,2053
851751,Customer_851751,1605.09,61,2,0.3060790026267056,5.337792354556172,2054
555998,Customer_555998,1604.9,45,4,0.3060421977545154,5.3369615882971155,2055
591011,Customer_591011,1604.86,73,18,0.30603444936037005,5.336786690137312,2056
719873,Customer_719873,1604.28,20,19,0.305922097645263,5.334250666820184,2057
60038,Customer_60038,1604.26,51,7,0.30591822344819036,5.334163217740283,2058
266758,Customer_266758,1604.25,34,29,0.30591628634965407,5.334119493200333,2059
969132,Customer_969132,1604.21,43,12,0.30590853795550876,5.333944595040532,2060
974326,Customer_974326,1604.11,73,24,0.30588916697014545,5.3335073496410255,2061
675815,Customer_675815,1604.08,30,26,0.30588335567453645,5.333376176021175,2062
256314,Customer_256314,1603.93,28,30,0.30585429919649154,5.332720307921917,2063
518067,Customer_518067,1603.83,47,21,0.30583492821112823,5.332283062522413,2064
806788,Customer_806788,1603.82,21,18,0.30583299111259193,5.332239337982462,2065
523224,Customer_523224,1603.78,68,22,0.30582524271844663,5.33206443982266,2066
843897,Customer_843897,1603.7,62,18,0.30580974593015603,5.331714643503057,2067
79189,Customer_79189,1603.18,35,31,0.30570901680626694,5.329440967425632,2068
933512,Customer_933512,1602.99,53,15,0.3056722119340767,5.328610201166573,2069
651701,Customer_651701,1602.92,31,34,0.30565865224432237,5.328304129386921,2070
37652,Customer_37652,1602.91,48,27,0.3056567151457861,5.3282604048469695,2071
197284,Customer_197284,1602.5,67,33,0.3055772941057966,5.326467698709,2072
50947,Customer_50947,1602.45,64,17,0.30556760861311494,5.326249076009248,2073
118049,Customer_118049,1602.42,32,24,0.305561797317506,5.326117902389397,2074
849625,Customer_849625,1602.31,36,37,0.3055404892336063,5.325636932449941,2075
289038,Customer_289038,1602.2,41,39,0.3055191811497068,5.325155962510485,2076
252406,Customer_252406,1602.09,19,2,0.3054978730658071,5.32467499257103,2077
994664,Customer_994664,1601.94,47,5,0.3054688165877622,5.324019124471774,2078
518563,Customer_518563,1601.64,26,13,0.3054107036316724,5.322707388273259,2079
42408,Customer_42408,1601.5,51,20,0.3053835842521638,5.322095244713953,2080
614237,Customer_614237,1601.49,71,2,0.3053816471536274,5.322051520174001,2081
481596,Customer_481596,1601.39,30,34,0.30536227616826417,5.321614274774497,2082
556096,Customer_556096,1601.38,63,9,0.3053603390697278,5.321570550234547,2083
793136,Customer_793136,1601.12,22,9,0.30530997450778324,5.320433712195834,2084
562392,Customer_562392,1601.08,57,7,0.30530222611363794,5.320258814036032,2085
985493,Customer_985493,1600.95,47,27,0.3052770438326657,5.319690395016676,2086
802544,Customer_802544,1600.8,29,8,0.3052479873546208,5.319034526917418,2087
598486,Customer_598486,1600.73,72,3,0.30523442766486647,5.318728455137766,2088
365478,Customer_365478,1600.72,25,33,0.3052324905663302,5.318684730597814,2089
439391,Customer_439391,1600.63,22,1,0.3052150566795032,5.318291209738262,2090
644168,Customer_644168,1600.52,69,18,0.30519374859560355,5.317810239798806,2091
641621,Customer_641621,1600.21,50,1,0.3051336985409774,5.316454779060342,2092
25835,Customer_25835,1600.1,48,13,0.3051123904570778,5.3159738091208855,2093
170644,Customer_170644,1600.1,20,14,0.3051123904570778,5.3159738091208855,2094
760108,Customer_760108,1600.02,18,28,0.3050968936687872,5.315624012801282,2095
362679,Customer_362679,1599.84,68,24,0.30506202589513326,5.314836971082173,2096
754112,Customer_754112,1599.69,38,30,0.30503296941708835,5.314181102982917,2097
448464,Customer_448464,1599.42,25,27,0.3049806677566075,5.3130005404042535,2098
14275,Customer_14275,1599.39,71,35,0.3049748564609985,5.312869366784402,2099
889563,Customer_889563,1599.38,35,38,0.3049729193624622,5.312825642244452,2100
242983,Customer_242983,1599.32,35,30,0.3049612967712442,5.312563295004748,2101
763168,Customer_763168,1599.22,56,33,0.3049419257858809,5.312126049605244,2102
462562,Customer_462562,1599.21,74,3,0.30493998868734457,5.312082325065294,2103
541222,Customer_541222,1599.05,71,4,0.3049089951107633,5.311382732426085,2104
202054,Customer_202054,1598.76,56,33,0.3048528192532098,5.310114720767521,2105
192879,Customer_192879,1598.46,18,39,0.30479470629711997,5.308802984569008,2106
176852,Customer_176852,1598.3,37,19,0.3047637127205387,5.308103391929799,2107
296409,Customer_296409,1598.3,23,36,0.3047637127205387,5.308103391929799,2108
493737,Customer_493737,1598.08,38,39,0.30472109655273943,5.30714145205089,2109
81278,Customer_81278,1597.9,67,9,0.3046862287790856,5.306354410331782,2110
543075,Customer_543075,1597.8,41,21,0.30466685779372227,5.305917164932275,2111
374127,Customer_374127,1597.57,50,23,0.3046223045273867,5.304911500513414,2112
762029,Customer_762029,1597.32,38,8,0.3045738770639785,5.303818387014652,2113
960772,Customer_960772,1597.28,43,3,0.3045661286698332,5.303643488854851,2114
642646,Customer_642646,1597.23,49,39,0.3045564431771516,5.303424866155099,2115
848998,Customer_848998,1597.21,21,21,0.30455256898007893,5.303337417075198,2116
731361,Customer_731361,1597.08,31,36,0.3045273866991066,5.302768998055842,2117
477294,Customer_477294,1597.06,72,20,0.30452351250203397,5.302681548975941,2118
482349,Customer_482349,1596.85,41,19,0.30448283343277105,5.3017633336369805,2119
230938,Customer_230938,1596.8,49,22,0.30447314794008945,5.301544710937228,2120
699528,Customer_699528,1596.29,44,25,0.30437435591473666,5.2993147593997545,2121
54706,Customer_54706,1596.26,60,7,0.3043685446191277,5.299183585779902,2122
784728,Customer_784728,1596.04,67,13,0.3043259284513285,5.298221645900992,2123
286298,Customer_286298,1595.87,47,39,0.3042929977762109,5.297478328721834,2124
491301,Customer_491301,1595.86,49,33,0.30429106067767453,5.297434604181882,2125
875984,Customer_875984,1595.8,55,37,0.3042794380864566,5.29717225694218,2126
50005,Customer_50005,1595.61,65,13,0.30424263321426637,5.296341490683121,2127
634912,Customer_634912,1595.61,33,28,0.30424263321426637,5.296341490683121,2128
539259,Customer_539259,1595.47,70,10,0.30421551383475776,5.295729347123815,2129
36313,Customer_36313,1595.37,39,23,0.30419614284939445,5.29529210172431,2130
898073,Customer_898073,1595.3,45,38,0.3041825831596402,5.294986029944656,2131
736433,Customer_736433,1595.24,35,4,0.3041709605684222,5.294723682704953,2132
181812,Customer_181812,1595.09,31,23,0.3041419040903773,5.294067814605696,2133
86257,Customer_86257,1594.76,69,6,0.30407797983867846,5.29262490478733,2134
137362,Customer_137362,1594.68,63,9,0.30406248305038786,5.292275108467727,2135
620780,Customer_620780,1594.65,59,28,0.30405667175477885,5.292143934847877,2136
11959,Customer_11959,1594.39,32,20,0.30400630719283434,5.291007096809164,2137
769055,Customer_769055,1594.16,51,5,0.30396175392649877,5.290001432390302,2138
67994,Customer_67994,1594.08,41,39,0.3039462571382081,5.289651636070698,2139
461507,Customer_461507,1594.08,18,8,0.3039462571382081,5.289651636070698,2140
431982,Customer_431982,1594.03,58,14,0.30393657164552645,5.289433013370946,2141
293871,Customer_293871,1594.02,24,10,0.30393463454699016,5.289389288830996,2142
295648,Customer_295648,1593.86,64,26,0.3039036409704089,5.2886896961917875,2143
312896,Customer_312896,1593.7,24,22,0.30387264739382763,5.2879901035525805,2144
282743,Customer_282743,1593.65,23,16,0.30386296190114603,5.287771480852829,2145
800599,Customer_800599,1593.39,67,10,0.30381259733920146,5.286634642814116,2146
379551,Customer_379551,1593.34,70,29,0.3038029118465198,5.286416020114363,2147
570497,Customer_570497,1592.89,38,33,0.3037157424123851,5.284448415816592,2148
135101,Customer_135101,1592.88,40,10,0.30371380531384873,5.2844046912766425,2149
94985,Customer_94985,1592.83,59,3,0.3037041198211671,5.284186068576889,2150
202664,Customer_202664,1592.66,67,13,0.3036711891460495,5.283442751397731,2151
914042,Customer_914042,1592.65,49,32,0.3036692520475132,5.283399026857781,2152
307188,Customer_307188,1592.62,55,15,0.30366344075190416,5.28326785323793,2153
158209,Customer_158209,1592.51,34,22,0.30364213266800455,5.282786883298473,2154
381311,Customer_381311,1592.49,46,31,0.3036382584709319,5.282699434218572,2155
836268,Customer_836268,1592.38,59,10,0.30361695038703235,5.282218464279119,2156
87824,Customer_87824,1592.26,46,24,0.3035937052045964,5.281693769799712,2157
762688,Customer_762688,1592.07,68,25,0.3035569003324061,5.280863003540652,2158
201033,Customer_201033,1591.7,36,13,0.303485227686562,5.279245195562485,2159
949861,Customer_949861,1591.58,64,19,0.30346198250412604,5.27872050108308,2160
338658,Customer_338658,1591.54,60,5,0.30345423410998074,5.278545602923278,2161
369155,Customer_369155,1591.5,64,3,0.30344648571583543,5.278370704763477,2162
577588,Customer_577588,1591.39,45,4,0.3034251776319358,5.27788973482402,2163
145258,Customer_145258,1591.13,33,24,0.3033748130699913,5.276752896785309,2164
394161,Customer_394161,1591.02,51,36,0.30335350498609165,5.276271926845853,2165
452538,Customer_452538,1590.87,59,24,0.3033244485080467,5.2756160587465954,2166
722918,Customer_722918,1590.7,72,11,0.3032915178329292,5.274872741567437,2167
197263,Customer_197263,1590.36,43,6,0.30322565648269395,5.27338610720912,2168
4762,Customer_4762,1590.19,55,6,0.3031927258075764,5.272642790029964,2169
461144,Customer_461144,1590.18,47,39,0.3031907887090401,5.272599065490013,2170
2054,Customer_2054,1590.16,25,18,0.30318691451196744,5.272511616410112,2171
104996,Customer_104996,1590.09,55,32,0.3031733548222131,5.272205544630458,2172
868237,Customer_868237,1590.06,30,17,0.30316754352660413,5.272074371010607,2173
142375,Customer_142375,1590.04,57,21,0.3031636693295315,5.271986921930707,2174
302978,Customer_302978,1589.73,48,16,0.3031036192749053,5.2706314611922425,2175
865527,Customer_865527,1589.63,35,39,0.30308424828954206,5.2701942157927375,2176
379926,Customer_379926,1589.48,40,39,0.3030551918114971,5.26953834769348,2177
164516,Customer_164516,1588.92,69,4,0.3029467142934627,5.267089773456254,2178
854837,Customer_854837,1588.88,55,13,0.3029389658993174,5.266914875296452,2179
371178,Customer_371178,1588.83,32,39,0.30292928040663575,5.266696252596699,2180
632461,Customer_632461,1588.76,44,20,0.30291572071688144,5.266390180817044,2181
607133,Customer_607133,1588.76,30,6,0.30291572071688144,5.266390180817044,2182
390813,Customer_390813,1588.69,35,15,0.30290216102712714,5.266084109037393,2183
862505,Customer_862505,1588.47,26,26,0.3028595448593279,5.265122169158481,2184
75239,Customer_75239,1588.45,24,35,0.30285567066225527,5.26503472007858,2185
496861,Customer_496861,1588.07,46,24,0.3027820609178748,5.263373187560462,2186
531921,Customer_531921,1587.84,48,28,0.30273750765153923,5.2623675231416005,2187
267016,Customer_267016,1587.75,44,6,0.30272007376471227,5.261974002282048,2188
697621,Customer_697621,1587.63,64,29,0.30269682858227637,5.261449307802643,2189
958342,Customer_958342,1587.58,35,31,0.3026871430895947,5.261230685102889,2190
225629,Customer_225629,1587.56,67,23,0.302683268892522,5.261143236022988,2191
227040,Customer_227040,1587.3,51,30,0.3026329043305775,5.260006397984275,2192
190353,Customer_190353,1587.2,36,17,0.30261353334521424,5.2595691525847705,2193
942593,Customer_942593,1587.14,61,25,0.3026019107539963,5.259306805345068,2194
243643,Customer_243643,1587.09,59,28,0.3025922252613146,5.259088182645315,2195
289924,Customer_289924,1586.76,53,36,0.30252830100961575,5.25764527282695,2196
896006,Customer_896006,1586.73,41,22,0.3025224897140068,5.257514099207099,2197
576341,Customer_576341,1586.58,62,30,0.30249343323596184,5.256858231107842,2198
984554,Customer_984554,1586.46,69,18,0.30247018805352593,5.2563335366284365,2199
533882,Customer_533882,1586.38,23,19,0.30245469126523533,5.2559837403088325,2200
567809,Customer_567809,1586.26,49,12,0.30243144608279937,5.255459045829426,2201
603762,Customer_603762,1586.08,25,35,0.30239657830914546,5.254672004110318,2202
480594,Customer_480594,1586.07,69,34,0.3023946412106091,5.254628279570366,2203
367314,Customer_367314,1586.02,51,15,0.30238495571792745,5.254409656870615,2204
527125,Customer_527125,1585.7,51,23,0.302322968564765,5.253010471592199,2205
560004,Customer_560004,1585.65,72,13,0.3023132830720833,5.252791848892448,2206
393700,Customer_393700,1585.57,74,20,0.30229778628379267,5.252442052572842,2207
896269,Customer_896269,1585.35,74,22,0.30225517011599345,5.251480112693933,2208
127191,Customer_127191,1585.33,29,21,0.3022512959189208,5.251392663614032,2209
394713,Customer_394713,1585.27,54,30,0.30223967332770285,5.251130316374329,2210
793420,Customer_793420,1585.23,19,24,0.30223192493355755,5.250955418214527,2211
109853,Customer_109853,1585.15,43,37,0.30221642814526695,5.250605621894924,2212
484758,Customer_484758,1585.11,18,20,0.3022086797511216,5.25043072373512,2213
735565,Customer_735565,1584.94,57,35,0.30217574907600403,5.249687406555964,2214
707140,Customer_707140,1584.78,39,8,0.30214475549942277,5.248987813916755,2215
193529,Customer_193529,1584.64,21,35,0.3021176361199142,5.248375670357449,2216
991237,Customer_991237,1584.64,58,29,0.3021176361199142,5.248375670357449,2217
469214,Customer_469214,1584.54,68,19,0.3020982651345509,5.247938424957945,2218
426115,Customer_426115,1584.32,39,36,0.30205564896675163,5.246976485079033,2219
518595,Customer_518595,1584.31,48,31,0.30205371186821534,5.246932760539083,2220
28428,Customer_28428,1584.18,18,33,0.3020285295872431,5.246364341519727,2221
969053,Customer_969053,1584.04,64,4,0.30200141020773447,5.245752197960421,2222
123418,Customer_123418,1584.01,55,29,0.30199559891212546,5.2456210243405685,2223
142410,Customer_142410,1583.45,24,16,0.30188712139409113,5.243172450103342,2224
30638,Customer_30638,1583.39,52,25,0.3018754988028731,5.24291010286364,2225
246928,Customer_246928,1583.29,53,5,0.3018561278175098,5.242472857464135,2226
543331,Customer_543331,1583.11,69,5,0.3018212600438559,5.241685815745025,2227
997891,Customer_997891,1582.93,18,17,0.30178639227020204,5.240898774025918,2228
15038,Customer_15038,1582.65,40,3,0.3017321535111848,5.239674486907305,2229
320749,Customer_320749,1582.59,22,1,0.30172053091996687,5.239412139667601,2230
454916,Customer_454916,1582.55,35,34,0.3017127825258215,5.239237241507799,2231
255526,Customer_255526,1582.28,60,37,0.3016604808653407,5.238056678929136,2232
495959,Customer_495959,1581.85,26,30,0.30157718562827857,5.236176523711266,2233
992271,Customer_992271,1581.82,26,29,0.30157137433266956,5.2360453500914135,2234
341086,Customer_341086,1581.76,64,37,0.3015597517414516,5.235783002851711,2235
534405,Customer_534405,1581.73,54,29,0.3015539404458426,5.235651829231861,2236
422721,Customer_422721,1581.64,54,39,0.3015365065590157,5.235258308372306,2237
797252,Customer_797252,1581.63,23,16,0.30153456946047935,5.235214583832357,2238
515261,Customer_515261,1581.35,56,39,0.30148033070146213,5.233990296713742,2239
101238,Customer_101238,1581.33,44,39,0.3014764565043895,5.233902847633842,2240
338316,Customer_338316,1581.07,54,32,0.30142609194244496,5.232766009595128,2241
255363,Customer_255363,1580.96,38,34,0.30140478385854536,5.232285039655674,2242
175992,Customer_175992,1580.85,53,22,0.3013834757746457,5.231804069716218,2243
969914,Customer_969914,1580.57,70,18,0.3013292370156285,5.230579782597604,2244
747355,Customer_747355,1580.5,64,22,0.3013156773258742,5.2302737108179524,2245
162174,Customer_162174,1580.5,66,20,0.3013156773258742,5.2302737108179524,2246
472724,Customer_472724,1580.41,25,7,0.3012982434390473,5.229880189958397,2247
877717,Customer_877717,1580.12,20,26,0.30124206758149374,5.228612178299834,2248
757714,Customer_757714,1580.05,58,14,0.30122850789173944,5.228306106520179,2249
608331,Customer_608331,1580.02,21,19,0.3012226965961305,5.2281749329003295,2250
456083,Customer_456083,1579.88,43,11,0.3011955772166219,5.2275627893410235,2251
68677,Customer_68677,1579.67,57,38,0.301154898147359,5.226644574002063,2252
934586,Customer_934586,1579.63,26,39,0.30114714975321366,5.226469675842261,2253
3733,Customer_3733,1579.58,45,13,0.301137464260532,5.226251053142508,2254
766974,Customer_766974,1579.46,72,5,0.3011142190780961,5.225726358663103,2255
924805,Customer_924805,1579.3,39,29,0.30108322550151484,5.225026766023894,2256
506672,Customer_506672,1578.07,24,39,0.30084496238154645,5.2196486476099855,2257
270238,Customer_270238,1578.06,49,33,0.3008430252830101,5.219604923070036,2258
32787,Customer_32787,1577.82,18,20,0.30079653491813824,5.218555534111223,2259
526113,Customer_526113,1577.81,53,20,0.3007945978196019,5.2185118095712735,2260
979168,Customer_979168,1577.79,63,7,0.30079072362252923,5.2184243604913725,2261
832454,Customer_832454,1577.74,63,23,0.30078103812984763,5.21820573779162,2262
118807,Customer_118807,1577.61,70,8,0.3007558558488753,5.217637318772263,2263
642068,Customer_642068,1577.49,52,38,0.3007326106664394,5.217112624292858,2264
436629,Customer_436629,1577.48,70,24,0.30073067356790306,5.217068899752908,2265
419525,Customer_419525,1577.45,37,23,0.3007248622722941,5.2169377261330565,2266
337806,Customer_337806,1577.39,74,38,0.30071323968107616,5.2166753788933535,2267
942445,Customer_942445,1577.34,68,34,0.30070355418839445,5.2164567561936,2268
153649,Customer_153649,1577.28,20,35,0.3006919315971765,5.216194408953898,2269
58117,Customer_58117,1577.14,60,24,0.30066481221766794,5.215582265394591,2270
488847,Customer_488847,1576.96,44,22,0.30062994444401403,5.214795223675484,2271
101367,Customer_101367,1576.96,70,36,0.30062994444401403,5.214795223675484,2272
689683,Customer_689683,1576.91,67,22,0.3006202589513324,5.214576600975731,2273
443045,Customer_443045,1576.83,35,29,0.3006047621630417,5.214226804656127,2274
28386,Customer_28386,1576.81,28,25,0.30060088796596907,5.2141393555762265,2275
638921,Customer_638921,1576.8,61,9,0.3005989508674327,5.214095631036275,2276
916595,Customer_916595,1576.79,74,4,0.3005970137688964,5.2140519064963256,2277
879378,Customer_879378,1576.76,31,34,0.3005912024732874,5.213920732876473,2278
504919,Customer_504919,1576.62,51,7,0.3005640830937788,5.213308589317167,2279
555134,Customer_555134,1576.5,55,27,0.3005408379113429,5.212783894837762,2280
520819,Customer_520819,1576.45,46,38,0.30053115241866124,5.212565272138009,2281
250239,Customer_250239,1576.44,53,19,0.30052921532012494,5.212521547598059,2282
181776,Customer_181776,1576.29,29,28,0.30050015884208,5.211865679498802,2283
663438,Customer_663438,1576.14,48,39,0.30047110236403507,5.211209811399544,2284
183589,Customer_183589,1576.09,73,8,0.3004614168713534,5.210991188699791,2285
473011,Customer_473011,1576.07,74,5,0.30045754267428076,5.21090373961989,2286
597860,Customer_597860,1576.02,42,15,0.3004478571815991,5.210685116920138,2287
445689,Customer_445689,1575.91,37,29,0.30042654909769956,5.210204146980683,2288
633070,Customer_633070,1575.53,19,39,0.300352939353319,5.208542614462564,2289
356781,Customer_356781,1574.96,19,11,0.30024252473674834,5.206050315685388,2290
555829,Customer_555829,1574.49,67,34,0.3001514811055409,5.203995262307715,2291
600505,Customer_600505,1574.47,41,28,0.30014760690846826,5.203907813227814,2292
198977,Customer_198977,1574.46,21,22,0.3001456698099319,5.203864088687864,2293
530882,Customer_530882,1574.46,57,33,0.3001456698099319,5.203864088687864,2294
770396,Customer_770396,1574.43,67,30,0.30013985851432295,5.203732915068012,2295
545603,Customer_545603,1574.38,44,36,0.3001301730216413,5.203514292368261,2296
813738,Customer_813738,1574.23,27,34,0.30010111654359634,5.202858424269004,2297
213651,Customer_213651,1574.13,33,2,0.3000817455582331,5.202421178869499,2298
366628,Customer_366628,1574.1,19,1,0.3000759342626241,5.202290005249647,2299
940653,Customer_940653,1574.1,25,25,0.3000759342626241,5.202290005249647,2300
680426,Customer_680426,1574.02,51,24,0.3000604374743335,5.2019402089300435,2301
691612,Customer_691612,1573.94,43,17,0.30004494068604287,5.2015904126104395,2302
741092,Customer_741092,1573.91,52,13,0.30003912939043387,5.201459238990587,2303
929004,Customer_929004,1573.91,46,14,0.30003912939043387,5.201459238990587,2304
922272,Customer_922272,1573.86,44,2,0.3000294438977522,5.201240616290835,2305
218217,Customer_218217,1573.75,23,3,0.3000081358138526,5.200759646351381,2306
945760,Customer_945760,1573.65,28,10,0.29998876482848935,5.200322400951876,2307
943849,Customer_943849,1573.4,32,35,0.29994033736508113,5.1992292874531145,2308
705856,Customer_705856,1573.22,22,34,0.2999054695914272,5.198442245734005,2309
955408,Customer_955408,1573.09,20,38,0.2998802873104549,5.197873826714647,2310
781556,Customer_781556,1572.94,66,31,0.29985123083241,5.197217958615393,2311
927584,Customer_927584,1572.91,57,33,0.29984541953680105,5.19708678499554,2312
919068,Customer_919068,1572.86,35,21,0.29983573404411934,5.196868162295787,2313
663939,Customer_663939,1572.72,30,38,0.2998086146646108,5.196256018736481,2314
324109,Customer_324109,1572.7,62,36,0.29980474046753813,5.19616856965658,2315
744396,Customer_744396,1572.55,20,33,0.29977568398949317,5.195512701557322,2316
96019,Customer_96019,1572.43,45,25,0.29975243880705726,5.194988007077917,2317
782232,Customer_782232,1572.39,50,27,0.29974469041291196,5.194813108918115,2318
487921,Customer_487921,1572.35,51,38,0.2997369420187666,5.194638210758313,2319
639432,Customer_639432,1572.28,72,8,0.2997233823290123,5.19433213897866,2320
722008,Customer_722008,1572.06,26,11,0.2996807661612131,5.19337019909975,2321
423186,Customer_423186,1572.03,44,10,0.29967495486560414,5.1932390254798975,2322
747394,Customer_747394,1572.0,66,18,0.29966914356999513,5.193107851860047,2323
470841,Customer_470841,1571.94,44,31,0.2996575209787772,5.192845504620345,2324
816794,Customer_816794,1571.81,65,24,0.29963233869780487,5.192277085600988,2325
243414,Customer_243414,1571.55,69,7,0.29958197413586035,5.1911402475622745,2326
184484,Customer_184484,1571.44,47,11,0.29956066605196074,5.190659277622821,2327
804165,Customer_804165,1571.28,37,12,0.2995296724753795,5.189959684983612,2328
245917,Customer_245917,1571.19,53,22,0.2995122385885525,5.1895661641240585,2329
782974,Customer_782974,1571.0,63,36,0.2994754337163623,5.188735397865,2330
301187,Customer_301187,1570.85,32,37,0.29944637723831735,5.188079529765742,2331
740953,Customer_740953,1570.83,21,21,0.2994425030412447,5.1879920806858415,2332
347854,Customer_347854,1570.63,48,25,0.2994037610705182,5.1871175898868325,2333
806822,Customer_806822,1570.63,74,12,0.2994037610705182,5.1871175898868325,2334
61866,Customer_61866,1570.63,41,18,0.2994037610705182,5.1871175898868325,2335
794575,Customer_794575,1570.61,23,28,0.2993998868734455,5.18703014080693,2336
286083,Customer_286083,1570.51,44,29,0.29938051588808223,5.186592895407426,2337
122242,Customer_122242,1570.48,63,23,0.29937470459247323,5.186461721787575,2338
580167,Customer_580167,1570.47,70,32,0.29937276749393693,5.186417997247624,2339
926790,Customer_926790,1570.34,47,29,0.2993475852129646,5.185849578228267,2340
99743,Customer_99743,1569.99,66,29,0.29927978676419315,5.184319219330001,2341
206518,Customer_206518,1569.98,60,3,0.2992778496656568,5.184275494790051,2342
877356,Customer_877356,1569.58,55,18,0.29920036572420367,5.182526513192031,2343
766284,Customer_766284,1569.02,68,6,0.2990918882061693,5.180077938954805,2344
386637,Customer_386637,1568.97,46,22,0.2990822027134877,5.179859316255052,2345
834229,Customer_834229,1568.88,39,32,0.2990647688266607,5.179465795395499,2346
968067,Customer_968067,1568.8,27,16,0.29904927203837006,5.1791159990758935,2347
860739,Customer_860739,1568.74,58,4,0.2990376494471521,5.1788536518361905,2348
514368,Customer_514368,1568.61,18,16,0.2990124671661798,5.178285232816834,2349
685172,Customer_685172,1568.52,71,7,0.2989950332793529,5.177891711957281,2350
757301,Customer_757301,1568.48,59,27,0.29898728488520754,5.177716813797479,2351
630343,Customer_630343,1568.29,28,23,0.29895048001301733,5.17688604753842,2352
378086,Customer_378086,1568.24,30,38,0.2989407945203357,5.1766674248386675,2353
739802,Customer_739802,1568.17,32,3,0.29892723483058137,5.176361353059015,2354
239867,Customer_239867,1567.98,43,36,0.29889042995839116,5.1755305867999555,2355
234007,Customer_234007,1567.91,23,26,0.29887687026863685,5.175224515020302,2356
217457,Customer_217457,1567.73,18,6,0.29884200249498294,5.174437473301194,2357
543120,Customer_543120,1567.16,43,31,0.29873158787841225,5.171945174524016,2358
198767,Customer_198767,1567.0,48,35,0.298700594301831,5.171245581884809,2359
816107,Customer_816107,1566.78,71,10,0.2986579781340317,5.170283642005898,2360
454012,Customer_454012,1566.75,65,7,0.2986521668384228,5.170152468386047,2361
493541,Customer_493541,1566.57,66,1,0.29861729906476886,5.169365426666937,2362
505160,Customer_505160,1566.4,48,3,0.2985843683896513,5.168622109487781,2363
202615,Customer_202615,1566.26,46,33,0.2985572490101427,5.168009965928473,2364
543378,Customer_543378,1566.09,53,18,0.2985243183350251,5.167266648749314,2365
731469,Customer_731469,1566.09,62,39,0.2985243183350251,5.167266648749314,2366
282872,Customer_282872,1566.06,18,15,0.29851850703941607,5.167135475129464,2367
189642,Customer_189642,1566.02,49,26,0.29851075864527077,5.166960576969662,2368
854268,Customer_854268,1565.93,62,10,0.29849332475844387,5.166567056110107,2369
11814,Customer_11814,1565.67,52,36,0.2984429601964993,5.165430218071396,2370
146430,Customer_146430,1565.62,52,12,0.29843327470381764,5.165211595371643,2371
278550,Customer_278550,1565.6,40,27,0.298429400506745,5.165124146291742,2372
577355,Customer_577355,1565.33,32,4,0.2983770988462641,5.163943583713079,2373
747939,Customer_747939,1565.33,64,15,0.2983770988462641,5.163943583713079,2374
463288,Customer_463288,1565.22,37,9,0.2983557907623645,5.163462613773623,2375
599193,Customer_599193,1565.21,60,29,0.2983538536638282,5.163418889233674,2376
720053,Customer_720053,1564.84,19,1,0.29828218101798404,5.161801081255505,2377
75292,Customer_75292,1564.73,41,22,0.29826087293408443,5.1613201113160505,2378
194131,Customer_194131,1564.64,33,18,0.2982434390472575,5.160926590456496,2379
437809,Customer_437809,1564.59,41,19,0.2982337535545758,5.160707967756743,2380
475547,Customer_475547,1564.44,34,22,0.2982046970765309,5.160052099657487,2381
960371,Customer_960371,1564.43,61,18,0.2982027599779946,5.160008375117536,2382
148171,Customer_148171,1564.31,67,3,0.29817951479555865,5.159483680638131,2383
988119,Customer_988119,1563.95,48,38,0.29810977924825083,5.157909597199913,2384
387251,Customer_387251,1563.88,48,8,0.2980962195584965,5.157603525420261,2385
534214,Customer_534214,1563.82,35,29,0.2980845969672785,5.157341178180556,2386
855733,Customer_855733,1563.6,61,2,0.2980419807994793,5.156379238301646,2387
350861,Customer_350861,1563.51,50,24,0.29802454691265234,5.155985717442092,2388
614163,Customer_614163,1563.51,30,5,0.29802454691265234,5.155985717442092,2389
964024,Customer_964024,1563.44,51,13,0.2980109872228981,5.155679645662439,2390
637574,Customer_637574,1563.41,41,29,0.2980051759272891,5.155548472042588,2391
492650,Customer_492650,1563.31,41,6,0.2979858049419258,5.155111226643083,2392
512734,Customer_512734,1563.31,67,20,0.2979858049419258,5.155111226643083,2393
56595,Customer_56595,1563.19,25,33,0.2979625597594899,5.154586532163678,2394
69148,Customer_69148,1562.91,52,14,0.2979083210004727,5.153362245045064,2395
719822,Customer_719822,1562.83,69,24,0.29789282421218205,5.15301244872546,2396
675410,Customer_675410,1562.81,43,34,0.2978889500151094,5.152924999645559,2397
741411,Customer_741411,1562.8,52,7,0.29788701291657305,5.1528812751056075,2398
820755,Customer_820755,1562.77,58,28,0.2978812016209641,5.152750101485758,2399
9737,Customer_9737,1562.75,42,4,0.2978773274238914,5.152662652405857,2400
219405,Customer_219405,1562.68,53,14,0.29786376773413714,5.152356580626202,2401
491584,Customer_491584,1562.49,44,39,0.2978269628619469,5.151525814367143,2402
513081,Customer_513081,1562.39,20,39,0.2978075918765836,5.151088568967639,2403
855375,Customer_855375,1562.21,62,5,0.2977727241029297,5.150301527248531,2404
90377,Customer_90377,1562.07,69,4,0.2977456047234211,5.149689383689223,2405
887956,Customer_887956,1562.05,21,35,0.29774173052634845,5.149601934609322,2406
865749,Customer_865749,1561.93,38,32,0.2977184853439125,5.149077240129917,2407
274082,Customer_274082,1561.91,55,30,0.29771461114683984,5.148989791050016,2408
679216,Customer_679216,1561.91,59,13,0.29771461114683984,5.148989791050016,2409
800647,Customer_800647,1561.87,73,3,0.2977068627526945,5.148814892890214,2410
777364,Customer_777364,1561.84,29,25,0.29770105145708553,5.148683719270362,2411
919918,Customer_919918,1561.46,57,15,0.29762744171270505,5.147022186752245,2412
265753,Customer_265753,1561.45,22,10,0.29762550461416876,5.146978462212294,2413
503689,Customer_503689,1561.29,61,17,0.2975945110375875,5.146278869573087,2414
459835,Customer_459835,1560.98,25,2,0.2975344609829613,5.1449234088346225,2415
957485,Customer_957485,1560.78,52,25,0.2974957190122347,5.144048918035612,2416
498748,Customer_498748,1560.73,42,24,0.2974860335195531,5.14383029533586,2417
12028,Customer_12028,1560.43,46,10,0.29742792056346323,5.142518559137345,2418
405898,Customer_405898,1560.29,55,28,0.2974008011839546,5.141906415578039,2419
365933,Customer_365933,1560.27,36,38,0.29739692698688197,5.141818966498138,2420
832362,Customer_832362,1560.08,35,27,0.29736012211469176,5.140988200239079,2421
542125,Customer_542125,1560.08,32,32,0.29736012211469176,5.140988200239079,2422
26660,Customer_26660,1559.98,29,10,0.29734075112932845,5.140550954839575,2423
911454,Customer_911454,1559.92,59,25,0.2973291285381105,5.140288607599872,2424
116250,Customer_116250,1559.89,57,7,0.29732331724250155,5.140157433980019,2425
332729,Customer_332729,1559.85,59,32,0.2973155688483562,5.139982535820218,2426
19900,Customer_19900,1559.56,59,19,0.2972593929908027,5.138714524161654,2427
693440,Customer_693440,1559.56,22,21,0.2972593929908027,5.138714524161654,2428
902228,Customer_902228,1559.54,46,20,0.29725551879373,5.138627075081754,2429
545635,Customer_545635,1559.5,55,9,0.2972477703995847,5.138452176921952,2430
614554,Customer_614554,1559.49,31,33,0.29724583330104837,5.138408452382,2431
964304,Customer_964304,1559.31,38,12,0.29721096552739446,5.137621410662892,2432
403742,Customer_403742,1559.25,60,7,0.2971993429361765,5.137359063423189,2433
763078,Customer_763078,1559.1,39,12,0.29717028645813154,5.136703195323932,2434
964799,Customer_964799,1559.0,46,11,0.2971509154727683,5.136265949924428,2435
305498,Customer_305498,1558.92,74,39,0.2971354186844777,5.135916153604825,2436
507357,Customer_507357,1558.9,28,30,0.29713154448740503,5.135828704524924,2437
442356,Customer_442356,1558.69,57,2,0.2970908654181421,5.134910489185963,2438
530137,Customer_530137,1558.6,64,5,0.29707343153131516,5.134516968326408,2439
501328,Customer_501328,1558.54,42,26,0.29706180894009715,5.134254621086706,2440
805454,Customer_805454,1558.4,72,29,0.2970346895605886,5.1336424775274,2441
342197,Customer_342197,1558.24,32,19,0.29700369598400733,5.132942884888191,2442
817440,Customer_817440,1558.16,43,13,0.29698819919571673,5.132593088568587,2443
936678,Customer_936678,1557.89,72,7,0.29693589753523586,5.131412525989925,2444
795910,Customer_795910,1557.84,48,17,0.2969262120425542,5.131193903290171,2445
74013,Customer_74013,1557.8,37,21,0.2969184636484089,5.131019005130369,2446
724802,Customer_724802,1557.71,60,14,0.29690102976158195,5.1306254842708165,2447
998651,Customer_998651,1557.68,55,14,0.29689521846597294,5.130494310650964,2448
860352,Customer_860352,1557.58,71,22,0.29687584748060963,5.13005706525146,2449
326860,Customer_326860,1557.56,31,38,0.296871973283537,5.129969616171559,2450
114708,Customer_114708,1557.26,20,31,0.29681386032744717,5.128657879973044,2451
770088,Customer_770088,1557.18,37,13,0.29679836353915656,5.12830808365344,2452
614944,Customer_614944,1557.16,25,26,0.2967944893420839,5.128220634573539,2453
25231,Customer_25231,1557.02,73,22,0.29676736996257524,5.127608491014233,2454
937963,Customer_937963,1556.92,69,36,0.296747998977212,5.127171245614729,2455
499659,Customer_499659,1556.84,69,27,0.29673250218892133,5.126821449295123,2456
508264,Customer_508264,1556.64,19,5,0.2966937602181948,5.125946958496115,2457
514169,Customer_514169,1556.54,34,13,0.2966743892328315,5.12550971309661,2458
778320,Customer_778320,1556.53,41,14,0.29667245213429516,5.125465988556659,2459
114833,Customer_114833,1556.49,29,11,0.29666470374014986,5.125291090396857,2460
760144,Customer_760144,1556.41,33,21,0.29664920695185926,5.124941294077254,2461
457473,Customer_457473,1556.23,66,34,0.29661433917820534,5.124154252358146,2462
291394,Customer_291394,1556.21,19,38,0.2966104649811327,5.124066803278245,2463
969178,Customer_969178,1556.15,27,24,0.29659884238991474,5.123804456038543,2464
41028,Customer_41028,1555.81,72,34,0.2965329810396795,5.122317821680226,2465
664271,Customer_664271,1555.59,21,15,0.2964903648718803,5.121355881801314,2466
688241,Customer_688241,1555.56,74,24,0.29648455357627135,5.1212247081814635,2467
642460,Customer_642460,1555.51,34,6,0.2964748680835897,5.121006085481711,2468
771448,Customer_771448,1555.43,52,10,0.2964593712952991,5.120656289162107,2469
655344,Customer_655344,1555.26,52,12,0.2964264406201815,5.119912971982949,2470
164501,Customer_164501,1555.19,50,18,0.2964128809304272,5.119606900203297,2471
271390,Customer_271390,1555.0,43,15,0.29637607605823696,5.1187761339442375,2472
441744,Customer_441744,1554.91,74,33,0.29635864217141,5.118382613084682,2473
474834,Customer_474834,1554.84,47,18,0.2963450824816557,5.118076541305029,2474
184292,Customer_184292,1554.73,31,9,0.2963237743977561,5.117595571365574,2475
429912,Customer_429912,1554.7,49,15,0.2963179631021471,5.117464397745723,2476
409499,Customer_409499,1554.68,37,14,0.29631408890507444,5.117376948665822,2477
823408,Customer_823408,1554.61,54,15,0.29630052921532013,5.117070876886167,2478
531478,Customer_531478,1554.56,63,18,0.2962908437226385,5.116852254186416,2479
152599,Customer_152599,1554.2,68,16,0.2962211081753307,5.115278170748199,2480
271722,Customer_271722,1554.01,28,28,0.29618430330314044,5.114447404489139,2481
296432,Customer_296432,1554.01,44,6,0.29618430330314044,5.114447404489139,2482
651845,Customer_651845,1553.65,43,19,0.2961145677558326,5.112873321050923,2483
939215,Customer_939215,1553.6,30,1,0.29610488226315096,5.11265469835117,2484
521233,Customer_521233,1553.34,61,2,0.29605451770120644,5.111517860312457,2485
127720,Customer_127720,1553.34,63,26,0.29605451770120644,5.111517860312457,2486
361539,Customer_361539,1553.33,60,34,0.2960525806026701,5.111474135772507,2487
899013,Customer_899013,1553.31,47,34,0.29604870640559744,5.111386686692606,2488
453869,Customer_453869,1553.25,55,27,0.2960370838143795,5.111124339452904,2489
672712,Customer_672712,1553.23,27,8,0.29603320961730684,5.111036890373003,2490
945070,Customer_945070,1553.18,59,29,0.2960235241246252,5.11081826767325,2491
115531,Customer_115531,1553.11,27,12,0.2960099644348709,5.1105121958935955,2492
226108,Customer_226108,1553.09,55,17,0.2960060902377982,5.1104247468136945,2493
3425,Customer_3425,1553.0,53,18,0.29598865635097127,5.110031225954142,2494
562513,Customer_562513,1552.89,37,32,0.29596734826707166,5.109550256014686,2495
777676,Customer_777676,1552.79,53,13,0.29594797728170835,5.109113010615181,2496
952903,Customer_952903,1552.73,65,27,0.2959363546904904,5.108850663375479,2497
126106,Customer_126106,1552.5,21,39,0.2958918014241549,5.107844998956618,2498
597149,Customer_597149,1552.29,63,15,0.29585112235489197,5.106926783617658,2499
924688,Customer_924688,1552.27,56,28,0.2958472481578193,5.106839334537757,2500
264104,Customer_264104,1552.18,58,29,0.29582981427099236,5.106445813678202,2501
980064,Customer_980064,1552.01,49,25,0.29579688359587475,5.105702496499044,2502
788354,Customer_788354,1551.94,31,22,0.2957833239061205,5.105396424719392,2503
656386,Customer_656386,1551.86,38,27,0.29576782711782984,5.105046628399786,2504
87925,Customer_87925,1551.84,45,30,0.2957639529207572,5.104959179319885,2505
228917,Customer_228917,1551.78,64,1,0.29575233032953924,5.104696832080183,2506
341508,Customer_341508,1551.71,48,9,0.29573877063978493,5.1043907603005305,2507
2167,Customer_2167,1551.47,31,16,0.29569228027491307,5.103341371341719,2508
186545,Customer_186545,1551.29,25,30,0.2956574125012591,5.102554329622611,2509
576746,Customer_576746,1551.24,60,36,0.2956477270085775,5.102335706922857,2510
539805,Customer_539805,1551.21,59,29,0.2956419157129685,5.102204533303007,2511
516919,Customer_516919,1551.19,74,36,0.29563804151589584,5.102117084223106,2512
878698,Customer_878698,1550.96,67,12,0.2955934882495603,5.101111419804245,2513
994671,Customer_994671,1550.92,27,9,0.295585739855415,5.100936521644443,2514
580977,Customer_580977,1550.56,44,8,0.29551600430810715,5.099362438206225,2515
260848,Customer_260848,1550.49,56,31,0.29550244461835284,5.099056366426572,2516
24048,Customer_24048,1550.43,70,15,0.2954908220271349,5.098794019186869,2517
602097,Customer_602097,1550.1,45,2,0.295426897775436,5.097351109368503,2518
260639,Customer_260639,1549.99,44,2,0.29540558969153646,5.096870139429048,2519
285048,Customer_285048,1549.89,21,10,0.2953862187061732,5.096432894029543,2520
143505,Customer_143505,1549.86,39,13,0.29538040741056415,5.0963017204096905,2521
827793,Customer_827793,1549.65,24,23,0.2953397283413013,5.095383505070733,2522
359062,Customer_359062,1549.43,74,36,0.2952971121735021,5.094421565191821,2523
478860,Customer_478860,1549.32,55,6,0.2952758040896024,5.0939405952523655,2524
690322,Customer_690322,1549.32,44,25,0.2952758040896024,5.0939405952523655,2525
724970,Customer_724970,1549.32,73,24,0.2952758040896024,5.0939405952523655,2526
688519,Customer_688519,1549.14,56,35,0.29524093631594855,5.0931535535332575,2527
317986,Customer_317986,1549.12,25,22,0.29523706211887585,5.0930661044533565,2528
106868,Customer_106868,1549.09,73,4,0.2952312508232669,5.092934930833504,2529
727644,Customer_727644,1549.06,49,17,0.2952254395276579,5.092803757213654,2530
851194,Customer_851194,1548.9,63,21,0.2951944459510767,5.092104164574447,2531
820610,Customer_820610,1548.9,37,15,0.2951944459510767,5.092104164574447,2532
298109,Customer_298109,1548.85,48,30,0.295184760458395,5.091885541874694,2533
1770,Customer_1770,1548.84,64,17,0.2951828233598587,5.091841817334743,2534
961153,Customer_961153,1548.7,68,38,0.2951557039803501,5.091229673775437,2535
723906,Customer_723906,1548.68,29,14,0.2951518297832774,5.091142224695536,2536
1078,Customer_1078,1548.54,50,9,0.2951247104037688,5.0905300811362295,2537
866632,Customer_866632,1548.32,49,35,0.2950820942359696,5.089568141257318,2538
465746,Customer_465746,1547.88,37,33,0.29499686190037117,5.0876442614994986,2539
224736,Customer_224736,1547.82,32,2,0.29498523930915316,5.087381914259794,2540
408760,Customer_408760,1547.48,38,7,0.29491937795891804,5.085895279901479,2541
419594,Customer_419594,1547.43,63,7,0.2949096924662364,5.085676657201726,2542
469413,Customer_469413,1546.49,36,30,0.2947276052038215,5.0815665504463805,2543
957946,Customer_957946,1546.4,62,22,0.29471017131699456,5.081173029586828,2544
185925,Customer_185925,1546.19,26,13,0.2946694922477317,5.080254814247867,2545
244603,Customer_244603,1546.19,61,23,0.2946694922477317,5.080254814247867,2546
330991,Customer_330991,1546.18,51,6,0.29466755514919535,5.080211089707916,2547
108850,Customer_108850,1546.13,56,8,0.29465786965651375,5.079992467008165,2548
450011,Customer_450011,1546.09,62,31,0.2946501212623684,5.0798175688483616,2549
108743,Customer_108743,1546.04,71,33,0.29464043576968674,5.07959894614861,2550
957657,Customer_957657,1546.0,44,34,0.29463268737554144,5.079424047988809,2551
750612,Customer_750612,1545.98,63,29,0.2946288131784688,5.079336598908908,2552
854900,Customer_854900,1545.94,32,32,0.2946210647843235,5.079161700749106,2553
522109,Customer_522109,1545.84,19,26,0.2946016937989602,5.078724455349599,2554
583664,Customer_583664,1545.81,73,29,0.29459588250335117,5.078593281729749,2555
203119,Customer_203119,1545.58,33,18,0.29455132923701566,5.077587617310888,2556
189245,Customer_189245,1545.49,60,21,0.2945338953501887,5.077194096451334,2557
597762,Customer_597762,1545.41,30,26,0.2945183985618981,5.07684430013173,2558
719651,Customer_719651,1545.4,54,39,0.29451646146336175,5.07680057559178,2559
152978,Customer_152978,1545.37,44,7,0.29451065016775274,5.076669401971928,2560
292038,Customer_292038,1545.23,44,8,0.2944835307882442,5.076057258412622,2561
26983,Customer_26983,1545.22,47,19,0.29448159368970783,5.07601353387267,2562
429924,Customer_429924,1545.18,65,23,0.29447384529556253,5.075838635712869,2563
113540,Customer_113540,1545.08,25,19,0.2944544743101992,5.075401390313364,2564
887664,Customer_887664,1544.92,51,30,0.294423480733618,5.074701797674157,2565
173339,Customer_173339,1544.89,43,39,0.294417669438009,5.074570624054305,2566
755705,Customer_755705,1544.89,18,1,0.294417669438009,5.074570624054305,2567
656159,Customer_656159,1544.69,33,1,0.29437892746728245,5.073696133255297,2568
7405,Customer_7405,1544.5,37,13,0.2943421225950922,5.072865366996237,2569
602638,Customer_602638,1544.42,73,6,0.2943266258068016,5.072515570676633,2570
412757,Customer_412757,1544.36,33,30,0.29431500321558357,5.072253223436929,2571
926396,Customer_926396,1544.29,70,26,0.29430144352582926,5.071947151657277,2572
478746,Customer_478746,1543.82,58,6,0.29421039989462183,5.069892098279603,2573
644843,Customer_644843,1543.77,66,3,0.29420071440194023,5.069673475579852,2574
452438,Customer_452438,1543.77,39,11,0.29420071440194023,5.069673475579852,2575
737812,Customer_737812,1543.48,40,23,0.2941445385443867,5.068405463921288,2576
169395,Customer_169395,1543.38,47,11,0.29412516755902346,5.067968218521784,2577
111830,Customer_111830,1543.31,66,11,0.2941116078692691,5.06766214674213,2578
301413,Customer_301413,1543.25,46,31,0.29409998527805115,5.067399799502428,2579
567826,Customer_567826,1542.94,67,18,0.294039935223425,5.066044338763963,2580
355216,Customer_355216,1542.82,72,27,0.294016690040989,5.065519644284556,2581
856496,Customer_856496,1542.75,58,10,0.2940031303512347,5.065213572504904,2582
257035,Customer_257035,1542.66,70,29,0.2939856964644078,5.0648200516453485,2583
309299,Customer_309299,1542.25,52,31,0.29390627542441833,5.06302734550738,2584
520427,Customer_520427,1542.21,44,1,0.293898527030273,5.062852447347578,2585
579322,Customer_579322,1542.18,70,29,0.293892715734664,5.062721273727726,2586
138660,Customer_138660,1542.14,34,25,0.2938849673405187,5.062546375567924,2587
550913,Customer_550913,1542.08,31,24,0.2938733447493007,5.0622840283282216,2588
105422,Customer_105422,1541.83,73,15,0.2938249172858925,5.061190914829459,2589
820265,Customer_820265,1541.8,33,7,0.29381910599028355,5.061059741209607,2590
49033,Customer_49033,1541.61,30,36,0.2937823011180933,5.060228974950548,2591
547135,Customer_547135,1541.39,66,22,0.29373968495029407,5.059267035071638,2592
42836,Customer_42836,1541.3,64,34,0.2937222510634671,5.058873514212084,2593
15881,Customer_15881,1541.29,59,36,0.29372031396493076,5.058829789672134,2594
126236,Customer_126236,1541.27,68,7,0.2937164397678581,5.058742340592233,2595
120949,Customer_120949,1541.06,73,37,0.29367576069859525,5.057824125253273,2596
291050,Customer_291050,1540.99,19,15,0.29366220100884094,5.057518053473619,2597
511518,Customer_511518,1540.94,26,34,0.2936525155161593,5.057299430773868,2598
6503,Customer_6503,1540.78,68,13,0.293621521939578,5.056599838134659,2599
101172,Customer_101172,1540.77,43,24,0.2936195848410417,5.056556113594709,2600
772076,Customer_772076,1540.69,47,33,0.2936040880527511,5.056206317275106,2601
141234,Customer_141234,1540.48,41,29,0.2935634089834882,5.055288101936146,2602
3745,Customer_3745,1540.46,56,20,0.29355953478641555,5.055200652856245,2603
391241,Customer_391241,1540.36,74,21,0.29354016380105225,5.054763407456738,2604
224378,Customer_224378,1540.35,71,21,0.2935382267025159,5.054719682916789,2605
657302,Customer_657302,1540.23,23,26,0.29351498152008,5.054194988437383,2606
801811,Customer_801811,1540.15,21,2,0.2934994847317894,5.05384519211778,2607
691585,Customer_691585,1539.93,57,27,0.29345686856399017,5.0528832522388685,2608
649233,Customer_649233,1539.71,49,33,0.2934142523961909,5.051921312359959,2609
248266,Customer_248266,1539.68,56,13,0.29340844110058195,5.051790138740107,2610
815460,Customer_815460,1539.58,21,7,0.29338907011521864,5.051352893340602,2611
759560,Customer_759560,1539.43,21,36,0.29336001363717373,5.050697025241345,2612
142369,Customer_142369,1539.32,27,37,0.29333870555327407,5.050216055301889,2613
510874,Customer_510874,1539.3,41,18,0.2933348313562014,5.050128606221988,2614
938152,Customer_938152,1539.24,47,17,0.29332320876498347,5.049866258982285,2615
950572,Customer_950572,1539.23,54,17,0.29332127166644717,5.049822534442336,2616
696330,Customer_696330,1538.89,54,15,0.293255410316212,5.04833590008402,2617
290227,Customer_290227,1538.85,70,30,0.29324766192206664,5.048161001924218,2618
587123,Customer_587123,1538.83,26,17,0.293243787724994,5.048073552844317,2619
71564,Customer_71564,1538.83,70,23,0.293243787724994,5.048073552844317,2620
440857,Customer_440857,1538.77,70,33,0.29323216513377603,5.047811205604614,2621
104211,Customer_104211,1538.53,72,3,0.29318567476890417,5.046761816645802,2622
829394,Customer_829394,1538.48,24,14,0.2931759892762225,5.04654319394605,2623
552205,Customer_552205,1538.41,21,36,0.29316242958646826,5.046237122166397,2624
593270,Customer_593270,1538.4,27,31,0.2931604924879319,5.046193397626447,2625
268102,Customer_268102,1538.29,22,27,0.29313918440403225,5.045712427686991,2626
17379,Customer_17379,1538.19,38,10,0.293119813418669,5.045275182287487,2627
860217,Customer_860217,1538.15,68,20,0.2931120650245237,5.045100284127685,2628
27855,Customer_27855,1538.1,67,33,0.29310237953184204,5.044881661427932,2629
315779,Customer_315779,1538.0,45,32,0.2930830085464788,5.044444416028427,2630
986426,Customer_986426,1537.98,54,9,0.29307913434940613,5.044356966948526,2631
573634,Customer_573634,1537.79,45,16,0.29304232947721587,5.043526200689467,2632
716863,Customer_716863,1537.75,62,7,0.29303458108307057,5.043351302529666,2633
52893,Customer_52893,1537.72,54,9,0.29302876978746156,5.043220128909813,2634
925934,Customer_925934,1537.71,55,4,0.29302683268892527,5.043176404369864,2635
563012,Customer_563012,1537.33,65,10,0.29295322294454473,5.041514871851745,2636
841277,Customer_841277,1537.05,28,13,0.29289898418552757,5.040290584733131,2637
996213,Customer_996213,1536.88,56,16,0.29286605351041,5.039547267553974,2638
602244,Customer_602244,1536.6,27,29,0.2928118147513928,5.03832298043536,2639
912837,Customer_912837,1536.48,59,31,0.2927885695689569,5.037798285955955,2640
639707,Customer_639707,1536.23,36,31,0.29274014210554866,5.036705172457193,2641
349672,Customer_349672,1536.07,36,39,0.2927091485289674,5.036005579817984,2642
800782,Customer_800782,1535.86,38,3,0.2926684694597045,5.035087364479024,2643
488008,Customer_488008,1535.46,70,35,0.29259098551825136,5.0333383828810065,2644
518599,Customer_518599,1535.36,28,29,0.29257161453288805,5.0329011374815,2645
771309,Customer_771309,1535.25,65,3,0.29255030644898844,5.032420167542046,2646
96247,Customer_96247,1535.22,43,38,0.2925444951533795,5.032288993922194,2647
825582,Customer_825582,1535.15,46,8,0.2925309354636252,5.031982922142542,2648
783046,Customer_783046,1534.95,60,8,0.2924921934928986,5.031108431343531,2649
229895,Customer_229895,1534.87,25,24,0.29247669670460796,5.030758635023928,2650
599427,Customer_599427,1534.7,38,29,0.2924437660294904,5.03001531784477,2651
670206,Customer_670206,1534.62,61,20,0.29242826924119975,5.029665521525166,2652
478903,Customer_478903,1534.37,73,9,0.2923798417777915,5.028572408026404,2653
639326,Customer_639326,1534.15,34,26,0.29233722560999237,5.027610468147494,2654
646991,Customer_646991,1533.94,60,4,0.29229654654072945,5.026692252808534,2655
807392,Customer_807392,1533.91,38,11,0.2922907352451205,5.0265610791886814,2656
261086,Customer_261086,1533.81,57,33,0.2922713642597572,5.026123833789177,2657
900842,Customer_900842,1533.67,39,12,0.2922442448802486,5.025511690229871,2658
640107,Customer_640107,1533.46,35,15,0.2922035658109857,5.024593474890911,2659
242106,Customer_242106,1533.39,69,9,0.2921900061212314,5.024287403111257,2660
217384,Customer_217384,1533.37,35,29,0.2921861319241587,5.024199954031356,2661
726853,Customer_726853,1533.33,66,37,0.2921783835300134,5.0240250558715545,2662
305268,Customer_305268,1533.27,52,9,0.29216676093879546,5.0237627086318515,2663
82054,Customer_82054,1533.12,67,39,0.2921377044607505,5.023106840532594,2664
740365,Customer_740365,1532.99,28,37,0.2921125221797783,5.022538421513238,2665
719388,Customer_719388,1532.89,22,27,0.292093151194415,5.0221011761137335,2666
876271,Customer_876271,1532.84,43,17,0.2920834657017333,5.02188255341398,2667
272655,Customer_272655,1532.72,19,39,0.2920602205192974,5.021357858934575,2668
955084,Customer_955084,1532.64,61,25,0.29204472373100676,5.021008062614971,2669
269267,Customer_269267,1532.56,40,19,0.2920292269427161,5.020658266295368,2670
884209,Customer_884209,1532.33,65,23,0.2919846736763806,5.019652601876507,2671
373737,Customer_373737,1532.32,50,29,0.29198273657784424,5.019608877336555,2672
488381,Customer_488381,1532.28,35,21,0.29197498818369894,5.019433979176753,2673
621374,Customer_621374,1532.12,39,34,0.2919439946071177,5.018734386537547,2674
474665,Customer_474665,1531.79,60,7,0.29188007035541885,5.017291476719182,2675
844683,Customer_844683,1531.33,45,20,0.2917909638227477,5.015280147881459,2676
725500,Customer_725500,1531.28,22,10,0.2917812783300661,5.015061525181706,2677
790687,Customer_790687,1531.19,25,23,0.29176384444323916,5.014668004322153,2678
499272,Customer_499272,1531.1,69,31,0.2917464105564122,5.014274483462598,2679
54792,Customer_54792,1530.79,42,10,0.29168636050178604,5.012919022724134,2680
833694,Customer_833694,1530.7,68,11,0.2916689266149591,5.0125255018645785,2681
609003,Customer_609003,1530.65,23,12,0.2916592411222774,5.012306879164828,2682
287236,Customer_287236,1530.64,43,36,0.2916573040237411,5.012263154624876,2683
23935,Customer_23935,1530.3,51,6,0.29159144267350595,5.0107765202665595,2684
337727,Customer_337727,1530.26,57,22,0.2915836942793606,5.0106016221067575,2685
248719,Customer_248719,1529.98,51,5,0.29152945552034343,5.009377334988145,2686
773519,Customer_773519,1529.83,44,9,0.29150039904229846,5.008721466888888,2687
913810,Customer_913810,1529.83,38,37,0.29150039904229846,5.008721466888888,2688
687251,Customer_687251,1529.6,58,25,0.29145584577596295,5.007715802470027,2689
575776,Customer_575776,1529.54,51,15,0.291444223184745,5.0074534552303245,2690
833520,Customer_833520,1529.52,71,36,0.2914403489876723,5.0073660061504235,2691
556975,Customer_556975,1529.5,66,17,0.29143647479059964,5.0072785570705225,2692
480686,Customer_480686,1529.43,49,4,0.2914229151008454,5.006972485290868,2693
746999,Customer_746999,1529.35,67,29,0.29140741831255473,5.006622688971265,2694
155337,Customer_155337,1529.25,71,20,0.2913880473271915,5.00618544357176,2695
808895,Customer_808895,1529.03,33,24,0.2913454311593922,5.005223503692849,2696
139967,Customer_139967,1529.01,19,18,0.29134155696231956,5.005136054612948,2697
937930,Customer_937930,1528.95,49,35,0.2913299343711016,5.004873707373245,2698
651463,Customer_651463,1528.87,20,32,0.29131443758281095,5.004523911053642,2699
892832,Customer_892832,1528.56,24,10,0.2912543875281848,5.003168450315178,2700
733666,Customer_733666,1528.55,34,19,0.2912524504296485,5.003124725775226,2701
58607,Customer_58607,1528.46,37,32,0.2912350165428215,5.002731204915673,2702
444287,Customer_444287,1528.23,30,29,0.29119046327648596,5.001725540496812,2703
313397,Customer_313397,1528.18,72,28,0.29118077778380436,5.001506917797059,2704
565877,Customer_565877,1528.17,52,36,0.291178840685268,5.001463193257109,2705
74852,Customer_74852,1528.14,70,5,0.29117302938965905,5.001332019637257,2706
968502,Customer_968502,1528.05,70,17,0.29115559550283204,5.000938498777702,2707
175515,Customer_175515,1527.62,48,29,0.2910723002657699,4.999058343559832,2708
726989,Customer_726989,1527.55,69,17,0.2910587405760156,4.9987522717801784,2709
320658,Customer_320658,1527.43,20,22,0.2910354953935797,4.998227577300773,2710
887120,Customer_887120,1527.36,48,27,0.2910219357038254,4.997921505521119,2711
224795,Customer_224795,1527.29,48,20,0.2910083760140711,4.997615433741467,2712
453236,Customer_453236,1527.09,50,10,0.2909696340433445,4.9967409429424565,2713
816723,Customer_816723,1527.02,56,8,0.2909560743535902,4.996434871162804,2714
561367,Customer_561367,1527.02,21,32,0.2909560743535902,4.996434871162804,2715
677523,Customer_677523,1526.84,34,38,0.2909212065799363,4.995647829443694,2716
118390,Customer_118390,1526.68,26,9,0.2908902130033551,4.994948236804487,2717
286944,Customer_286944,1526.67,74,14,0.29088827590481875,4.9949045122645375,2718
946066,Customer_946066,1526.58,49,38,0.2908708420179918,4.994510991404983,2719
768350,Customer_768350,1526.46,65,3,0.29084759683555583,4.993986296925578,2720
142701,Customer_142701,1526.4,69,34,0.2908359742443379,4.993723949685875,2721
890069,Customer_890069,1526.4,27,19,0.2908359742443379,4.993723949685875,2722
104815,Customer_104815,1526.4,72,12,0.2908359742443379,4.993723949685875,2723
282267,Customer_282267,1526.38,27,18,0.29083210004726523,4.993636500605974,2724
892219,Customer_892219,1526.27,38,6,0.2908107919633656,4.9931555306665185,2725
236898,Customer_236898,1526.26,53,5,0.29080885486482927,4.993111806126567,2726
697775,Customer_697775,1526.19,52,2,0.290795295175075,4.9928057343469145,2727
796201,Customer_796201,1526.13,44,2,0.290783672583857,4.9925433871072125,2728
859270,Customer_859270,1525.73,33,18,0.2907061886424039,4.990794405509193,2729
518306,Customer_518306,1525.65,26,20,0.2906906918541133,4.9904446091895895,2730
408731,Customer_408731,1525.62,45,13,0.2906848805585042,4.990313435569737,2731
618432,Customer_618432,1525.47,19,4,0.29065582408045937,4.98965756747048,2732
566343,Customer_566343,1525.33,58,24,0.29062870470095076,4.989045423911174,2733
507133,Customer_507133,1525.25,58,10,0.2906132079126601,4.98869562759157,2734
941789,Customer_941789,1525.24,19,19,0.2906112708141238,4.988651903051618,2735
68674,Customer_68674,1525.18,64,29,0.29059964822290585,4.988389555811916,2736
909083,Customer_909083,1525.1,24,26,0.2905841514346152,4.988039759492312,2737
640411,Customer_640411,1525.02,26,31,0.2905686546463246,4.987689963172709,2738
28393,Customer_28393,1524.95,20,36,0.2905550949565703,4.987383891393055,2739
585207,Customer_585207,1524.9,46,6,0.2905454094638886,4.987165268693303,2740
195444,Customer_195444,1524.81,72,7,0.29052797557706167,4.986771747833749,2741
939144,Customer_939144,1524.5,53,38,0.2904679255224355,4.985416287095284,2742
712808,Customer_712808,1524.49,27,36,0.29046598842389915,4.985372562555333,2743
725721,Customer_725721,1524.48,23,34,0.29046405132536285,4.985328838015383,2744
990478,Customer_990478,1524.43,27,33,0.2904543658326812,4.98511021531563,2745
664325,Customer_664325,1524.41,50,35,0.29045049163560854,4.985022766235729,2746
846545,Customer_846545,1524.11,30,18,0.29039237867951867,4.983711030037214,2747
754807,Customer_754807,1524.04,72,6,0.29037881898976436,4.983404958257562,2748
870489,Customer_870489,1523.68,70,3,0.2903090834424566,4.9818308748193445,2749
666578,Customer_666578,1523.59,72,27,0.2902916495556296,4.981437353959789,2750
968088,Customer_968088,1523.59,28,27,0.2902916495556296,4.981437353959789,2751
855069,Customer_855069,1523.55,67,19,0.2902839011614843,4.981262455799988,2752
660241,Customer_660241,1523.54,74,14,0.290281964062948,4.9812187312600384,2753
867608,Customer_867608,1523.51,29,2,0.290276152767339,4.981087557640186,2754
211780,Customer_211780,1523.43,71,37,0.2902606559790484,4.980737761320582,2755
976288,Customer_976288,1523.4,40,4,0.2902548446834394,4.980606587700732,2756
709014,Customer_709014,1523.37,73,13,0.29024903338783037,4.98047541408088,2757
187920,Customer_187920,1523.33,39,27,0.29024128499368507,4.980300515921078,2758
456833,Customer_456833,1523.32,35,33,0.2902393478951487,4.980256791381127,2759
888058,Customer_888058,1523.3,55,39,0.29023547369807606,4.980169342301226,2760
223130,Customer_223130,1523.22,20,37,0.29021997690978546,4.979819545981623,2761
679971,Customer_679971,1523.17,18,16,0.29021029141710386,4.979600923281871,2762
38749,Customer_38749,1523.16,69,33,0.2902083543185675,4.97955719874192,2763
114845,Customer_114845,1523.06,43,32,0.2901889833332042,4.9791199533424155,2764
966663,Customer_966663,1523.03,69,34,0.2901831720375952,4.978988779722563,2765
513433,Customer_513433,1522.91,23,28,0.2901599268551593,4.978464085243158,2766
478676,Customer_478676,1522.85,63,21,0.2901483042639413,4.978201738003455,2767
851099,Customer_851099,1522.84,54,37,0.290146367165405,4.978158013463504,2768
786796,Customer_786796,1522.78,28,16,0.29013474457418703,4.977895666223801,2769
385160,Customer_385160,1522.76,71,13,0.2901308703771144,4.977808217143901,2770
657518,Customer_657518,1522.64,20,37,0.2901076251946784,4.977283522664495,2771
152775,Customer_152775,1522.5,36,13,0.2900805058151698,4.976671379105189,2772
84130,Customer_84130,1522.48,72,8,0.29007663161809716,4.976583930025288,2773
312056,Customer_312056,1522.28,34,4,0.2900378896473706,4.975709439226277,2774
821863,Customer_821863,1522.26,43,38,0.29003401545029794,4.975621990146377,2775
203481,Customer_203481,1522.23,27,13,0.29002820415468894,4.975490816526526,2776
186135,Customer_186135,1522.15,59,12,0.29001270736639834,4.975141020206922,2777
176457,Customer_176457,1522.06,48,27,0.2899952734795714,4.974747499347368,2778
694917,Customer_694917,1522.05,51,21,0.289993336381035,4.974703774807416,2779
285090,Customer_285090,1522.0,40,5,0.28998365088835343,4.974485152107665,2780
35350,Customer_35350,1521.99,45,8,0.2899817137898171,4.974441427567713,2781
681659,Customer_681659,1521.96,30,35,0.2899759024942081,4.974310253947864,2782
986196,Customer_986196,1521.77,47,2,0.28993909762201786,4.973479487688804,2783
936395,Customer_936395,1521.72,65,38,0.2899294121293362,4.973260864989051,2784
487818,Customer_487818,1521.7,72,3,0.28992553793226356,4.97317341590915,2785
401983,Customer_401983,1521.64,20,21,0.2899139153410456,4.972911068669448,2786
91339,Customer_91339,1521.6,25,19,0.28990616694690025,4.972736170509646,2787
273378,Customer_273378,1521.22,33,13,0.2898325572025198,4.971074637991527,2788
541886,Customer_541886,1521.18,32,3,0.28982480880837447,4.970899739831725,2789
280307,Customer_280307,1521.01,39,39,0.2897918781332569,4.9701564226525665,2790
580063,Customer_580063,1520.88,65,32,0.28976669585228465,4.969588003633212,2791
21502,Customer_21502,1520.61,41,6,0.2897143941918037,4.968407441054548,2792
111057,Customer_111057,1520.51,50,6,0.28969502320644047,4.967970195655043,2793
334434,Customer_334434,1520.42,32,26,0.2896775893196135,4.96757667479549,2794
811548,Customer_811548,1519.98,36,38,0.2895923569840151,4.965652795037669,2795
200816,Customer_200816,1519.82,29,33,0.2895613634074338,4.96495320239846,2796
513287,Customer_513287,1519.73,65,27,0.28954392952060687,4.964559681538907,2797
515845,Customer_515845,1519.37,57,32,0.28947419397329904,4.96298559810069,2798
247688,Customer_247688,1519.32,39,7,0.2894645084806174,4.962766975400936,2799
781421,Customer_781421,1519.31,72,33,0.2894625713820811,4.962723250860987,2800
847579,Customer_847579,1519.16,30,13,0.2894335149040362,4.962067382761729,2801
869798,Customer_869798,1518.92,41,30,0.2893870245391643,4.961017993802918,2802
682681,Customer_682681,1518.82,46,23,0.289367653553801,4.960580748403412,2803
760329,Customer_760329,1518.69,31,8,0.28934247127282875,4.960012329384058,2804
577203,Customer_577203,1518.66,20,30,0.28933665997721975,4.959881155764205,2805
61707,Customer_61707,1518.64,23,10,0.2893327857801471,4.959793706684304,2806
365127,Customer_365127,1518.38,36,13,0.2892824212182026,4.958656868645593,2807
578891,Customer_578891,1518.02,38,34,0.2892126856708947,4.957082785207375,2808
166999,Customer_166999,1518.0,24,13,0.28920881147382205,4.956995336127474,2809
883311,Customer_883311,1517.99,31,29,0.28920687437528575,4.956951611587523,2810
144219,Customer_144219,1517.91,71,22,0.28919137758699515,4.95660181526792,2811
324519,Customer_324519,1517.81,59,20,0.28917200660163184,4.956164569868415,2812
100427,Customer_100427,1517.8,36,15,0.2891700695030955,4.9561208453284635,2813
374343,Customer_374343,1517.67,42,14,0.2891448872221232,4.955552426309109,2814
178010,Customer_178010,1517.5,52,7,0.28911195654700567,4.95480910912995,2815
301795,Customer_301795,1517.38,18,3,0.2890887113645697,4.954284414650545,2816
83136,Customer_83136,1517.36,57,1,0.28908483716749706,4.954196965570643,2817
901845,Customer_901845,1517.18,23,6,0.28904996939384314,4.953409923851535,2818
380014,Customer_380014,1517.16,46,19,0.2890460951967705,4.953322474771634,2819
65908,Customer_65908,1517.09,38,33,0.2890325355070162,4.95301640299198,2820
830342,Customer_830342,1517.06,20,31,0.2890267242114072,4.9528852293721295,2821
272381,Customer_272381,1516.99,27,13,0.28901316452165293,4.952579157592475,2822
294722,Customer_294722,1516.81,41,24,0.28897829674799896,4.951792115873367,2823
930944,Customer_930944,1516.7,62,1,0.2889569886640994,4.951311145933912,2824
54151,Customer_54151,1516.7,21,29,0.2889569886640994,4.951311145933912,2825
444370,Customer_444370,1516.52,66,29,0.28892212089044544,4.950524104214804,2826
184287,Customer_184287,1516.44,38,12,0.28890662410215484,4.9501743078952005,2827
832677,Customer_832677,1516.34,34,22,0.28888725311679153,4.949737062495694,2828
935831,Customer_935831,1516.33,42,8,0.28888531601825523,4.949693337955744,2829
26478,Customer_26478,1516.26,40,33,0.28887175632850093,4.949387266176091,2830
789393,Customer_789393,1516.15,65,38,0.2888504482446013,4.948906296236637,2831
259919,Customer_259919,1516.05,33,21,0.288831077259238,4.94846905083713,2832
451715,Customer_451715,1516.04,71,35,0.2888291401607017,4.948425326297181,2833
321035,Customer_321035,1515.98,59,22,0.28881751756948376,4.948162979057479,2834
64324,Customer_64324,1515.63,42,12,0.2887497191207123,4.946632620159212,2835
279856,Customer_279856,1515.58,51,11,0.2887400336280306,4.946413997459459,2836
428015,Customer_428015,1515.38,27,34,0.28870129165730407,4.94553950666045,2837
991904,Customer_991904,1515.33,71,17,0.28869160616462236,4.945320883960697,2838
944591,Customer_944591,1515.31,46,35,0.2886877319675497,4.945233434880796,2839
397030,Customer_397030,1515.3,63,2,0.2886857948690134,4.945189710340845,2840
106766,Customer_106766,1515.2,44,24,0.28866642388365016,4.94475246494134,2841
884322,Customer_884322,1515.06,62,36,0.28863930450414155,4.944140321382034,2842
701380,Customer_701380,1515.01,64,8,0.2886296190114599,4.943921698682281,2843
410447,Customer_410447,1514.86,59,23,0.28860056253341493,4.943265830583023,2844
477175,Customer_477175,1514.85,59,22,0.28859862543487863,4.943222106043074,2845
956108,Customer_956108,1514.8,30,35,0.288588939942197,4.943003483343321,2846
94679,Customer_94679,1514.7,53,23,0.2885695689568337,4.942566237943817,2847
888388,Customer_888388,1514.68,67,9,0.28856569475976107,4.942478788863916,2848
825940,Customer_825940,1514.44,45,24,0.2885192043948892,4.941429399905105,2849
568682,Customer_568682,1514.42,35,35,0.28851533019781656,4.941341950825204,2850
369152,Customer_369152,1514.28,48,27,0.28848821081830794,4.940729807265896,2851
864019,Customer_864019,1514.27,65,17,0.2884862737197716,4.9406860827259464,2852
554504,Customer_554504,1513.77,73,38,0.28838941879295515,4.9384998557284225,2853
172720,Customer_172720,1513.6,62,12,0.2883564881178376,4.937756538549264,2854
339150,Customer_339150,1513.51,30,1,0.28833905423101064,4.93736301768971,2855
493174,Customer_493174,1513.47,45,27,0.28833130583686534,4.937188119529908,2856
59168,Customer_59168,1513.47,42,28,0.28833130583686534,4.937188119529908,2857
2337,Customer_2337,1513.36,42,24,0.2883099977529657,4.936707149590452,2858
128139,Customer_128139,1513.13,22,38,0.28826544448663016,4.935701485171593,2859
235241,Customer_235241,1512.89,39,35,0.2882189541217583,4.934652096212781,2860
602818,Customer_602818,1512.69,28,27,0.28818021215103173,4.933777605413772,2861
11480,Customer_11480,1512.56,72,29,0.2881550298700594,4.933209186394415,2862
111218,Customer_111218,1512.47,63,15,0.2881375959832325,4.93281566553486,2863
227504,Customer_227504,1512.33,64,3,0.2881104766037239,4.932203521975554,2864
906279,Customer_906279,1512.32,37,38,0.28810853950518756,4.932159797435602,2865
935710,Customer_935710,1512.21,28,35,0.28808723142128795,4.931678827496149,2866
867218,Customer_867218,1512.16,37,8,0.28807754592860635,4.931460204796395,2867
77900,Customer_77900,1511.86,74,18,0.2880194329725164,4.9301484685978805,2868
472051,Customer_472051,1511.85,39,39,0.2880174958739801,4.930104744057931,2869
586727,Customer_586727,1511.74,48,29,0.2879961877900805,4.929623774118475,2870
100042,Customer_100042,1511.49,35,17,0.2879477603266723,4.928530660619713,2871
700783,Customer_700783,1511.35,32,10,0.2879206409471637,4.927918517060407,2872
19637,Customer_19637,1511.19,50,20,0.2878896473705825,4.9272189244212,2873
862369,Customer_862369,1511.14,51,31,0.2878799618779008,4.927000301721447,2874
285367,Customer_285367,1511.13,67,37,0.2878780247793645,4.926956577181498,2875
675615,Customer_675615,1511.09,72,19,0.28787027638521917,4.926781679021694,2876
584213,Customer_584213,1511.07,45,21,0.2878664021881465,4.926694229941793,2877
561181,Customer_561181,1511.04,24,38,0.2878605908925375,4.9265630563219425,2878
311598,Customer_311598,1510.96,63,8,0.2878450941042469,4.926213260002339,2879
570062,Customer_570062,1510.81,57,26,0.287816037626202,4.925557391903082,2880
634769,Customer_634769,1510.78,54,13,0.287810226330593,4.92542621828323,2881
667800,Customer_667800,1510.75,74,35,0.287804415034984,4.925295044663379,2882
291349,Customer_291349,1510.59,65,15,0.28777342145840273,4.92459545202417,2883
995182,Customer_995182,1510.57,22,9,0.2877695472613301,4.924508002944269,2884
28472,Customer_28472,1510.56,39,8,0.2877676101627938,4.9244642784043196,2885
585620,Customer_585620,1510.51,55,26,0.28775792467011213,4.924245655704566,2886
277903,Customer_277903,1510.47,59,10,0.28775017627596683,4.924070757544765,2887
522886,Customer_522886,1510.44,67,33,0.2877443649803578,4.9239395839249145,2888
200567,Customer_200567,1509.74,19,25,0.2876087680828149,4.92087886612838,2889
802927,Customer_802927,1509.7,22,23,0.2876010196886695,4.920703967968579,2890
301657,Customer_301657,1509.69,18,9,0.2875990825901332,4.920660243428629,2891
698521,Customer_698521,1509.5,55,36,0.28756227771794296,4.91982947716957,2892
288497,Customer_288497,1509.4,61,19,0.2875429067325797,4.919392231770066,2893
173279,Customer_173279,1509.24,60,29,0.28751191315599844,4.918692639130856,2894
639760,Customer_639760,1509.1,36,7,0.28748479377648983,4.91808049557155,2895
647080,Customer_647080,1508.76,41,1,0.28741893242625466,4.916593861213233,2896
306718,Customer_306718,1508.45,74,3,0.2873588823716285,4.9152384004747685,2897
97389,Customer_97389,1508.33,41,29,0.2873356371891925,4.914713705995363,2898
137696,Customer_137696,1508.28,56,31,0.28732595169651093,4.91449508329561,2899
644551,Customer_644551,1508.28,61,31,0.28732595169651093,4.91449508329561,2900
153131,Customer_153131,1508.28,19,38,0.28732595169651093,4.91449508329561,2901
646554,Customer_646554,1508.25,68,25,0.2873201404009019,4.91436390967576,2902
437876,Customer_437876,1508.2,71,35,0.2873104549082203,4.914145286976007,2903
491002,Customer_491002,1508.16,52,6,0.28730270651407497,4.913970388816205,2904
178714,Customer_178714,1508.12,38,17,0.28729495811992967,4.913795490656403,2905
24133,Customer_24133,1508.03,36,35,0.2872775242331027,4.9134019697968485,2906
384549,Customer_384549,1507.93,33,38,0.28725815324773946,4.9129647243973436,2907
877563,Customer_877563,1507.61,29,24,0.2871961660945769,4.911565539118928,2908
717411,Customer_717411,1507.52,72,33,0.28717873220775,4.911172018259375,2909
209500,Customer_209500,1507.48,70,25,0.2871709838136047,4.910997120099573,2910
522181,Customer_522181,1507.48,39,29,0.2871709838136047,4.910997120099573,2911
74689,Customer_74689,1507.48,71,26,0.2871709838136047,4.910997120099573,2912
674977,Customer_674977,1507.45,71,22,0.28716517251799567,4.910865946479721,2913
617227,Customer_617227,1507.29,67,26,0.2871341789414144,4.9101663538405145,2914
127480,Customer_127480,1507.22,25,38,0.2871206192516601,4.90986028206086,2915
213161,Customer_213161,1507.2,23,38,0.28711674505458745,4.909772832980959,2916
600948,Customer_600948,1507.1,47,32,0.28709737406922414,4.909335587581455,2917
868585,Customer_868585,1507.04,37,6,0.2870857514780062,4.909073240341752,2918
587614,Customer_587614,1507.01,25,31,0.28707994018239724,4.9089420667219,2919
934063,Customer_934063,1506.98,61,25,0.28707412888678824,4.908810893102049,2920
397465,Customer_397465,1506.97,72,10,0.2870721917882519,4.908767168562098,2921
320710,Customer_320710,1506.97,18,21,0.2870721917882519,4.908767168562098,2922
555761,Customer_555761,1506.86,63,4,0.2870508837043523,4.908286198622642,2923
255557,Customer_255557,1506.82,74,16,0.287043135310207,4.90811130046284,2924
114921,Customer_114921,1506.79,59,33,0.28703732401459797,4.907980126842991,2925
574983,Customer_574983,1506.78,28,21,0.2870353869160617,4.907936402303039,2926
314559,Customer_314559,1506.49,35,35,0.28697921105850815,4.906668390644475,2927
685381,Customer_685381,1506.38,34,12,0.28695790297460855,4.906187420705021,2928
491052,Customer_491052,1506.31,39,30,0.28694434328485424,4.905881348925368,2929
798810,Customer_798810,1506.14,55,24,0.2869114126097367,4.905138031746209,2930
495662,Customer_495662,1506.04,39,36,0.2868920416243734,4.904700786346704,2931
910354,Customer_910354,1505.91,33,21,0.2868668593434011,4.904132367327348,2932
817406,Customer_817406,1505.85,31,32,0.2868552367521831,4.903870020087645,2933
454554,Customer_454554,1505.82,65,36,0.28684942545657416,4.903738846467793,2934
597836,Customer_597836,1505.77,58,32,0.2868397399638925,4.903520223768042,2935
739115,Customer_739115,1505.67,55,18,0.28682036897852925,4.903082978368538,2936
227846,Customer_227846,1505.65,38,11,0.2868164947814566,4.902995529288637,2937
917932,Customer_917932,1505.49,38,18,0.28678550120487534,4.902295936649428,2938
392879,Customer_392879,1505.4,26,23,0.2867680673180484,4.901902415789874,2939
951835,Customer_951835,1505.33,62,8,0.286754507628294,4.901596344010221,2940
82057,Customer_82057,1505.21,21,21,0.2867312624458581,4.901071649530815,2941
763183,Customer_763183,1505.07,20,8,0.2867041430663495,4.900459505971507,2942
563658,Customer_563658,1505.01,38,33,0.28669252047513155,4.900197158731805,2943
608691,Customer_608691,1504.93,50,37,0.28667702368684095,4.899847362412201,2944
182208,Customer_182208,1504.81,47,31,0.286653778504405,4.899322667932796,2945
145378,Customer_145378,1504.72,27,9,0.28663634461757803,4.898929147073241,2946
235177,Customer_235177,1504.54,44,16,0.2866014768439241,4.898142105354133,2947
202176,Customer_202176,1504.52,33,12,0.28659760264685147,4.898054656274232,2948
600753,Customer_600753,1504.52,40,18,0.28659760264685147,4.898054656274232,2949
627201,Customer_627201,1504.52,55,9,0.28659760264685147,4.898054656274232,2950
259405,Customer_259405,1504.5,36,22,0.2865937284497788,4.897967207194331,2951
344829,Customer_344829,1504.44,42,17,0.28658210585856086,4.8977048599546285,2952
524023,Customer_524023,1504.38,32,1,0.28657048326734286,4.897442512714926,2953
651045,Customer_651045,1504.31,26,17,0.28655692357758855,4.897136440935272,2954
667622,Customer_667622,1504.13,70,16,0.2865220558039347,4.896349399216164,2955
406580,Customer_406580,1504.08,74,26,0.286512370311253,4.896130776516411,2956
150643,Customer_150643,1504.08,36,18,0.286512370311253,4.896130776516411,2957
567869,Customer_567869,1504.04,44,18,0.2865046219171077,4.8959558783566095,2958
112621,Customer_112621,1503.99,39,14,0.2864949364244261,4.895737255656856,2959
59939,Customer_59939,1503.87,41,27,0.28647169124199007,4.895212561177451,2960
805921,Customer_805921,1503.86,68,10,0.28646975414345377,4.8951688366375,2961
425465,Customer_425465,1503.74,24,27,0.28644650896101786,4.894644142158094,2962
557992,Customer_557992,1503.67,59,13,0.28643294927126356,4.894338070378442,2963
208876,Customer_208876,1503.64,20,18,0.28642713797565456,4.89420689675859,2964
352123,Customer_352123,1503.6,28,21,0.28641938958150925,4.894031998598788,2965
29489,Customer_29489,1503.59,31,33,0.2864174524829729,4.893988274058836,2966
848630,Customer_848630,1503.35,66,22,0.28637096211810104,4.892938885100026,2967
241764,Customer_241764,1503.26,70,36,0.2863535282312741,4.892545364240471,2968
454915,Customer_454915,1503.24,53,21,0.28634965403420143,4.892457915160571,2969
786708,Customer_786708,1503.23,20,6,0.28634771693566513,4.892414190620621,2970
127289,Customer_127289,1503.14,73,36,0.2863302830488382,4.892020669761066,2971
98746,Customer_98746,1502.92,33,28,0.28628766688103896,4.891058729882157,2972
35128,Customer_35128,1502.78,66,31,0.2862605475015303,4.890446586322848,2973
962570,Customer_962570,1502.52,68,14,0.2862101829395858,4.889309748284137,2974
789091,Customer_789091,1502.49,51,29,0.28620437164397683,4.889178574664284,2975
824501,Customer_824501,1502.02,32,35,0.28611332801276934,4.887123521286613,2976
241033,Customer_241033,1502.01,59,11,0.28611139091423304,4.8870797967466615,2977
8273,Customer_8273,1501.87,34,24,0.28608427153472443,4.886467653187355,2978
492788,Customer_492788,1501.82,49,23,0.2860745860420428,4.886249030487602,2979
139207,Customer_139207,1501.7,31,15,0.2860513408596069,4.885724336008197,2980
710901,Customer_710901,1501.63,36,18,0.28603778116985257,4.885418264228545,2981
21564,Customer_21564,1501.42,37,34,0.2859971021005897,4.884500048889585,2982
105774,Customer_105774,1501.29,68,38,0.2859719198196174,4.883931629870228,2983
254417,Customer_254417,1501.16,62,33,0.28594673753864513,4.883363210850871,2984
133349,Customer_133349,1501.09,47,13,0.28593317784889083,4.883057139071218,2985
699364,Customer_699364,1501.02,62,27,0.2859196181591365,4.882751067291565,2986
963235,Customer_963235,1501.01,38,9,0.2859176810606002,4.882707342751614,2987
760846,Customer_760846,1500.95,56,18,0.2859060584693823,4.882444995511912,2988
506132,Customer_506132,1500.95,34,11,0.2859060584693823,4.882444995511912,2989
598501,Customer_598501,1500.93,58,6,0.28590218427230957,4.882357546432011,2990
600456,Customer_600456,1500.64,73,1,0.2858460084147561,4.881089534773447,2991
370473,Customer_370473,1500.57,60,31,0.28583244872500174,4.880783462993793,2992
359437,Customer_359437,1500.52,57,38,0.28582276323232014,4.880564840294042,2993
797522,Customer_797522,1500.51,34,34,0.2858208261337838,4.88052111575409,2994
337455,Customer_337455,1500.47,62,36,0.2858130777396385,4.880346217594289,2995
61714,Customer_61714,1500.45,74,29,0.28580920354256584,4.880258768514388,2996
911048,Customer_911048,1500.44,36,14,0.2858072664440295,4.880215043974438,2997
644338,Customer_644338,1500.43,57,27,0.2858053293454932,4.880171319434487,2998
737858,Customer_737858,1500.33,71,30,0.2857859583601299,4.879734074034983,2999
752452,Customer_752452,1500.3,34,19,0.2857801470645209,4.87960290041513,3000
896027,Customer_896027,1499.9,28,25,0.2857026631230678,4.877853918817112,3001
172488,Customer_172488,1499.89,71,3,0.28570072602453145,4.877810194277161,3002
430621,Customer_430621,1499.81,20,14,0.2856852292362408,4.877460397957558,3003
869282,Customer_869282,1499.81,32,15,0.2856852292362408,4.877460397957558,3004
617646,Customer_617646,1499.8,51,16,0.2856832921377045,4.877416673417606,3005
673940,Customer_673940,1499.78,57,24,0.28567941794063184,4.877329224337705,3006
776274,Customer_776274,1499.42,66,38,0.285609682393324,4.875755140899489,3007
900313,Customer_900313,1499.32,45,16,0.2855903114079607,4.875317895499983,3008
363631,Customer_363631,1499.28,31,24,0.2855825630138154,4.875142997340181,3009
87808,Customer_87808,1499.25,26,24,0.2855767517182064,4.875011823720331,3010
264991,Customer_264991,1499.21,60,5,0.2855690033240611,4.87483692556053,3011
186365,Customer_186365,1498.9,38,6,0.28550895326943493,4.873481464822065,3012
264237,Customer_264237,1498.81,72,18,0.28549151938260797,4.87308794396251,3013
195913,Customer_195913,1498.67,58,22,0.2854644000030994,4.872475800403204,3014
821286,Customer_821286,1498.41,61,3,0.28541403544115485,4.871338962364491,3015
440635,Customer_440635,1498.36,69,4,0.2854043499484732,4.871120339664738,3016
973587,Customer_973587,1498.06,43,36,0.2853462369923833,4.8698086034662245,3017
406831,Customer_406831,1497.73,40,31,0.2852823127406845,4.868365693647859,3018
622825,Customer_622825,1497.72,29,3,0.2852803756421482,4.868321969107908,3019
385342,Customer_385342,1497.72,53,23,0.2852803756421482,4.868321969107908,3020
142131,Customer_142131,1497.71,41,6,0.28527843854361185,4.868278244567958,3021
442122,Customer_442122,1497.7,63,15,0.28527650144507555,4.868234520028007,3022
271695,Customer_271695,1497.67,67,35,0.28527069014946654,4.868103346408156,3023
273521,Customer_273521,1497.65,24,25,0.2852668159523939,4.868015897328255,3024
669702,Customer_669702,1497.63,42,21,0.28526294175532124,4.867928448248354,3025
409210,Customer_409210,1497.63,56,18,0.28526294175532124,4.867928448248354,3026
26869,Customer_26869,1497.59,74,13,0.2852551933611759,4.867753550088551,3027
927724,Customer_927724,1497.57,73,23,0.28525131916410323,4.86766610100865,3028
605858,Customer_605858,1497.45,59,29,0.28522807398166733,4.867141406529244,3029
442180,Customer_442180,1497.32,72,8,0.285202891700695,4.866572987509888,3030
342232,Customer_342232,1497.22,54,25,0.28518352071533176,4.866135742110384,3031
140644,Customer_140644,1497.18,63,30,0.28517577232118646,4.865960843950582,3032
533947,Customer_533947,1497.17,26,1,0.28517383522265016,4.865917119410632,3033
627467,Customer_627467,1496.97,62,18,0.28513509325192354,4.865042628611621,3034
948870,Customer_948870,1496.91,45,20,0.2851234706607056,4.864780281371919,3035
386400,Customer_386400,1496.72,33,13,0.2850866657885154,4.86394951511286,3036
607957,Customer_607957,1496.67,70,6,0.2850769802958337,4.863730892413108,3037
147021,Customer_147021,1496.62,53,38,0.285067294803152,4.863512269713356,3038
57980,Customer_57980,1496.51,64,29,0.28504598671925246,4.863031299773899,3039
433163,Customer_433163,1496.51,53,1,0.28504598671925246,4.863031299773899,3040
688073,Customer_688073,1496.48,47,25,0.28504017542364346,4.86290012615405,3041
369692,Customer_369692,1496.26,25,11,0.28499755925584425,4.861938186275138,3042
521761,Customer_521761,1496.25,33,28,0.2849956221573079,4.861894461735188,3043
981868,Customer_981868,1496.04,34,26,0.28495494308804503,4.860976246396228,3044
693140,Customer_693140,1496.03,47,8,0.2849530059895087,4.8609325218562764,3045
16231,Customer_16231,1495.93,42,19,0.2849336350041454,4.860495276456772,3046
179725,Customer_179725,1495.92,59,27,0.28493169790560907,4.860451551916823,3047
471379,Customer_471379,1495.89,44,22,0.2849258866100001,4.86032037829697,3048
491237,Customer_491237,1495.85,47,6,0.28491813821585477,4.860145480137168,3049
526343,Customer_526343,1495.82,51,5,0.28491232692024576,4.860014306517316,3050
104849,Customer_104849,1495.58,50,30,0.2848658365553739,4.858964917558506,3051
457966,Customer_457966,1495.53,37,19,0.28485615106269224,4.8587462948587525,3052
195688,Customer_195688,1495.48,66,14,0.28484646557001064,4.858527672159002,3053
631481,Customer_631481,1495.48,46,28,0.28484646557001064,4.858527672159002,3054
542616,Customer_542616,1495.44,55,34,0.28483871717586534,4.8583527739992,3055
866558,Customer_866558,1495.38,39,10,0.2848270945846474,4.858090426759497,3056
945912,Customer_945912,1495.38,69,21,0.2848270945846474,4.858090426759497,3057
317278,Customer_317278,1495.37,56,27,0.284825157486111,4.8580467022195455,3058
236496,Customer_236496,1495.28,37,8,0.2848077235992841,4.857653181359991,3059
589926,Customer_589926,1495.27,50,13,0.2848057865007477,4.857609456820041,3060
415651,Customer_415651,1495.24,69,39,0.2847999752051388,4.857478283200189,3061
590249,Customer_590249,1495.13,74,33,0.28477866712123917,4.856997313260735,3062
628776,Customer_628776,1495.12,26,5,0.2847767300227028,4.856953588720784,3063
285897,Customer_285897,1494.89,35,6,0.2847321767563673,4.855947924301923,3064
951505,Customer_951505,1494.87,53,23,0.2847283025592946,4.855860475222022,3065
357003,Customer_357003,1494.79,21,25,0.284712805771004,4.8555106789024185,3066
477275,Customer_477275,1494.79,23,39,0.284712805771004,4.8555106789024185,3067
770926,Customer_770926,1494.77,59,17,0.2847089315739313,4.8554232298225175,3068
742859,Customer_742859,1494.69,21,27,0.2846934347856407,4.855073433502914,3069
407339,Customer_407339,1494.69,22,23,0.2846934347856407,4.855073433502914,3070
171252,Customer_171252,1494.65,54,26,0.2846856863914954,4.854898535343112,3071
160844,Customer_160844,1494.61,44,11,0.28467793799735003,4.854723637183309,3072
243470,Customer_243470,1494.51,55,11,0.2846585670119868,4.854286391783805,3073
850250,Customer_850250,1494.44,65,19,0.28464500732223247,4.853980320004152,3074
344497,Customer_344497,1494.39,24,25,0.28463532182955087,4.853761697304399,3075
334575,Customer_334575,1494.08,55,36,0.28457527177492464,4.852406236565934,3076
283311,Customer_283311,1494.07,65,11,0.28457333467638835,4.852362512025983,3077
190599,Customer_190599,1493.84,34,37,0.2845287814100528,4.851356847607122,3078
176553,Customer_176553,1493.7,18,16,0.2845016620305442,4.850744704047816,3079
417975,Customer_417975,1493.58,64,26,0.2844784168481082,4.85022000956841,3080
36459,Customer_36459,1493.28,46,8,0.2844203038920184,4.848908273369895,3081
390469,Customer_390469,1493.22,74,10,0.28440868130080044,4.848645926130193,3082
346302,Customer_346302,1493.2,34,16,0.2844048071037278,4.848558477050292,3083
34732,Customer_34732,1493.14,32,19,0.28439318451250983,4.848296129810589,3084
168706,Customer_168706,1493.11,45,18,0.2843873732169008,4.848164956190737,3085
304245,Customer_304245,1493.01,35,9,0.2843680022315375,4.847727710791233,3086
224756,Customer_224756,1492.87,42,3,0.2843408828520289,4.847115567231927,3087
450656,Customer_450656,1492.51,56,21,0.28427114730472114,4.845541483793709,3088
548721,Customer_548721,1492.39,73,34,0.2842479021222852,4.845016789314304,3089
96205,Customer_96205,1492.35,20,25,0.2842401537281398,4.844841891154502,3090
953831,Customer_953831,1492.35,45,2,0.2842401537281398,4.844841891154502,3091
997939,Customer_997939,1492.18,30,13,0.2842072230530223,4.8440985739753435,3092
903204,Customer_903204,1492.16,43,18,0.2842033488559496,4.8440111248954425,3093
396987,Customer_396987,1492.04,61,33,0.28418010367351365,4.843486430416037,3094
827983,Customer_827983,1492.02,64,33,0.284176229476441,4.843398981336136,3095
49795,Customer_49795,1491.84,40,18,0.2841413617027871,4.842611939617027,3096
968885,Customer_968885,1491.76,56,25,0.2841258649144965,4.8422621432974235,3097
365754,Customer_365754,1491.74,42,28,0.28412199071742383,4.842174694217523,3098
837033,Customer_837033,1491.67,39,10,0.28410843102766953,4.84186862243787,3099
746492,Customer_746492,1491.49,63,16,0.2840735632540156,4.84108158071876,3100
100570,Customer_100570,1491.44,38,26,0.284063877761334,4.8408629580190095,3101
941163,Customer_941163,1491.42,38,12,0.28406000356426137,4.8407755089391085,3102
974410,Customer_974410,1491.39,28,17,0.28405419226865236,4.840644335319256,3103
706033,Customer_706033,1491.19,69,13,0.2840154502979258,4.839769844520247,3104
974758,Customer_974758,1491.16,63,33,0.2840096390023168,4.839638670900395,3105
829929,Customer_829929,1491.14,49,3,0.28400576480524414,4.839551221820495,3106
879124,Customer_879124,1491.08,54,17,0.28399414221402614,4.839288874580792,3107
862740,Customer_862740,1491.07,40,7,0.28399220511548984,4.83924515004084,3108
306668,Customer_306668,1490.97,45,5,0.28397283413012653,4.838807904641336,3109
966266,Customer_966266,1490.89,23,12,0.2839573373418359,4.838458108321732,3110
863773,Customer_863773,1490.79,69,8,0.2839379663564726,4.838020862922228,3111
403267,Customer_403267,1490.76,55,26,0.28393215506086367,4.837889689302376,3112
967515,Customer_967515,1490.75,67,30,0.2839302179623273,4.837845964762426,3113
786874,Customer_786874,1490.6,73,14,0.2839011614842824,4.837190096663169,3114
283712,Customer_283712,1490.43,29,19,0.28386823080916485,4.83644677948401,3115
246134,Customer_246134,1490.38,31,9,0.2838585453164832,4.836228156784259,3116
3848,Customer_3848,1490.29,18,8,0.28384111142965623,4.835834635924704,3117
358158,Customer_358158,1490.21,57,29,0.2838256146413656,4.8354848396051,3118
374220,Customer_374220,1490.21,41,5,0.2838256146413656,4.8354848396051,3119
451430,Customer_451430,1490.17,51,20,0.2838178662472203,4.835309941445299,3120
691523,Customer_691523,1490.15,48,5,0.2838139920501476,4.835222492365398,3121
824717,Customer_824717,1490.07,64,19,0.28379849526185696,4.834872696045792,3122
609856,Customer_609856,1490.01,23,36,0.283786872670639,4.83461034880609,3123
247878,Customer_247878,1489.95,47,19,0.28377525007942106,4.834348001566387,3124
847333,Customer_847333,1489.84,49,3,0.28375394199552145,4.833867031626932,3125
89025,Customer_89025,1489.77,74,21,0.28374038230576715,4.833560959847279,3126
729369,Customer_729369,1489.73,62,35,0.28373263391162185,4.833386061687477,3127
152000,Customer_152000,1489.61,22,35,0.2837093887291859,4.8328613672080705,3128
418489,Customer_418489,1489.61,22,29,0.2837093887291859,4.8328613672080705,3129
990326,Customer_990326,1489.5,45,10,0.2836880806452863,4.832380397268617,3130
395035,Customer_395035,1489.46,33,18,0.283680332251141,4.832205499108815,3131
806557,Customer_806557,1489.43,44,7,0.283674520955532,4.832074325488962,3132
153311,Customer_153311,1489.37,66,22,0.283662898364314,4.83181197824926,3133
639173,Customer_639173,1489.36,50,10,0.28366096126577767,4.831768253709309,3134
799826,Customer_799826,1489.12,46,12,0.2836144709009058,4.830718864750498,3135
902147,Customer_902147,1489.07,43,5,0.28360478540822415,4.830500242050745,3136
894296,Customer_894296,1489.02,65,34,0.2835950999155425,4.830281619350994,3137
118899,Customer_118899,1489.02,47,12,0.2835950999155425,4.830281619350994,3138
432858,Customer_432858,1488.89,28,19,0.2835699176345703,4.829713200331637,3139
971318,Customer_971318,1488.85,72,27,0.28356216924042493,4.829538302171835,3140
487335,Customer_487335,1488.8,74,28,0.2835524837477433,4.829319679472082,3141
613082,Customer_613082,1488.8,19,4,0.2835524837477433,4.829319679472082,3142
334909,Customer_334909,1488.79,72,14,0.283550546649207,4.8292759549321325,3143
831017,Customer_831017,1488.58,40,34,0.28350986757994406,4.828357739593172,3144
172915,Customer_172915,1488.42,28,14,0.28347887400336286,4.827658146953966,3145
948223,Customer_948223,1488.41,58,2,0.2834769369048265,4.8276144224140145,3146
344863,Customer_344863,1488.27,18,27,0.2834498175253179,4.827002278854708,3147
641687,Customer_641687,1488.24,28,19,0.2834440062297089,4.826871105234856,3148
569308,Customer_569308,1488.19,60,31,0.2834343207370273,4.8266524825351045,3149
443949,Customer_443949,1488.13,56,9,0.28342269814580934,4.8263901352954015,3150
769939,Customer_769939,1488.04,32,28,0.2834052642589823,4.825996614435847,3151
807212,Customer_807212,1487.84,36,25,0.28336652228825576,4.825122123636836,3152
77897,Customer_77897,1487.78,34,17,0.2833548996970378,4.824859776397133,3153
515096,Customer_515096,1487.77,41,4,0.28335296259850146,4.8248160518571845,3154
25730,Customer_25730,1487.68,59,14,0.28333552871167456,4.824422530997629,3155
530981,Customer_530981,1487.59,28,29,0.28331809482484754,4.824029010138075,3156
32190,Customer_32190,1487.31,46,21,0.2832638560658304,4.822804723019462,3157
814443,Customer_814443,1487.17,27,9,0.28323673668632177,4.822192579460156,3158
625259,Customer_625259,1487.09,38,20,0.2832212398980311,4.821842783140551,3159
215847,Customer_215847,1487.03,27,23,0.28320961730681316,4.821580435900848,3160
182483,Customer_182483,1486.92,55,15,0.2831883092229136,4.821099465961394,3161
985614,Customer_985614,1486.66,44,12,0.28313794466096903,4.81996262792268,3162
541662,Customer_541662,1486.45,47,6,0.28309726559170617,4.819044412583721,3163
864494,Customer_864494,1486.34,59,36,0.2830759575078065,4.8185634426442645,3164
284244,Customer_284244,1486.17,51,17,0.28304302683268895,4.817820125465109,3165
41420,Customer_41420,1486.15,20,6,0.2830391526356163,4.817732676385208,3166
249963,Customer_249963,1486.1,73,25,0.28302946714293464,4.817514053685454,3167
784902,Customer_784902,1486.08,30,17,0.283025592945862,4.817426604605553,3168
975987,Customer_975987,1486.07,18,32,0.28302365584732564,4.817382880065602,3169
360288,Customer_360288,1485.7,50,27,0.2829519832014815,4.8157650720874345,3170
485893,Customer_485893,1485.56,65,29,0.2829248638219729,4.8151529285281285,3171
119725,Customer_119725,1485.46,19,35,0.28290549283660965,4.814715683128624,3172
810305,Customer_810305,1485.45,28,34,0.2829035557380733,4.814671958588673,3173
80088,Customer_80088,1485.42,52,2,0.28289774444246435,4.814540784968822,3174
736407,Customer_736407,1485.39,21,36,0.28289193314685535,4.81440961134897,3175
816169,Customer_816169,1485.39,57,14,0.28289193314685535,4.81440961134897,3176
495307,Customer_495307,1485.19,29,37,0.2828531911761288,4.813535120549962,3177
909672,Customer_909672,1485.18,39,33,0.28285125407759243,4.8134913960100105,3178
224820,Customer_224820,1485.1,32,6,0.28283575728930177,4.813141599690407,3179
67749,Customer_67749,1485.09,69,9,0.2828338201907655,4.813097875150455,3180
401212,Customer_401212,1485.06,67,20,0.28282800889515647,4.812966701530605,3181
145751,Customer_145751,1484.93,65,34,0.28280282661418427,4.812398282511248,3182
488319,Customer_488319,1484.93,27,8,0.28280282661418427,4.812398282511248,3183
225247,Customer_225247,1484.87,55,26,0.28279120402296626,4.812135935271545,3184
862442,Customer_862442,1484.86,67,25,0.2827892669244299,4.812092210731594,3185
566894,Customer_566894,1484.72,68,1,0.28276214754492135,4.811480067172288,3186
213873,Customer_213873,1484.67,49,37,0.2827524620522397,4.811261444472537,3187
631183,Customer_631183,1484.43,32,10,0.28270597168736783,4.810212055513724,3188
464721,Customer_464721,1484.37,68,23,0.2826943490961498,4.809949708274022,3189
852095,Customer_852095,1484.35,42,31,0.28269047489907717,4.809862259194121,3190
865335,Customer_865335,1484.34,55,31,0.2826885378005408,4.80981853465417,3191
450826,Customer_450826,1484.31,36,21,0.28268272650493187,4.809687361034319,3192
617999,Customer_617999,1484.07,73,24,0.28263623614006,4.808637972075506,3193
340326,Customer_340326,1483.9,47,13,0.28260330546494244,4.807894654896351,3194
921418,Customer_921418,1483.88,42,32,0.2825994312678698,4.80780720581645,3195
700955,Customer_700955,1483.88,21,9,0.2825994312678698,4.80780720581645,3196
457718,Customer_457718,1483.8,19,29,0.28258393447957914,4.807457409496844,3197
742441,Customer_742441,1483.59,46,14,0.2825432554103162,4.806539194157883,3198
4619,Customer_4619,1483.57,27,33,0.28253938121324357,4.8064517450779825,3199
829979,Customer_829979,1483.54,51,37,0.28253356991763456,4.806320571458133,3200
345065,Customer_345065,1483.44,45,15,0.2825141989322713,4.805883326058628,3201
709584,Customer_709584,1483.43,24,2,0.282512261833735,4.805839601518676,3202
872562,Customer_872562,1483.36,40,12,0.28249870214398065,4.805533529739023,3203
904305,Customer_904305,1483.26,67,11,0.2824793311586174,4.805096284339518,3204
195702,Customer_195702,1483.23,47,12,0.2824735198630084,4.804965110719668,3205
398490,Customer_398490,1483.14,63,31,0.2824560859761815,4.804571589860113,3206
772826,Customer_772826,1483.14,33,17,0.2824560859761815,4.804571589860113,3207
603199,Customer_603199,1483.06,29,39,0.28244058918789083,4.80422179354051,3208
126942,Customer_126942,1483.05,37,38,0.2824386520893545,4.804178069000558,3209
731758,Customer_731758,1483.04,48,9,0.2824367149908182,4.804134344460609,3210
66821,Customer_66821,1483.03,22,4,0.28243477789228183,4.8040906199206574,3211
816057,Customer_816057,1482.66,25,2,0.2823631052464377,4.80247281194249,3212
654253,Customer_654253,1482.62,26,30,0.28235535685229235,4.802297913782688,3213
54104,Customer_54104,1482.59,27,22,0.2823495455566834,4.802166740162836,3214
865543,Customer_865543,1482.52,46,4,0.2823359858669291,4.801860668383184,3215
69688,Customer_69688,1482.47,45,21,0.28232630037424744,4.801642045683431,3216
141299,Customer_141299,1482.45,36,26,0.2823224261771748,4.80155459660353,3217
116140,Customer_116140,1482.3,24,27,0.2822933696991299,4.800898728504272,3218
833426,Customer_833426,1482.27,33,36,0.2822875584035209,4.800767554884422,3219
27823,Customer_27823,1481.99,50,14,0.2822333196445037,4.799543267765808,3220
954834,Customer_954834,1481.84,28,10,0.28220426316645875,4.79888739966655,3221
466014,Customer_466014,1481.74,65,20,0.2821848921810955,4.798450154267046,3222
528501,Customer_528501,1481.61,46,18,0.2821597099001232,4.79788173524769,3223
858198,Customer_858198,1481.46,59,39,0.2821306534220783,4.797225867148434,3224
754778,Customer_754778,1481.4,32,33,0.2821190308308603,4.796963519908731,3225
338663,Customer_338663,1481.38,67,38,0.28211515663378767,4.79687607082883,3226
761325,Customer_761325,1481.3,59,39,0.282099659845497,4.796526274509225,3227
957495,Customer_957495,1481.26,33,22,0.2820919114513517,4.796351376349423,3228
475851,Customer_475851,1480.78,58,21,0.281998930721608,4.7942525984318,3229
9006,Customer_9006,1480.75,71,26,0.281993119425999,4.79412142481195,3230
961938,Customer_961938,1480.73,65,20,0.2819892452289263,4.794033975732049,3231
34781,Customer_34781,1480.7,57,30,0.2819834339333174,4.793902802112196,3232
540369,Customer_540369,1480.62,64,10,0.2819679371450267,4.793553005792593,3233
230425,Customer_230425,1480.6,67,32,0.28196406294795406,4.793465556712692,3234
820653,Customer_820653,1480.49,37,20,0.28194275486405446,4.792984586773237,3235
652756,Customer_652756,1480.35,74,10,0.28191563548454585,4.79237244321393,3236
41299,Customer_41299,1480.32,32,9,0.28190982418893684,4.792241269594078,3237
637694,Customer_637694,1480.2,74,18,0.28188657900650094,4.791716575114672,3238
518050,Customer_518050,1480.05,71,9,0.281857522528456,4.791060707015415,3239
493859,Customer_493859,1479.94,40,7,0.2818362144445564,4.790579737075961,3240
851382,Customer_851382,1479.9,36,8,0.28182846605041106,4.790404838916159,3241
58550,Customer_58550,1479.88,62,14,0.2818245918533384,4.790317389836259,3242
417713,Customer_417713,1479.81,58,17,0.2818110321635841,4.790011318056605,3243
407407,Customer_407407,1479.8,70,27,0.28180909506504775,4.7899675935166535,3244
797230,Customer_797230,1479.62,64,2,0.28177422729139384,4.789180551797545,3245
982380,Customer_982380,1479.6,58,3,0.2817703530943212,4.789093102717644,3246
982145,Customer_982145,1479.57,30,23,0.28176454179871224,4.788961929097792,3247
217422,Customer_217422,1479.39,36,26,0.28172967402505833,4.788174887378684,3248
53808,Customer_53808,1479.31,54,26,0.28171417723676767,4.787825091059081,3249
949495,Customer_949495,1479.3,47,29,0.2817122401382314,4.7877813665191296,3250
656242,Customer_656242,1479.22,42,36,0.28169674334994077,4.787431570199526,3251
884354,Customer_884354,1478.99,71,29,0.2816521900836052,4.786425905780665,3252
380097,Customer_380097,1478.66,21,32,0.2815882658319064,4.7849829959623,3253
381965,Customer_381965,1478.65,69,21,0.28158632873337003,4.78493927142235,3254
489506,Customer_489506,1478.49,61,14,0.28155533515678877,4.784239678783141,3255
83581,Customer_83581,1478.46,20,17,0.2815495238611798,4.784108505163291,3256
273412,Customer_273412,1478.46,45,31,0.2815495238611798,4.784108505163291,3257
504369,Customer_504369,1478.4,63,9,0.2815379012699618,4.7838461579235885,3258
661096,Customer_661096,1478.08,46,9,0.2814759141167993,4.782446972645173,3259
880524,Customer_880524,1478.05,29,26,0.28147010282119034,4.78231579902532,3260
997975,Customer_997975,1478.04,49,34,0.281468165722654,4.782272074485371,3261
85397,Customer_85397,1477.9,26,12,0.28144104634314543,4.781659930926065,3262
28202,Customer_28202,1477.81,73,6,0.2814236124563184,4.781266410066509,3263
266110,Customer_266110,1477.76,71,2,0.2814139269636368,4.781047787366756,3264
557254,Customer_557254,1477.46,36,10,0.28135581400754694,4.779736051168243,3265
272079,Customer_272079,1477.4,38,9,0.281344191416329,4.779473703928541,3266
612275,Customer_612275,1477.24,58,12,0.28131319783974773,4.778774111289332,3267
821366,Customer_821366,1477.12,67,15,0.28128995265731177,4.778249416809927,3268
344975,Customer_344975,1477.01,68,25,0.28126864457341216,4.77776844687047,3269
626390,Customer_626390,1477.0,62,2,0.28126670747487587,4.777724722330521,3270
200962,Customer_200962,1476.96,49,7,0.28125895908073056,4.77754982417072,3271
109642,Customer_109642,1476.95,58,32,0.2812570219821942,4.777506099630768,3272
651628,Customer_651628,1476.89,43,36,0.28124539939097626,4.777243752391065,3273
459423,Customer_459423,1476.81,48,16,0.2812299026026856,4.776893956071461,3274
388671,Customer_388671,1476.63,53,15,0.28119503482903174,4.776106914352354,3275
668066,Customer_668066,1476.58,32,18,0.28118534933635003,4.775888291652601,3276
192673,Customer_192673,1476.58,41,33,0.28118534933635003,4.775888291652601,3277
91645,Customer_91645,1476.52,50,35,0.2811737267451321,4.775625944412898,3278
185044,Customer_185044,1476.47,72,23,0.2811640412524504,4.7754073217131445,3279
481757,Customer_481757,1476.43,58,39,0.2811562928583051,4.775232423553343,3280
741397,Customer_741397,1476.33,54,22,0.2811369218729418,4.7747951781538385,3281
973898,Customer_973898,1475.94,58,3,0.28106137503002504,4.773089921095771,3282
169749,Customer_169749,1475.64,35,32,0.2810032620739352,4.771778184897256,3283
638060,Customer_638060,1475.48,61,9,0.28097226849735396,4.771078592258049,3284
325415,Customer_325415,1475.44,46,17,0.28096452010320866,4.770903694098247,3285
118464,Customer_118464,1475.42,22,27,0.280960645906136,4.770816245018346,3286
601518,Customer_601518,1475.21,60,14,0.2809199668368731,4.769898029679386,3287
571646,Customer_571646,1475.18,39,33,0.2809141555412641,4.769766856059534,3288
473077,Customer_473077,1475.06,25,24,0.2808909103588281,4.769242161580128,3289
756931,Customer_756931,1475.0,37,18,0.2808792877676102,4.768979814340426,3290
697527,Customer_697527,1474.96,51,39,0.2808715393734649,4.768804916180624,3291
23019,Customer_23019,1474.81,37,36,0.2808424828954199,4.768149048081367,3292
445877,Customer_445877,1474.78,65,23,0.28083667159981096,4.768017874461514,3293
762413,Customer_762413,1474.71,35,21,0.28082311191005666,4.767711802681863,3294
240389,Customer_240389,1474.66,35,36,0.28081342641737506,4.767493179982109,3295
594516,Customer_594516,1474.65,63,27,0.2808114893188387,4.76744945544216,3296
602702,Customer_602702,1474.64,71,31,0.2808095522203024,4.767405730902208,3297
561776,Customer_561776,1474.62,71,4,0.2808056780232297,4.767318281822307,3298
541068,Customer_541068,1474.55,25,33,0.2807921183334754,4.767012210042653,3299
653039,Customer_653039,1474.47,31,28,0.2807766215451848,4.76666241372305,3300
48031,Customer_48031,1474.46,21,12,0.28077468444664844,4.7666186891831,3301
535241,Customer_535241,1474.18,37,28,0.28072044568763127,4.765394402064486,3302
185914,Customer_185914,1474.08,31,16,0.28070107470226796,4.764957156664981,3303
826266,Customer_826266,1473.98,66,20,0.2806817037169047,4.764519911265477,3304
399324,Customer_399324,1473.97,71,35,0.28067976661836835,4.764476186725526,3305
254942,Customer_254942,1473.96,44,13,0.28067782951983206,4.764432462185576,3306
265552,Customer_265552,1473.92,24,1,0.28067008112568675,4.764257564025774,3307
826819,Customer_826819,1473.89,24,24,0.28066426983007775,4.764126390405923,3308
924934,Customer_924934,1473.79,62,30,0.28064489884471444,4.763689145006418,3309
428509,Customer_428509,1473.75,51,13,0.28063715045056914,4.763514246846616,3310
530973,Customer_530973,1473.73,70,5,0.2806332762534965,4.763426797766716,3311
305664,Customer_305664,1473.67,24,1,0.28062165366227854,4.763164450527013,3312
749889,Customer_749889,1473.66,59,10,0.2806197165637422,4.763120725987061,3313
525960,Customer_525960,1473.51,49,21,0.2805906600856973,4.762464857887804,3314
910001,Customer_910001,1473.48,45,26,0.28058484879008827,4.762333684267953,3315
101808,Customer_101808,1473.47,55,17,0.280582911691552,4.762289959728002,3316
458019,Customer_458019,1473.46,28,5,0.2805809745930156,4.762246235188052,3317
353592,Customer_353592,1473.41,32,27,0.28057128910033396,4.762027612488299,3318
138909,Customer_138909,1473.29,23,4,0.280548043917898,4.761502918008894,3319
389083,Customer_389083,1473.14,46,14,0.28051898743985315,4.7608470499096365,3320
359672,Customer_359672,1473.13,66,13,0.2805170503413168,4.760803325369687,3321
515358,Customer_515358,1473.1,29,15,0.2805112390457078,4.7606721517498345,3322
159091,Customer_159091,1473.05,61,18,0.28050155355302614,4.760453529050082,3323
388214,Customer_388214,1473.04,74,38,0.28049961645448984,4.760409804510132,3324
639060,Customer_639060,1472.99,66,28,0.2804899309618082,4.760191181810379,3325
610024,Customer_610024,1472.71,67,38,0.280435692202791,4.758966894691767,3326
839883,Customer_839883,1472.67,71,22,0.28042794380864566,4.758791996531965,3327
853305,Customer_853305,1472.63,29,5,0.28042019541450036,4.758617098372163,3328
843046,Customer_843046,1472.4,68,29,0.28037564214816485,4.757611433953302,3329
483947,Customer_483947,1472.39,47,31,0.2803737050496285,4.757567709413351,3330
742990,Customer_742990,1472.36,46,6,0.2803678937540195,4.757436535793499,3331
215121,Customer_215121,1472.08,28,29,0.28031365499500227,4.756212248674887,3332
529864,Customer_529864,1471.89,67,7,0.28027685012281206,4.755381482415827,3333
241298,Customer_241298,1471.66,71,25,0.28023229685647655,4.754375817996966,3334
147275,Customer_147275,1471.58,18,18,0.2802168000681859,4.754026021677363,3335
721201,Customer_721201,1471.53,30,32,0.28020711457550423,4.753807398977609,3336
265533,Customer_265533,1471.43,55,16,0.280187743590141,4.753370153578105,3337
986345,Customer_986345,1471.33,69,4,0.28016837260477767,4.7529329081786,3338
445032,Customer_445032,1471.29,66,36,0.28016062421063237,4.752758010018799,3339
227145,Customer_227145,1471.22,23,12,0.28014706452087806,4.752451938239145,3340
50649,Customer_50649,1470.99,43,7,0.2801025112545425,4.751446273820283,3341
673039,Customer_673039,1470.99,44,19,0.2801025112545425,4.751446273820283,3342
38354,Customer_38354,1470.76,40,12,0.280057957988207,4.750440609401423,3343
81795,Customer_81795,1470.71,70,14,0.28004827249552533,4.750221986701671,3344
680178,Customer_680178,1470.69,31,4,0.2800443982984527,4.75013453762177,3345
409836,Customer_409836,1470.58,54,24,0.280023090214553,4.749653567682315,3346
633449,Customer_633449,1470.55,56,33,0.28001727891894407,4.7495223940624625,3347
292328,Customer_292328,1470.5,56,32,0.2800075934262624,4.749303771362712,3348
71921,Customer_71921,1470.39,50,10,0.2799862853423628,4.748822801423255,3349
532883,Customer_532883,1470.38,58,3,0.2799843482438265,4.748779076883306,3350
151385,Customer_151385,1470.28,54,11,0.2799649772584632,4.7483418314838,3351
679801,Customer_679801,1470.27,66,26,0.27996304015992685,4.74829810694385,3352
972877,Customer_972877,1470.2,37,31,0.2799494804701726,4.747992035164196,3353
524281,Customer_524281,1470.06,36,23,0.279922361090664,4.74737989160489,3354
52317,Customer_52317,1469.98,56,5,0.2799068643023734,4.747030095285287,3355
405379,Customer_405379,1469.81,73,23,0.27987393362725577,4.746286778106128,3356
686058,Customer_686058,1469.8,34,11,0.2798719965287194,4.746243053566177,3357
575784,Customer_575784,1469.77,59,23,0.27986618523311046,4.746111879946326,3358
617072,Customer_617072,1469.71,50,12,0.2798545626418925,4.745849532706624,3359
241823,Customer_241823,1469.71,71,39,0.2798545626418925,4.745849532706624,3360
264758,Customer_264758,1469.52,55,25,0.27981775776970225,4.745018766447565,3361
389035,Customer_389035,1469.5,58,31,0.2798138835726296,4.744931317367664,3362
171443,Customer_171443,1469.48,39,31,0.27981000937555695,4.744843868287763,3363
742100,Customer_742100,1469.38,48,39,0.2797906383901937,4.744406622888259,3364
802882,Customer_802882,1469.32,64,28,0.2797790157989757,4.744144275648554,3365
687758,Customer_687758,1469.28,25,18,0.2797712674048304,4.743969377488752,3366
387781,Customer_387781,1469.19,25,13,0.2797538335180034,4.7435758566291994,3367
561349,Customer_561349,1469.15,33,4,0.2797460851238581,4.7434009584693975,3368
714656,Customer_714656,1469.13,27,23,0.2797422109267855,4.7433135093894965,3369
999849,Customer_999849,1469.13,19,5,0.2797422109267855,4.7433135093894965,3370
687691,Customer_687691,1469.06,68,36,0.2797286512370311,4.743007437609843,3371
668795,Customer_668795,1469.05,61,37,0.2797267141384948,4.742963713069891,3372
882359,Customer_882359,1468.9,74,21,0.2796976576604499,4.742307844970636,3373
360284,Customer_360284,1468.89,41,32,0.2796957205619136,4.742264120430685,3374
230893,Customer_230893,1468.88,25,36,0.27969378346337725,4.742220395890735,3375
476420,Customer_476420,1468.87,53,34,0.2796918463648409,4.742176671350784,3376
259895,Customer_259895,1468.8,58,15,0.2796782866750866,4.741870599571129,3377
84112,Customer_84112,1468.75,59,36,0.27966860118240494,4.741651976871378,3378
665991,Customer_665991,1468.71,43,6,0.27966085278825964,4.7414770787115765,3379
850878,Customer_850878,1468.7,32,38,0.27965891568972334,4.741433354171625,3380
390668,Customer_390668,1468.64,58,18,0.2796472930985054,4.741171006931922,3381
768666,Customer_768666,1468.16,48,4,0.2795543123687616,4.739072229014299,3382
683322,Customer_683322,1468.03,47,17,0.2795291300877893,4.738503809994943,3383
627179,Customer_627179,1467.86,21,38,0.27949619941267173,4.737760492815784,3384
802642,Customer_802642,1467.78,46,16,0.2794807026243811,4.73741069649618,3385
443368,Customer_443368,1467.78,72,10,0.2794807026243811,4.73741069649618,3386
693793,Customer_693793,1467.77,69,15,0.2794787655258448,4.737366971956232,3387
729895,Customer_729895,1467.73,18,32,0.2794710171316995,4.73719207379643,3388
702562,Customer_702562,1467.65,67,6,0.27945552034340887,4.736842277476826,3389
676373,Customer_676373,1467.59,24,19,0.27944389775219086,4.736579930237121,3390
551366,Customer_551366,1467.51,49,14,0.27942840096390026,4.736230133917518,3391
400058,Customer_400058,1467.46,56,8,0.2794187154712186,4.736011511217766,3392
872982,Customer_872982,1467.43,54,39,0.27941290417560966,4.735880337597915,3393
39414,Customer_39414,1467.29,29,16,0.27938578479610104,4.735268194038608,3394
879493,Customer_879493,1467.26,35,5,0.27937997350049204,4.735137020418756,3395
219640,Customer_219640,1467.17,59,36,0.2793625396136651,4.734743499559203,3396
749859,Customer_749859,1467.07,72,38,0.2793431686283018,4.734306254159697,3397
71071,Customer_71071,1467.05,65,9,0.2793392944312291,4.734218805079796,3398
767043,Customer_767043,1466.91,50,25,0.27931217505172057,4.73360666152049,3399
476462,Customer_476462,1466.91,39,7,0.27931217505172057,4.73360666152049,3400
1339,Customer_1339,1466.91,67,31,0.27931217505172057,4.73360666152049,3401
671292,Customer_671292,1466.89,56,28,0.2793083008546479,4.733519212440589,3402
824827,Customer_824827,1466.74,35,26,0.27927924437660295,4.7328633443413315,3403
5923,Customer_5923,1466.74,34,14,0.27927924437660295,4.7328633443413315,3404
387308,Customer_387308,1466.68,64,11,0.279267621785385,4.7326009971016285,3405
958282,Customer_958282,1466.49,70,19,0.27923081691319473,4.731770230842569,3406
778823,Customer_778823,1466.44,69,25,0.27922113142051314,4.731551608142818,3407
130679,Customer_130679,1466.13,24,23,0.27916108136588696,4.730196147404354,3408
743014,Customer_743014,1466.11,20,19,0.27915720716881426,4.730108698324451,3409
376019,Customer_376019,1466.04,71,18,0.27914364747905995,4.7298026265447985,3410
786973,Customer_786973,1466.0,33,22,0.27913589908491465,4.7296277283849975,3411
216549,Customer_216549,1465.95,32,8,0.27912621359223305,4.729409105685244,3412
891122,Customer_891122,1465.88,54,23,0.27911265390247875,4.7291030339055915,3413
213694,Customer_213694,1465.77,25,8,0.27909134581857914,4.728622063966136,3414
608242,Customer_608242,1465.66,68,8,0.27907003773467953,4.728141094026681,3415
592942,Customer_592942,1465.66,33,8,0.27907003773467953,4.728141094026681,3416
489140,Customer_489140,1465.63,69,8,0.27906422643907053,4.72800992040683,3417
683416,Customer_683416,1465.62,65,4,0.2790622893405342,4.727966195866879,3418
65577,Customer_65577,1465.55,69,4,0.27904872965077987,4.727660124087224,3419
698205,Customer_698205,1465.54,71,4,0.27904679255224357,4.727616399547275,3420
580563,Customer_580563,1465.47,69,20,0.27903323286248927,4.727310327767621,3421
992323,Customer_992323,1465.46,57,18,0.27903129576395297,4.727266603227672,3422
663034,Customer_663034,1465.41,54,9,0.2790216102712713,4.727047980527918,3423
229495,Customer_229495,1465.4,52,34,0.27901967317273496,4.727004255987969,3424
694883,Customer_694883,1465.18,66,20,0.27897705700493575,4.726042316109057,3425
456018,Customer_456018,1465.1,62,35,0.2789615602166451,4.725692519789454,3426
441893,Customer_441893,1465.04,38,4,0.27894993762542714,4.725430172549751,3427
381524,Customer_381524,1464.74,19,30,0.2788918246693373,4.724118436351236,3428
121081,Customer_121081,1464.69,38,20,0.27888213917665566,4.723899813651485,3429
212432,Customer_212432,1464.46,50,36,0.2788375859103201,4.722894149232624,3430
819448,Customer_819448,1464.42,43,26,0.2788298375161748,4.722719251072822,3431
281948,Customer_281948,1464.34,69,5,0.27881434072788414,4.722369454753217,3432
675316,Customer_675316,1464.23,32,32,0.27879303264398453,4.721888484813762,3433
42367,Customer_42367,1464.17,67,25,0.2787814100527666,4.72162613757406,3434
187008,Customer_187008,1464.05,43,12,0.2787581648703306,4.7211014430946525,3435
659116,Customer_659116,1463.97,42,16,0.27874266808204,4.720751646775049,3436
273178,Customer_273178,1463.92,49,25,0.2787329825893584,4.720533024075298,3437
785234,Customer_785234,1463.81,18,2,0.27871167450545875,4.720052054135842,3438
912691,Customer_912691,1463.73,70,35,0.27869617771716815,4.719702257816239,3439
561668,Customer_561668,1463.71,18,36,0.2786923035200955,4.719614808736338,3440
870339,Customer_870339,1463.69,36,33,0.27868842932302285,4.719527359656437,3441
169002,Customer_169002,1463.61,39,19,0.2786729325347322,4.719177563336832,3442
986403,Customer_986403,1463.54,35,22,0.2786593728449779,4.71887149155718,3443
857554,Customer_857554,1463.37,31,8,0.27862644216986027,4.7181281743780215,3444
355564,Customer_355564,1463.31,22,22,0.2786148195786423,4.7178658271383185,3445
146022,Customer_146022,1463.13,41,19,0.27857995180498846,4.71707878541921,3446
38340,Customer_38340,1463.11,67,37,0.27857607760791575,4.716991336339308,3447
581295,Customer_581295,1463.01,69,12,0.2785567066225525,4.716554090939804,3448
582862,Customer_582862,1462.9,49,30,0.2785353985386529,4.71607312100035,3449
490181,Customer_490181,1462.89,30,25,0.2785334614401166,4.7160293964603985,3450
280662,Customer_280662,1462.71,38,4,0.2784985936664626,4.7152423547412905,3451
551166,Customer_551166,1462.61,48,11,0.2784792226810993,4.714805109341784,3452
349036,Customer_349036,1462.37,22,15,0.27843273231622745,4.713755720382974,3453
673733,Customer_673733,1462.21,18,10,0.27840173873964624,4.713056127743767,3454
192972,Customer_192972,1462.06,74,29,0.2783726822616013,4.712400259644509,3455
944491,Customer_944491,1462.06,54,24,0.2783726822616013,4.712400259644509,3456
304241,Customer_304241,1462.06,62,18,0.2783726822616013,4.712400259644509,3457
50691,Customer_50691,1462.04,54,32,0.27836880806452863,4.712312810564608,3458
295268,Customer_295268,1462.02,51,12,0.278364933867456,4.712225361484707,3459
828806,Customer_828806,1462.02,61,39,0.278364933867456,4.712225361484707,3460
238792,Customer_238792,1461.94,60,29,0.2783494370791654,4.711875565165104,3461
455867,Customer_455867,1461.88,23,24,0.2783378144879474,4.711613217925401,3462
454217,Customer_454217,1461.87,68,34,0.27833587738941107,4.71156949338545,3463
421485,Customer_421485,1461.82,54,27,0.2783261918967294,4.711350870685696,3464
161653,Customer_161653,1461.49,46,20,0.2782622676450306,4.709907960867331,3465
334228,Customer_334228,1461.47,26,31,0.27825839344795794,4.70982051178743,3466
2143,Customer_2143,1461.46,52,24,0.2782564563494216,4.709776787247481,3467
943359,Customer_943359,1461.25,64,35,0.2782157772801587,4.708858571908521,3468
570439,Customer_570439,1461.22,19,12,0.2782099659845497,4.708727398288668,3469
461675,Customer_461675,1461.07,20,12,0.27818090950650476,4.708071530189411,3470
523292,Customer_523292,1460.9,55,8,0.27814797883138725,4.707328213010254,3471
934609,Customer_934609,1460.82,67,2,0.2781324820430966,4.7069784166906485,3472
764801,Customer_764801,1460.77,55,17,0.27812279655041494,4.706759793990898,3473
375458,Customer_375458,1460.71,38,22,0.278111173959197,4.706497446751195,3474
496655,Customer_496655,1460.68,50,19,0.278105362663588,4.7063662731313425,3475
486716,Customer_486716,1460.66,22,26,0.27810148846651533,4.706278824051442,3476
805093,Customer_805093,1460.64,68,23,0.2780976142694427,4.706191374971541,3477
800008,Customer_800008,1460.45,52,30,0.2780608093972525,4.705360608712482,3478
463472,Customer_463472,1460.25,21,29,0.27802206742652585,4.704486117913473,3479
949394,Customer_949394,1460.25,28,26,0.27802206742652585,4.704486117913473,3480
935825,Customer_935825,1460.23,66,4,0.2780181932294532,4.704398668833572,3481
37021,Customer_37021,1460.16,21,15,0.27800463353969895,4.7040925970539185,3482
392330,Customer_392330,1460.14,31,14,0.2780007593426263,4.7040051479740175,3483
442982,Customer_442982,1460.07,74,13,0.27798719965287194,4.703699076194363,3484
367046,Customer_367046,1459.9,67,17,0.2779542689777544,4.7029557590152065,3485
966769,Customer_966769,1459.9,60,28,0.2779542689777544,4.7029557590152065,3486
146212,Customer_146212,1459.89,32,16,0.2779523318792181,4.702912034475255,3487
722114,Customer_722114,1459.87,26,18,0.2779484576821454,4.702824585395354,3488
9553,Customer_9553,1459.84,30,36,0.2779426463865364,4.702693411775503,3489
55297,Customer_55297,1459.77,43,13,0.2779290866967821,4.70238733999585,3490
632055,Customer_632055,1459.75,63,4,0.2779252124997095,4.702299890915949,3491
115952,Customer_115952,1459.63,65,20,0.2779019673172735,4.701775196436544,3492
62879,Customer_62879,1459.59,58,24,0.2778942189231282,4.70160029827674,3493
177865,Customer_177865,1459.58,54,5,0.27789228182459186,4.701556573736791,3494
344259,Customer_344259,1459.44,68,12,0.2778651624450833,4.7009444301774845,3495
665140,Customer_665140,1459.34,66,13,0.27784579145972,4.700507184777979,3496
897276,Customer_897276,1459.34,56,37,0.27784579145972,4.700507184777979,3497
752020,Customer_752020,1459.31,27,3,0.277839980164111,4.700376011158128,3498
283245,Customer_283245,1459.31,73,3,0.277839980164111,4.700376011158128,3499
822016,Customer_822016,1459.19,54,4,0.2778167349816751,4.699851316678723,3500
187556,Customer_187556,1459.16,52,10,0.2778109236860661,4.699720143058871,3501
539397,Customer_539397,1459.14,56,30,0.27780704948899343,4.69963269397897,3502
73964,Customer_73964,1459.02,65,18,0.27778380430655747,4.699107999499565,3503
450032,Customer_450032,1458.97,62,12,0.27777411881387587,4.698889376799811,3504
858363,Customer_858363,1458.92,21,32,0.2777644333211942,4.69867075410006,3505
751002,Customer_751002,1458.79,40,38,0.2777392510402219,4.698102335080703,3506
30578,Customer_30578,1458.68,24,20,0.27771794295632235,4.697621365141248,3507
186354,Customer_186354,1458.63,45,22,0.2777082574636407,4.697402742441496,3508
761631,Customer_761631,1458.62,39,28,0.27770632036510434,4.697359017901545,3509
749028,Customer_749028,1458.48,54,22,0.27767920098559573,4.696746874342239,3510
117775,Customer_117775,1458.37,63,21,0.2776578929016961,4.696265904402783,3511
254917,Customer_254917,1458.35,18,12,0.2776540187046235,4.696178455322882,3512
408492,Customer_408492,1458.29,29,15,0.2776423961134055,4.695916108083179,3513
252990,Customer_252990,1458.28,25,2,0.27764045901486917,4.695872383543228,3514
441715,Customer_441715,1458.15,54,29,0.2776152767338969,4.695303964523873,3515
903800,Customer_903800,1458.12,32,14,0.2776094654382879,4.695172790904021,3516
253447,Customer_253447,1458.09,29,35,0.27760365414267896,4.6950416172841685,3517
148653,Customer_148653,1457.87,46,28,0.2775610379748797,4.694079677405259,3518
240568,Customer_240568,1457.86,67,31,0.2775591008763434,4.694035952865308,3519
712795,Customer_712795,1457.86,35,34,0.2775591008763434,4.694035952865308,3520
721435,Customer_721435,1457.83,38,38,0.2775532895807344,4.693904779245457,3521
412771,Customer_412771,1457.77,50,31,0.27754166698951643,4.693642432005755,3522
150443,Customer_150443,1457.7,61,35,0.27752810729976213,4.693336360226101,3523
348772,Customer_348772,1457.68,47,14,0.2775242331026895,4.6932489111462,3524
673261,Customer_673261,1457.65,30,29,0.27751842180708053,4.693117737526349,3525
710624,Customer_710624,1457.6,55,37,0.2775087363143988,4.692899114826597,3526
176907,Customer_176907,1457.33,62,17,0.277456434653918,4.691718552247933,3527
877073,Customer_877073,1457.32,19,7,0.27745449755538165,4.691674827707982,3528
199865,Customer_199865,1457.3,48,26,0.277450623358309,4.691587378628081,3529
27311,Customer_27311,1457.23,57,5,0.2774370636685547,4.691281306848429,3530
148181,Customer_148181,1457.21,24,35,0.27743318947148204,4.691193857768528,3531
71672,Customer_71672,1457.06,48,15,0.27740413299343714,4.690537989669271,3532
513110,Customer_513110,1456.79,71,7,0.27735183133295627,4.689357427090608,3533
846314,Customer_846314,1456.79,53,20,0.27735183133295627,4.689357427090608,3534
150801,Customer_150801,1456.73,20,39,0.2773402087417383,4.6890950798509055,3535
850323,Customer_850323,1456.73,62,18,0.2773402087417383,4.6890950798509055,3536
687434,Customer_687434,1456.71,66,39,0.27733633454466566,4.6890076307710045,3537
74621,Customer_74621,1456.65,62,6,0.27732471195344766,4.688745283531302,3538
682255,Customer_682255,1456.64,72,21,0.27732277485491136,4.68870155899135,3539
39615,Customer_39615,1456.62,49,29,0.27731890065783865,4.68861410991145,3540
196654,Customer_196654,1456.55,32,36,0.27730534096808435,4.688308038131796,3541
569467,Customer_569467,1456.45,31,28,0.2772859699827211,4.687870792732292,3542
508942,Customer_508942,1456.44,42,19,0.2772840328841848,4.687827068192342,3543
92455,Customer_92455,1456.37,28,7,0.27727047319443043,4.687520996412688,3544
798518,Customer_798518,1456.23,35,31,0.2772433538149219,4.6869088528533815,3545
129270,Customer_129270,1456.19,65,5,0.2772356054207766,4.68673395469358,3546
869126,Customer_869126,1455.89,66,31,0.2771774924646867,4.685422218495065,3547
444855,Customer_444855,1455.75,69,5,0.2771503730851781,4.684810074935759,3548
619604,Customer_619604,1455.64,36,14,0.27712906500127854,4.684329104996303,3549
502727,Customer_502727,1455.61,73,33,0.2771232537056695,4.684197931376451,3550
600657,Customer_600657,1455.59,36,16,0.27711937950859683,4.68411048229655,3551
24651,Customer_24651,1455.36,57,6,0.27707482624226126,4.683104817877688,3552
845208,Customer_845208,1455.35,65,2,0.27707288914372497,4.683061093337739,3553
737302,Customer_737302,1455.26,50,2,0.277055455256898,4.682667572478184,3554
797021,Customer_797021,1454.98,70,32,0.27700121649788084,4.681443285359572,3555
679726,Customer_679726,1454.9,66,6,0.27698571970959024,4.681093489039968,3556
608701,Customer_608701,1454.88,35,5,0.2769818455125176,4.681006039960067,3557
10192,Customer_10192,1454.86,64,38,0.2769779713154449,4.6809185908801645,3558
151019,Customer_151019,1454.77,40,7,0.2769605374286179,4.680525070020612,3559
556894,Customer_556894,1454.74,26,7,0.276954726133009,4.680393896400759,3560
872365,Customer_872365,1454.59,36,20,0.276925669654964,4.679738028301502,3561
161549,Customer_161549,1454.51,49,35,0.2769101728666734,4.679388231981899,3562
563094,Customer_563094,1454.48,62,1,0.2769043615710644,4.679257058362048,3563
484634,Customer_484634,1454.48,20,19,0.2769043615710644,4.679257058362048,3564
645949,Customer_645949,1454.41,23,37,0.27689080188131016,4.678950986582394,3565
307381,Customer_307381,1454.37,58,4,0.2768830534871648,4.678776088422593,3566
579068,Customer_579068,1454.33,22,12,0.2768753050930195,4.678601190262791,3567
147241,Customer_147241,1454.29,35,35,0.2768675566988742,4.678426292102989,3568
507768,Customer_507768,1454.27,38,22,0.2768636825018015,4.678338843023088,3569
56691,Customer_56691,1454.24,53,29,0.27685787120619254,4.6782076694032355,3570
594771,Customer_594771,1454.2,71,39,0.27685012281204724,4.678032771243434,3571
223886,Customer_223886,1454.15,57,16,0.2768404373193656,4.677814148543683,3572
125311,Customer_125311,1454.1,73,7,0.27683075182668393,4.6775955258439295,3573
486909,Customer_486909,1453.94,64,14,0.27679975825010267,4.676895933204722,3574
960143,Customer_960143,1453.93,24,14,0.27679782115156637,4.676852208664771,3575
87157,Customer_87157,1453.84,69,6,0.27678038726473936,4.676458687805217,3576
459919,Customer_459919,1453.7,54,16,0.2767532678852308,4.6758465442459105,3577
115685,Customer_115685,1453.61,33,11,0.27673583399840385,4.675453023386355,3578
715285,Customer_715285,1453.58,62,22,0.27673002270279484,4.675321849766505,3579
138027,Customer_138027,1453.56,20,32,0.2767261485057222,4.6752344006866045,3580
160704,Customer_160704,1453.48,36,5,0.2767106517174316,4.6748846043670005,3581
610304,Customer_610304,1453.38,43,16,0.27669128073206833,4.674447358967496,3582
977063,Customer_977063,1453.38,40,15,0.27669128073206833,4.674447358967496,3583
712109,Customer_712109,1453.3,26,29,0.2766757839437777,4.674097562647891,3584
970303,Customer_970303,1453.19,41,33,0.27665447585987807,4.673616592708437,3585
823559,Customer_823559,1453.18,39,14,0.2766525387613417,4.673572868168486,3586
613098,Customer_613098,1452.96,63,27,0.2766099225935425,4.672610928289576,3587
596946,Customer_596946,1452.92,45,34,0.2766021741993972,4.6724360301297745,3588
441533,Customer_441533,1452.85,38,8,0.2765886145096429,4.67212995835012,3589
367161,Customer_367161,1452.78,41,36,0.2765750548198886,4.671823886570466,3590
794217,Customer_794217,1452.47,51,8,0.2765150047652624,4.670468425832001,3591
694504,Customer_694504,1452.43,18,15,0.2765072563711171,4.6702935276722,3592
713632,Customer_713632,1452.26,41,21,0.2764743256959995,4.669550210493042,3593
823659,Customer_823659,1452.26,34,3,0.2764743256959995,4.669550210493042,3594
580136,Customer_580136,1452.12,70,21,0.2764472063164909,4.668938066933735,3595
865173,Customer_865173,1452.11,26,36,0.2764452692179546,4.668894342393783,3596
804231,Customer_804231,1452.08,59,10,0.2764394579223456,4.668763168773934,3597
543221,Customer_543221,1452.03,57,10,0.276429772429664,4.66854454607418,3598
928158,Customer_928158,1451.95,66,15,0.27641427564137333,4.668194749754577,3599
275061,Customer_275061,1451.92,39,33,0.2764084643457644,4.668063576134727,3600
79584,Customer_79584,1451.9,35,10,0.27640459014869173,4.667976127054826,3601
753476,Customer_753476,1451.85,29,2,0.27639490465601,4.667757504355072,3602
92231,Customer_92231,1451.68,67,36,0.2763619739808925,4.667014187175914,3603
296772,Customer_296772,1451.65,22,32,0.2763561626852835,4.666883013556064,3604
543602,Customer_543602,1451.59,32,39,0.2763445400940655,4.666620666316359,3605
692061,Customer_692061,1451.57,71,8,0.27634066589699285,4.666533217236458,3606
955074,Customer_955074,1451.55,55,30,0.2763367916999202,4.666445768156557,3607
22646,Customer_22646,1451.52,67,26,0.2763309804043112,4.666314594536707,3608
755029,Customer_755029,1451.35,27,32,0.27629804972919364,4.665571277357548,3609
918281,Customer_918281,1451.18,45,11,0.2762651190540761,4.66482796017839,3610
907142,Customer_907142,1451.06,32,18,0.2762418738716401,4.664303265698985,3611
858184,Customer_858184,1451.01,62,24,0.27623218837895847,4.6640846429992315,3612
693314,Customer_693314,1450.91,42,7,0.2762128173935952,4.6636473975997275,3613
775700,Customer_775700,1450.86,62,38,0.27620313190091356,4.663428774899974,3614
926952,Customer_926952,1450.83,63,31,0.27619732060530455,4.663297601280124,3615
251699,Customer_251699,1450.79,22,25,0.27618957221115925,4.663122703120322,3616
931353,Customer_931353,1450.78,52,26,0.2761876351126229,4.663078978580371,3617
104737,Customer_104737,1450.77,46,12,0.2761856980140866,4.663035254040421,3618
972942,Customer_972942,1450.75,36,6,0.27618182381701395,4.66294780496052,3619
100901,Customer_100901,1450.74,61,29,0.2761798867184776,4.662904080420569,3620
853488,Customer_853488,1450.61,66,33,0.27615470443750534,4.662335661401213,3621
391210,Customer_391210,1450.57,40,33,0.27614695604336004,4.662160763241411,3622
652704,Customer_652704,1450.37,34,25,0.2761082140726334,4.661286272442402,3623
375872,Customer_375872,1450.36,32,8,0.2761062769740971,4.66124254790245,3624
865534,Customer_865534,1450.27,38,16,0.27608884308727016,4.6608490270428975,3625
416057,Customer_416057,1450.07,27,22,0.2760501011165436,4.659974536243887,3626
777876,Customer_777876,1450.01,36,17,0.27603847852532565,4.659712189004185,3627
548230,Customer_548230,1449.99,37,13,0.276034604328253,4.659624739924284,3628
19041,Customer_19041,1449.95,21,11,0.2760268559341077,4.659449841764482,3629
443199,Customer_443199,1449.93,56,30,0.27602298173703504,4.659362392684581,3630
528341,Customer_528341,1449.74,41,27,0.2759861768648448,4.658531626425521,3631
868649,Customer_868649,1449.73,63,26,0.2759842397663085,4.658487901885572,3632
547662,Customer_547662,1449.7,55,4,0.2759784284706995,4.658356728265719,3633
701821,Customer_701821,1449.67,63,29,0.2759726171750905,4.6582255546458695,3634
672896,Customer_672896,1449.55,59,18,0.2759493719926545,4.657700860166462,3635
413719,Customer_413719,1449.52,36,5,0.27594356069704556,4.657569686546612,3636
24491,Customer_24491,1449.5,56,15,0.2759396864999729,4.657482237466711,3637
764307,Customer_764307,1449.49,22,39,0.27593774940143656,4.65743851292676,3638
285173,Customer_285173,1449.46,44,35,0.2759319381058276,4.657307339306909,3639
686944,Customer_686944,1449.42,66,19,0.2759241897116823,4.657132441147107,3640
80147,Customer_80147,1449.34,30,1,0.27590869292339165,4.656782644827502,3641
517011,Customer_517011,1449.25,68,20,0.2758912590365647,4.656389123967949,3642
845344,Customer_845344,1449.24,67,7,0.27588932193802834,4.656345399427997,3643
668012,Customer_668012,1449.16,31,27,0.27587382514973774,4.655995603108394,3644
604309,Customer_604309,1449.09,35,5,0.27586026545998343,4.65568953132874,3645
274965,Customer_274965,1449.08,74,28,0.2758583283614471,4.65564580678879,3646
424919,Customer_424919,1449.01,48,4,0.27584476867169283,4.655339735009137,3647
187514,Customer_187514,1448.91,20,12,0.2758253976863295,4.654902489609632,3648
380352,Customer_380352,1448.89,23,23,0.27582152348925687,4.654815040529732,3649
14320,Customer_14320,1448.76,23,24,0.2757963412082846,4.654246621510374,3650
989701,Customer_989701,1448.68,61,15,0.275780844419994,4.653896825190771,3651
48261,Customer_48261,1448.67,65,1,0.27577890732145766,4.653853100650822,3652
171367,Customer_171367,1448.62,32,28,0.275769221828776,4.653634477951068,3653
340460,Customer_340460,1448.59,48,37,0.275763410533167,4.653503304331216,3654
817417,Customer_817417,1448.56,21,23,0.27575759923755805,4.653372130711366,3655
36563,Customer_36563,1448.47,34,13,0.2757401653507311,4.652978609851811,3656
892295,Customer_892295,1448.42,34,5,0.27573047985804944,4.65275998715206,3657
550322,Customer_550322,1448.21,21,2,0.2756898007887865,4.6518417718131,3658
505083,Customer_505083,1447.96,58,3,0.27564137332537836,4.650748658314337,3659
452279,Customer_452279,1447.88,71,14,0.2756258765370877,4.650398861994734,3660
406150,Customer_406150,1447.81,23,22,0.2756123168473334,4.65009279021508,3661
720493,Customer_720493,1447.52,70,23,0.2755561409897799,4.648824778556516,3662
66450,Customer_66450,1447.34,36,30,0.27552127321612596,4.648037736837407,3663
938108,Customer_938108,1447.32,18,9,0.2755173990190533,4.647950287757506,3664
688445,Customer_688445,1447.24,22,32,0.2755019022307627,4.6476004914379025,3665
26885,Customer_26885,1447.18,33,2,0.27549027963954476,4.6473381441982,3666
190317,Customer_190317,1447.08,73,4,0.27547090865418145,4.6469008987986955,3667
521163,Customer_521163,1447.03,19,33,0.2754612231614998,4.646682276098942,3668
463434,Customer_463434,1446.98,44,12,0.27545153766881814,4.6464636533991905,3669
796150,Customer_796150,1446.95,72,11,0.2754457263732092,4.646332479779338,3670
143437,Customer_143437,1446.84,47,24,0.2754244182893095,4.645851509839883,3671
235090,Customer_235090,1446.84,36,2,0.2754244182893095,4.645851509839883,3672
712477,Customer_712477,1446.73,37,38,0.27540311020541,4.645370539900429,3673
775815,Customer_775815,1446.73,44,29,0.27540311020541,4.645370539900429,3674
83161,Customer_83161,1446.69,66,14,0.2753953618112646,4.645195641740627,3675
961828,Customer_961828,1446.58,23,32,0.275374053727365,4.644714671801172,3676
702581,Customer_702581,1446.56,29,18,0.27537017953029236,4.644627222721271,3677
521430,Customer_521430,1446.39,72,36,0.2753372488551748,4.643883905542112,3678
507318,Customer_507318,1446.38,35,29,0.2753353117566385,4.643840181002163,3679
258289,Customer_258289,1446.34,39,38,0.27532756336249314,4.643665282842359,3680
717153,Customer_717153,1446.27,74,35,0.27531400367273884,4.643359211062707,3681
913531,Customer_913531,1446.25,61,15,0.2753101294756662,4.643271761982806,3682
850379,Customer_850379,1446.24,64,30,0.27530819237712983,4.643228037442855,3683
450540,Customer_450540,1446.04,50,33,0.27526945040640327,4.642353546643846,3684
889408,Customer_889408,1446.03,38,29,0.275267513307867,4.642309822103894,3685
124459,Customer_124459,1445.97,50,38,0.275255890716649,4.642047474864192,3686
157177,Customer_157177,1445.9,48,13,0.2752423310268947,4.64174140308454,3687
12464,Customer_12464,1445.78,42,31,0.27521908584445876,4.641216708605133,3688
602391,Customer_602391,1445.74,47,30,0.27521133745031345,4.641041810445331,3689
667083,Customer_667083,1445.73,28,8,0.2752094003517771,4.640998085905381,3690
132450,Customer_132450,1445.72,35,17,0.2752074632532408,4.64095436136543,3691
183826,Customer_183826,1445.67,69,7,0.27519777776055915,4.640735738665679,3692
679713,Customer_679713,1445.67,45,24,0.27519777776055915,4.640735738665679,3693
530932,Customer_530932,1445.63,69,19,0.27519002936641385,4.640560840505877,3694
766341,Customer_766341,1445.56,46,5,0.27517646967665954,4.640254768726223,3695
296431,Customer_296431,1445.53,36,13,0.27517065838105054,4.64012359510637,3696
276267,Customer_276267,1445.49,43,25,0.27516290998690524,4.639948696946569,3697
199762,Customer_199762,1445.4,51,24,0.2751454761000783,4.639555176087016,3698
549221,Customer_549221,1445.37,52,21,0.2751396648044693,4.639424002467163,3699
519646,Customer_519646,1445.37,48,39,0.2751396648044693,4.639424002467163,3700
67486,Customer_67486,1445.35,64,2,0.2751357906073966,4.639336553387262,3701
674647,Customer_674647,1445.34,66,34,0.27513385350886027,4.639292828847311,3702
364235,Customer_364235,1445.25,47,16,0.27511641962203337,4.638899307987758,3703
848947,Customer_848947,1445.22,23,20,0.27511060832642437,4.638768134367906,3704
141918,Customer_141918,1445.15,73,17,0.27509704863667006,4.638462062588254,3705
62939,Customer_62939,1445.07,52,37,0.2750815518483794,4.6381122662686485,3706
800317,Customer_800317,1445.0,54,38,0.27506799215862515,4.637806194488997,3707
644333,Customer_644333,1444.98,37,37,0.2750641179615525,4.637718745409096,3708
787963,Customer_787963,1444.95,41,28,0.2750583066659435,4.637587571789243,3709
145289,Customer_145289,1444.92,43,4,0.27505249537033455,4.637456398169393,3710
428770,Customer_428770,1444.91,69,20,0.2750505582717982,4.637412673629441,3711
442661,Customer_442661,1444.83,64,7,0.27503506148350754,4.637062877309838,3712
426156,Customer_426156,1444.79,74,6,0.27502731308936224,4.636887979150036,3713
329823,Customer_329823,1444.67,63,2,0.27500406790692633,4.636363284670631,3714
866612,Customer_866612,1444.54,31,18,0.274978885625954,4.635794865651275,3715
800359,Customer_800359,1444.54,39,28,0.274978885625954,4.635794865651275,3716
243990,Customer_243990,1444.5,50,34,0.2749711372318087,4.635619967491473,3717
211017,Customer_211017,1444.41,44,3,0.27495370334498176,4.6352264466319175,3718
341331,Customer_341331,1444.35,48,32,0.2749420807537638,4.634964099392215,3719
645855,Customer_645855,1444.3,36,32,0.27493239526108215,4.634745476692462,3720
658437,Customer_658437,1444.23,67,8,0.27491883557132785,4.6344394049128095,3721
543420,Customer_543420,1444.23,65,10,0.27491883557132785,4.6344394049128095,3722
554854,Customer_554854,1444.2,67,22,0.2749130242757189,4.634308231292958,3723
644386,Customer_644386,1444.19,64,6,0.27491108717718254,4.634264506753008,3724
770802,Customer_770802,1444.11,60,1,0.2748955903888919,4.633914710433403,3725
986540,Customer_986540,1444.08,45,16,0.27488977909328294,4.633783536813552,3726
171187,Customer_171187,1444.08,21,34,0.27488977909328294,4.633783536813552,3727
757758,Customer_757758,1443.78,33,5,0.27483166613719306,4.632471800615037,3728
838461,Customer_838461,1443.78,59,28,0.27483166613719306,4.632471800615037,3729
244695,Customer_244695,1443.76,48,36,0.2748277919401204,4.632384351535136,3730
613192,Customer_613192,1443.75,31,2,0.2748258548415841,4.632340626995187,3731
954569,Customer_954569,1443.73,62,5,0.27482198064451147,4.6322531779152865,3732
552714,Customer_552714,1443.69,69,17,0.27481423225036616,4.6320782797554845,3733
797951,Customer_797951,1443.64,46,16,0.2748045467576845,4.631859657055731,3734
770138,Customer_770138,1443.48,21,34,0.27477355318110325,4.631160064416524,3735
20014,Customer_20014,1443.16,60,7,0.2747115660279407,4.629760879138108,3736
196592,Customer_196592,1443.15,53,10,0.2747096289294044,4.629717154598159,3737
140428,Customer_140428,1443.13,23,28,0.2747057547323318,4.629629705518258,3738
229104,Customer_229104,1443.09,49,3,0.2746980063381864,4.629454807358454,3739
797550,Customer_797550,1443.08,54,8,0.27469606923965006,4.629411082818505,3740
424124,Customer_424124,1443.05,54,30,0.2746902579440411,4.629279909198653,3741
140152,Customer_140152,1443.01,23,23,0.2746825095498958,4.629105011038851,3742
599779,Customer_599779,1442.94,61,12,0.2746689498601415,4.628798939259198,3743
609595,Customer_609595,1442.92,41,37,0.27466507566306886,4.628711490179298,3744
410157,Customer_410157,1442.76,58,3,0.2746340820864876,4.628011897540088,3745
697430,Customer_697430,1442.71,42,11,0.27462439659380594,4.627793274840338,3746
232205,Customer_232205,1442.66,43,8,0.27461471110112434,4.627574652140584,3747
121266,Customer_121266,1442.51,34,13,0.2745856546230794,4.626918784041327,3748
501643,Customer_501643,1442.5,68,38,0.2745837175245431,4.626875059501377,3749
557324,Customer_557324,1442.41,40,23,0.2745662836377161,4.626481538641823,3750
421358,Customer_421358,1442.3,57,18,0.27454497555381646,4.626000568702366,3751
181924,Customer_181924,1442.22,62,39,0.27452947876552586,4.625650772382763,3752
948584,Customer_948584,1442.2,42,8,0.2745256045684532,4.625563323302862,3753
13798,Customer_13798,1442.17,37,3,0.27451979327284426,4.625432149683012,3754
913385,Customer_913385,1442.14,40,23,0.27451398197723526,4.625300976063159,3755
606515,Customer_606515,1442.14,31,34,0.27451398197723526,4.625300976063159,3756
476514,Customer_476514,1442.14,52,35,0.27451398197723526,4.625300976063159,3757
66065,Customer_66065,1442.03,20,15,0.2744926738933356,4.624820006123704,3758
561971,Customer_561971,1441.91,69,25,0.2744694287108997,4.624295311644299,3759
899715,Customer_899715,1441.85,73,7,0.2744578061196817,4.624032964404596,3760
23547,Customer_23547,1441.64,26,13,0.2744171270504188,4.6231147490656355,3761
252898,Customer_252898,1441.62,46,29,0.27441325285334617,4.623027299985735,3762
493854,Customer_493854,1441.42,23,15,0.2743745108826196,4.622152809186726,3763
9392,Customer_9392,1441.34,69,11,0.27435901409432895,4.621803012867121,3764
447681,Customer_447681,1441.15,39,39,0.27432220922213874,4.620972246608064,3765
937916,Customer_937916,1441.04,69,36,0.27430090113823913,4.6204912766686075,3766
510318,Customer_510318,1441.02,63,15,0.2742970269411665,4.6204038275887065,3767
898256,Customer_898256,1440.96,21,2,0.2742854043499485,4.620141480349004,3768
839485,Customer_839485,1440.91,62,38,0.27427571885726687,4.619922857649251,3769
648754,Customer_648754,1440.84,44,37,0.2742621591675125,4.619616785869597,3770
988104,Customer_988104,1440.65,48,20,0.27422535429532235,4.61878601961054,3771
299176,Customer_299176,1440.63,45,9,0.2742214800982497,4.618698570530639,3772
226411,Customer_226411,1440.49,50,14,0.27419436071874104,4.618086426971331,3773
923595,Customer_923595,1440.48,72,8,0.27419242362020474,4.6180427024313815,3774
19909,Customer_19909,1440.45,64,36,0.27418661232459574,4.617911528811529,3775
128887,Customer_128887,1440.44,69,27,0.27418467522605944,4.6178678042715795,3776
337679,Customer_337679,1440.4,51,38,0.27417692683191414,4.6176929061117775,3777
541017,Customer_541017,1439.98,46,18,0.2740955686933883,4.615856475433858,3778
802540,Customer_802540,1439.84,21,15,0.2740684493138797,4.61524433187455,3779
495076,Customer_495076,1439.73,25,12,0.2740471412299801,4.614763361935095,3780
441411,Customer_441411,1439.59,57,16,0.2740200218504715,4.614151218375787,3781
15506,Customer_15506,1439.54,19,14,0.2740103363577899,4.613932595676037,3782
965535,Customer_965535,1439.53,30,27,0.2740083992592535,4.613888871136084,3783
66447,Customer_66447,1439.31,49,35,0.2739657830914543,4.612926931257175,3784
891931,Customer_891931,1439.29,53,26,0.27396190889438166,4.612839482177274,3785
938205,Customer_938205,1439.27,34,21,0.273958034697309,4.612752033097373,3786
557612,Customer_557612,1439.18,68,39,0.27394060081048205,4.612358512237819,3787
881869,Customer_881869,1439.17,39,10,0.27393866371194575,4.612314787697869,3788
934182,Customer_934182,1439.07,28,3,0.27391929272658244,4.611877542298362,3789
329884,Customer_329884,1439.05,22,22,0.2739154185295098,4.6117900932184615,3790
534323,Customer_534323,1439.04,39,19,0.27391348143097344,4.611746368678513,3791
77807,Customer_77807,1438.98,39,6,0.2739018588397555,4.61148402143881,3792
128847,Customer_128847,1438.97,57,33,0.27389992174121913,4.611440296898858,3793
148887,Customer_148887,1438.94,39,13,0.2738941104456102,4.611309123279008,3794
584726,Customer_584726,1438.91,33,21,0.2738882991500012,4.611177949659155,3795
579214,Customer_579214,1438.81,46,10,0.27386892816463787,4.610740704259651,3796
940489,Customer_940489,1438.81,57,27,0.27386892816463787,4.610740704259651,3797
669251,Customer_669251,1438.79,67,14,0.2738650539675652,4.61065325517975,3798
352295,Customer_352295,1438.79,46,12,0.2738650539675652,4.61065325517975,3799
668220,Customer_668220,1438.75,22,22,0.2738573055734199,4.610478357019948,3800
46255,Customer_46255,1438.68,24,27,0.2738437458836656,4.610172285240295,3801
158923,Customer_158923,1438.67,49,39,0.2738418087851293,4.610128560700345,3802
305617,Customer_305617,1438.61,57,25,0.2738301861939113,4.6098662134606405,3803
441916,Customer_441916,1438.55,58,35,0.27381856360269335,4.609603866220938,3804
34713,Customer_34713,1438.51,62,31,0.27381081520854805,4.6094289680611364,3805
58329,Customer_58329,1438.5,36,12,0.2738088781100117,4.609385243521187,3806
138712,Customer_138712,1438.49,23,22,0.2738069410114754,4.6093415189812355,3807
531795,Customer_531795,1438.3,26,38,0.27377013613928514,4.608510752722176,3808
117283,Customer_117283,1438.28,19,5,0.2737662619422125,4.608423303642275,3809
825612,Customer_825612,1438.25,48,11,0.2737604506466035,4.608292130022425,3810
549517,Customer_549517,1438.22,18,14,0.27375463935099453,4.608160956402573,3811
676352,Customer_676352,1438.21,70,32,0.2737527022524582,4.608117231862623,3812
535673,Customer_535673,1438.12,45,21,0.2737352683656312,4.607723711003068,3813
761600,Customer_761600,1438.06,39,19,0.27372364577441327,4.607461363763366,3814
747735,Customer_747735,1438.03,49,18,0.27371783447880427,4.6073301901435135,3815
911576,Customer_911576,1437.93,28,14,0.273698463493441,4.606892944744009,3816
425034,Customer_425034,1437.85,59,23,0.27368296670515035,4.6065431484244055,3817
344115,Customer_344115,1437.76,59,13,0.2736655328183234,4.60614962756485,3818
279033,Customer_279033,1437.69,53,23,0.27365197312856915,4.605843555785198,3819
773000,Customer_773000,1437.68,26,1,0.2736500360300328,4.605799831245247,3820
985282,Customer_985282,1437.63,30,22,0.2736403505373512,4.6055812085454955,3821
412001,Customer_412001,1437.6,56,10,0.27363453924174214,4.605450034925644,3822
952295,Customer_952295,1437.55,38,32,0.27362485374906054,4.605231412225891,3823
547394,Customer_547394,1437.52,22,30,0.27361904245345153,4.60510023860604,3824
682057,Customer_682057,1437.5,24,6,0.2736151682563789,4.605012789526139,3825
555520,Customer_555520,1437.47,28,19,0.2736093569607699,4.604881615906287,3826
651392,Customer_651392,1437.42,33,29,0.2735996714680883,4.604662993206536,3827
166980,Customer_166980,1437.4,58,13,0.27359579727101563,4.604575544126635,3828
289030,Customer_289030,1437.37,25,7,0.27358998597540657,4.604444370506783,3829
192660,Customer_192660,1437.32,30,11,0.27358030048272497,4.604225747807029,3830
365125,Customer_365125,1437.28,31,35,0.27357255208857967,4.604050849647227,3831
161878,Customer_161878,1437.24,51,30,0.27356480369443437,4.603875951487426,3832
315826,Customer_315826,1437.23,52,36,0.273562866595898,4.6038322269474765,3833
453908,Customer_453908,1437.12,51,4,0.2735415585119984,4.60335125700802,3834
950351,Customer_950351,1436.96,56,20,0.27351056493541714,4.602651664368814,3835
270511,Customer_270511,1436.86,18,24,0.27349119395005383,4.602214418969307,3836
344196,Customer_344196,1436.85,43,39,0.27348925685151754,4.602170694429358,3837
26193,Customer_26193,1436.83,25,19,0.2734853826544449,4.602083245349457,3838
467978,Customer_467978,1436.7,31,33,0.27346020037347263,4.6015148263301,3839
745474,Customer_745474,1436.69,68,1,0.2734582632749363,4.601471101790151,3840
611095,Customer_611095,1436.57,65,8,0.2734350180925003,4.600946407310744,3841
899076,Customer_899076,1436.5,63,5,0.27342145840274606,4.600640335531091,3842
628501,Customer_628501,1436.47,56,19,0.27341564710713706,4.600509161911239,3843
57836,Customer_57836,1436.44,59,13,0.2734098358115281,4.600377988291389,3844
267521,Customer_267521,1436.32,73,30,0.27338659062909215,4.599853293811981,3845
573537,Customer_573537,1436.05,61,15,0.2733342889686113,4.598672731233319,3846
493091,Customer_493091,1435.97,57,9,0.2733187921803206,4.598322934913716,3847
245458,Customer_245458,1435.92,28,35,0.273309106687639,4.598104312213964,3848
3157,Customer_3157,1435.79,23,14,0.2732839244066667,4.597535893194608,3849
755874,Customer_755874,1435.65,61,26,0.27325680502715816,4.596923749635302,3850
850152,Customer_850152,1435.63,18,28,0.2732529308300855,4.596836300555401,3851
927811,Customer_927811,1435.62,61,27,0.27325099373154915,4.596792576015449,3852
940738,Customer_940738,1435.58,44,3,0.27324324533740385,4.596617677855647,3853
397438,Customer_397438,1435.47,19,7,0.27322193725350424,4.596136707916192,3854
219913,Customer_219913,1435.46,32,28,0.2732200001549679,4.596092983376242,3855
628692,Customer_628692,1435.39,60,13,0.27320644046521364,4.595786911596588,3856
579151,Customer_579151,1435.33,30,18,0.27319481787399563,4.595524564356886,3857
326202,Customer_326202,1435.25,38,9,0.27317932108570503,4.595174768037282,3858
462028,Customer_462028,1435.12,70,29,0.2731541388047327,4.594606349017925,3859
536532,Customer_536532,1435.02,25,38,0.27313476781936946,4.594169103618421,3860
62014,Customer_62014,1434.99,59,9,0.27312895652376046,4.594037929998569,3861
524057,Customer_524057,1434.78,36,31,0.27308827745449754,4.5931197146596086,3862
703514,Customer_703514,1434.74,52,31,0.27308052906035224,4.592944816499807,3863
685622,Customer_685622,1434.69,61,9,0.27307084356767064,4.592726193800056,3864
445346,Customer_445346,1434.64,41,31,0.273061158074989,4.5925075711003025,3865
208228,Customer_208228,1434.59,51,4,0.27305147258230733,4.592288948400549,3866
103344,Customer_103344,1434.58,34,22,0.273049535483771,4.5922452238605995,3867
727747,Customer_727747,1434.58,39,22,0.273049535483771,4.5922452238605995,3868
449276,Customer_449276,1434.56,38,4,0.2730456612866983,4.5921577747806985,3869
733870,Customer_733870,1434.54,32,3,0.2730417870896257,4.592070325700798,3870
397187,Customer_397187,1434.47,47,6,0.2730282273998714,4.591764253921144,3871
305419,Customer_305419,1434.42,53,21,0.27301854190718977,4.5915456312213925,3872
27751,Customer_27751,1434.42,21,27,0.27301854190718977,4.5915456312213925,3873
138298,Customer_138298,1434.37,38,27,0.2730088564145081,4.59132700852164,3874
177180,Customer_177180,1434.36,62,30,0.27300691931597176,4.591283283981688,3875
294271,Customer_294271,1434.35,47,8,0.2730049822174354,4.591239559441739,3876
526242,Customer_526242,1434.29,29,23,0.27299335962621746,4.590977212202036,3877
887038,Customer_887038,1434.2,33,1,0.27297592573939056,4.590583691342482,3878
88504,Customer_88504,1434.18,29,10,0.2729720515423179,4.590496242262581,3879
222745,Customer_222745,1434.16,42,19,0.27296817734524526,4.59040879318268,3880
962679,Customer_962679,1434.05,21,36,0.2729468692613456,4.589927823243223,3881
677244,Customer_677244,1433.96,64,15,0.27292943537451864,4.5895343023836705,3882
70355,Customer_70355,1433.92,69,7,0.27292168698037333,4.589359404223869,3883
27804,Customer_27804,1433.91,62,11,0.27291974988183704,4.589315679683917,3884
422679,Customer_422679,1433.87,42,22,0.2729120014876917,4.589140781524116,3885
295152,Customer_295152,1433.86,33,38,0.2729100643891553,4.589097056984165,3886
899576,Customer_899576,1433.86,25,34,0.2729100643891553,4.589097056984165,3887
449343,Customer_449343,1433.65,63,28,0.27286938531989247,4.588178841645206,3888
66177,Customer_66177,1433.57,33,8,0.2728538885316018,4.5878290453256,3889
230862,Customer_230862,1433.55,58,18,0.27285001433452916,4.5877415962457,3890
713126,Customer_713126,1433.54,74,19,0.27284807723599286,4.587697871705751,3891
283778,Customer_283778,1433.46,55,16,0.27283258044770226,4.587348075386147,3892
545048,Customer_545048,1433.46,45,8,0.27283258044770226,4.587348075386147,3893
343758,Customer_343758,1433.44,34,17,0.2728287062506296,4.587260626306246,3894
877337,Customer_877337,1433.44,63,23,0.2728287062506296,4.587260626306246,3895
972061,Customer_972061,1433.43,40,33,0.27282676915209325,4.587216901766294,3896
855145,Customer_855145,1433.41,68,37,0.2728228949550206,4.587129452686393,3897
603028,Customer_603028,1433.4,29,19,0.2728209578564843,4.5870857281464446,3898
192502,Customer_192502,1433.37,62,4,0.27281514656087524,4.586954554526592,3899
185140,Customer_185140,1433.31,33,3,0.2728035239696573,4.586692207286889,3900
837052,Customer_837052,1433.23,73,15,0.2727880271813667,4.586342410967286,3901
589375,Customer_589375,1433.22,73,11,0.27278609008283033,4.586298686427335,3902
750625,Customer_750625,1433.22,22,21,0.27278609008283033,4.586298686427335,3903
890832,Customer_890832,1432.96,70,32,0.2727357255208858,4.585161848388623,3904
59176,Customer_59176,1432.96,39,30,0.2727357255208858,4.585161848388623,3905
876290,Customer_876290,1432.95,49,31,0.2727337884223495,4.585118123848671,3906
389284,Customer_389284,1432.83,18,13,0.2727105432399135,4.584593429369266,3907
921218,Customer_921218,1432.79,38,6,0.2727027948457682,4.584418531209464,3908
535854,Customer_535854,1432.77,45,17,0.27269892064869555,4.584331082129563,3909
493615,Customer_493615,1432.77,35,1,0.27269892064869555,4.584331082129563,3910
373567,Customer_373567,1432.72,61,9,0.27268923515601395,4.584112459429811,3911
335842,Customer_335842,1432.72,33,12,0.27268923515601395,4.584112459429811,3912
460938,Customer_460938,1432.7,74,16,0.2726853609589413,4.58402501034991,3913
151308,Customer_151308,1432.66,42,32,0.272677612564796,4.583850112190108,3914
412440,Customer_412440,1432.63,41,36,0.272671801269187,4.583718938570257,3915
340058,Customer_340058,1432.61,63,5,0.2726679270721143,4.5836314894903545,3916
577929,Customer_577929,1432.59,47,29,0.27266405287504164,4.5835440404104535,3917
152022,Customer_152022,1432.58,73,19,0.27266211577650534,4.583500315870505,3918
207602,Customer_207602,1432.57,58,33,0.272660178677969,4.583456591330553,3919
825018,Customer_825018,1432.56,30,33,0.2726582415794327,4.583412866790604,3920
614173,Customer_614173,1432.49,32,29,0.2726446818896784,4.583106795010949,3921
862969,Customer_862969,1432.41,74,25,0.2726291851013878,4.582756998691346,3922
637153,Customer_637153,1432.38,66,3,0.2726233738057788,4.582625825071496,3923
161261,Customer_161261,1432.33,22,25,0.2726136883130971,4.582407202371742,3924
330659,Customer_330659,1432.25,24,28,0.2725981915248065,4.582057406052139,3925
872384,Customer_872384,1432.21,26,5,0.2725904431306612,4.581882507892337,3926
892167,Customer_892167,1432.13,73,37,0.27257494634237056,4.581532711572734,3927
612962,Customer_612962,1432.12,41,31,0.2725730092438342,4.581488987032782,3928
508196,Customer_508196,1432.06,58,31,0.27256138665261626,4.58122663979308,3929
42090,Customer_42090,1432.0,51,9,0.2725497640613983,4.580964292553377,3930
756736,Customer_756736,1431.94,49,20,0.27253814147018035,4.580701945313675,3931
192973,Customer_192973,1431.88,41,15,0.2725265188789624,4.580439598073972,3932
259120,Customer_259120,1431.86,63,32,0.2725226446818897,4.580352148994069,3933
465091,Customer_465091,1431.86,49,34,0.2725226446818897,4.580352148994069,3934
641289,Customer_641289,1431.83,72,31,0.2725168333862807,4.5802209753742185,3935
912716,Customer_912716,1431.77,67,7,0.27250521079506274,4.579958628134516,3936
730578,Customer_730578,1431.73,54,23,0.27249746240091743,4.579783729974714,3937
126239,Customer_126239,1431.58,22,26,0.27246840592287247,4.579127861875457,3938
604456,Customer_604456,1431.56,23,33,0.2724645317257998,4.579040412795556,3939
53047,Customer_53047,1431.49,69,29,0.27245097203604557,4.578734341015902,3940
219134,Customer_219134,1431.43,42,19,0.2724393494448276,4.5784719937761995,3941
391543,Customer_391543,1431.42,26,15,0.27243741234629126,4.57842826923625,3942
933241,Customer_933241,1431.14,47,4,0.2723831735872741,4.577203982117636,3943
989168,Customer_989168,1431.11,27,29,0.27237736229166504,4.577072808497784,3944
560162,Customer_560162,1431.1,43,29,0.27237542519312874,4.577029083957834,3945
624771,Customer_624771,1431.04,50,26,0.2723638026019108,4.576766736718131,3946
482393,Customer_482393,1431.02,59,17,0.27235992840483814,4.57667928763823,3947
230129,Customer_230129,1430.99,22,20,0.27235411710922913,4.576548114018378,3948
496477,Customer_496477,1430.92,73,20,0.2723405574194748,4.576242042238726,3949
481790,Customer_481790,1430.83,62,35,0.27232312353264787,4.575848521379171,3950
75572,Customer_75572,1430.75,42,27,0.27230762674435727,4.575498725059568,3951
819116,Customer_819116,1430.74,49,30,0.2723056896458209,4.575455000519616,3952
945716,Customer_945716,1430.59,31,22,0.272276633167776,4.574799132420359,3953
553282,Customer_553282,1430.46,34,5,0.27225145088680375,4.574230713401004,3954
733523,Customer_733523,1430.45,72,29,0.2722495137882674,4.574186988861053,3955
978368,Customer_978368,1430.42,63,24,0.27224370249265845,4.574055815241202,3956
373631,Customer_373631,1430.4,50,16,0.2722398282955858,4.573968366161301,3957
234705,Customer_234705,1430.39,18,29,0.27223789119704944,4.57392464162135,3958
384020,Customer_384020,1430.31,59,17,0.2722223944087588,4.573574845301747,3959
738408,Customer_738408,1430.25,54,1,0.27221077181754083,4.573312498062044,3960
180890,Customer_180890,1430.23,21,2,0.2722068976204682,4.573225048982143,3961
252319,Customer_252319,1430.21,27,26,0.27220302342339553,4.573137599902242,3962
960631,Customer_960631,1430.19,29,30,0.2721991492263229,4.573050150822342,3963
519175,Customer_519175,1430.18,56,27,0.2721972121277865,4.573006426282389,3964
752972,Customer_752972,1430.06,67,23,0.27217396694535057,4.572481731802984,3965
148374,Customer_148374,1429.92,29,7,0.272146847565842,4.571869588243678,3966
924400,Customer_924400,1429.86,52,38,0.272135224974624,4.571607241003973,3967
113522,Customer_113522,1429.85,52,13,0.2721332878760877,4.571563516464025,3968
603907,Customer_603907,1429.82,33,17,0.2721274765804787,4.571432342844172,3969
840590,Customer_840590,1429.73,73,37,0.27211004269365174,4.571038821984619,3970
558321,Customer_558321,1429.65,54,25,0.27209454590536114,4.570689025665016,3971
567623,Customer_567623,1429.59,55,22,0.27208292331414313,4.570426678425311,3972
626612,Customer_626612,1429.56,66,34,0.2720771120185342,4.57029550480546,3973
916997,Customer_916997,1429.48,60,36,0.2720616152302435,4.569945708485857,3974
726933,Customer_726933,1429.3,48,24,0.2720267474565896,4.569158666766747,3975
348489,Customer_348489,1429.28,55,37,0.27202287325951696,4.569071217686846,3976
727379,Customer_727379,1429.26,30,18,0.2720189990624443,4.568983768606945,3977
591943,Customer_591943,1429.24,64,21,0.27201512486537166,4.5688963195270444,3978
850558,Customer_850558,1429.16,22,37,0.27199962807708106,4.568546523207441,3979
667439,Customer_667439,1429.12,61,38,0.2719918796829357,4.568371625047639,3980
822498,Customer_822498,1429.12,47,30,0.2719918796829357,4.568371625047639,3981
917813,Customer_917813,1429.11,69,21,0.2719899425843994,4.568327900507688,3982
214555,Customer_214555,1429.04,19,30,0.2719763828946451,4.568021828728036,3983
782540,Customer_782540,1428.91,53,21,0.27195120061367284,4.567453409708679,3984
606111,Customer_606111,1428.9,21,3,0.27194926351513654,4.56740968516873,3985
649644,Customer_649644,1428.83,33,22,0.2719357038253822,4.567103613389076,3986
430802,Customer_430802,1428.77,32,25,0.2719240812341642,4.566841266149373,3987
710697,Customer_710697,1428.54,19,11,0.27187952796782866,4.565835601730512,3988
286117,Customer_286117,1428.53,27,10,0.27187759086929236,4.565791877190561,3989
957323,Customer_957323,1428.45,73,39,0.27186209408100176,4.565442080870957,3990
416499,Customer_416499,1428.4,35,38,0.2718524085883201,4.565223458171206,3991
351499,Customer_351499,1428.36,34,27,0.27184466019417475,4.565048560011403,3992
118956,Customer_118956,1428.3,25,39,0.2718330376029568,4.5647862127717,3993
177473,Customer_177473,1428.26,32,26,0.2718252892088115,4.564611314611898,3994
565938,Customer_565938,1428.22,60,25,0.2718175408146662,4.5644364164520965,3995
753249,Customer_753249,1428.06,67,39,0.27178654723808493,4.5637368238128895,3996
656660,Customer_656660,1428.01,46,26,0.2717768617454033,4.563518201113136,3997
412682,Customer_412682,1427.98,59,5,0.2717710504497943,4.5633870274932855,3998
864773,Customer_864773,1427.97,50,8,0.271769113351258,4.563343302953334,3999
63219,Customer_63219,1427.94,49,35,0.27176330205564897,4.5632121293334835,4000
956400,Customer_956400,1427.84,31,12,0.27174393107028566,4.562774883933978,4001
858324,Customer_858324,1427.81,56,25,0.2717381197746767,4.562643710314127,4002
765579,Customer_765579,1427.75,61,30,0.27172649718345876,4.562381363074425,4003
31278,Customer_31278,1427.71,55,30,0.27171874878931346,4.562206464914623,4004
649066,Customer_649066,1427.64,52,32,0.27170518909955915,4.561900393134969,4005
77505,Customer_77505,1427.64,71,20,0.27170518909955915,4.561900393134969,4006
313398,Customer_313398,1427.54,23,24,0.27168581811419584,4.561463147735465,4007
914646,Customer_914646,1427.53,43,36,0.2716838810156595,4.561419423195513,4008
405877,Customer_405877,1427.53,28,23,0.2716838810156595,4.561419423195513,4009
25302,Customer_25302,1427.33,42,20,0.2716451390449329,4.560544932396504,4010
893144,Customer_893144,1427.31,42,21,0.2716412648478603,4.560457483316603,4011
422693,Customer_422693,1427.23,31,18,0.27162576805956967,4.560107686997,4012
715278,Customer_715278,1427.16,45,22,0.27161220836981537,4.559801615217346,4013
712188,Customer_712188,1427.07,45,13,0.2715947744829884,4.559408094357791,4014
681755,Customer_681755,1427.04,55,5,0.2715889631873794,4.559276920737941,4015
471378,Customer_471378,1426.93,56,12,0.27156765510347985,4.558795950798485,4016
590810,Customer_590810,1426.92,18,39,0.2715657180049435,4.558752226258536,4017
288745,Customer_288745,1426.91,50,22,0.2715637809064072,4.558708501718584,4018
316779,Customer_316779,1426.88,63,23,0.2715579696107982,4.558577328098734,4019
643675,Customer_643675,1426.82,50,17,0.2715463470195802,4.558314980859029,4020
268932,Customer_268932,1426.76,49,36,0.27153472442836224,4.558052633619327,4021
989690,Customer_989690,1426.71,22,25,0.2715250389356806,4.557834010919575,4022
235914,Customer_235914,1426.69,74,13,0.27152116473860793,4.557746561839674,4023
146243,Customer_146243,1426.65,28,19,0.27151341634446263,4.557571663679872,4024
596791,Customer_596791,1426.45,21,8,0.27147467437373607,4.556697172880862,4025
602454,Customer_602454,1426.33,38,16,0.2714514291913001,4.556172478401456,4026
550748,Customer_550748,1426.32,72,18,0.27144949209276376,4.556128753861505,4027
986261,Customer_986261,1426.27,51,9,0.27143980660008216,4.555910131161754,4028
648905,Customer_648905,1426.23,61,3,0.27143205820593685,4.555735233001952,4029
82807,Customer_82807,1426.19,50,7,0.27142430981179155,4.55556033484215,4030
739997,Customer_739997,1426.16,41,18,0.27141849851618255,4.555429161222298,4031
923377,Customer_923377,1426.14,29,20,0.2714146243191099,4.555341712142398,4032
912760,Customer_912760,1426.13,39,5,0.2714126872205736,4.555297987602448,4033
359391,Customer_359391,1426.12,60,23,0.2714107501220372,4.555254263062497,4034
488570,Customer_488570,1425.99,34,5,0.27138556784106493,4.5546858440431395,4035
136447,Customer_136447,1425.95,30,27,0.27137781944691963,4.554510945883338,4036
325114,Customer_325114,1425.79,68,30,0.27134682587033837,4.553811353244131,4037
904717,Customer_904717,1425.76,41,25,0.2713410145747294,4.553680179624279,4038
910765,Customer_910765,1425.66,32,32,0.2713216435893661,4.553242934224774,4039
796511,Customer_796511,1425.46,59,20,0.27128290161863955,4.552368443425766,4040
979607,Customer_979607,1425.46,61,20,0.27128290161863955,4.552368443425766,4041
163444,Customer_163444,1425.44,30,38,0.2712790274215669,4.552280994345865,4042
554082,Customer_554082,1425.34,38,28,0.2712596564362036,4.551843748946358,4043
565278,Customer_565278,1425.27,33,13,0.27124609674644934,4.551537677166706,4044
479200,Customer_479200,1425.03,70,33,0.2711996063815774,4.550488288207894,4045
231079,Customer_231079,1424.9,20,29,0.27117442410060516,4.549919869188539,4046
229521,Customer_229521,1424.9,53,13,0.27117442410060516,4.549919869188539,4047
392375,Customer_392375,1424.86,74,14,0.27116667570645986,4.549744971028735,4048
372522,Customer_372522,1424.85,68,19,0.2711647386079235,4.5497012464887865,4049
551438,Customer_551438,1424.84,69,8,0.2711628015093872,4.549657521948834,4050
683223,Customer_683223,1424.84,55,38,0.2711628015093872,4.549657521948834,4051
366829,Customer_366829,1424.79,39,15,0.27115311601670555,4.5494388992490835,4052
623094,Customer_623094,1424.77,40,27,0.2711492418196329,4.5493514501691825,4053
904762,Customer_904762,1424.65,50,16,0.271125996637197,4.5488267556897775,4054
458960,Customer_458960,1424.63,30,35,0.27112212244012435,4.5487393066098765,4055
886653,Customer_886653,1424.63,30,38,0.27112212244012435,4.5487393066098765,4056
17243,Customer_17243,1424.59,53,27,0.271114374045979,4.548564408450073,4057
908663,Customer_908663,1424.58,60,20,0.27111243694744264,4.548520683910123,4058
132298,Customer_132298,1424.57,64,5,0.27111049984890634,4.548476959370172,4059
397946,Customer_397946,1424.55,53,27,0.2711066256518337,4.548389510290271,4060
503555,Customer_503555,1424.55,47,8,0.2711066256518337,4.548389510290271,4061
339003,Customer_339003,1424.55,59,9,0.2711066256518337,4.548389510290271,4062
79871,Customer_79871,1424.45,43,29,0.2710872546664704,4.547952264890767,4063
109321,Customer_109321,1424.2,74,28,0.2710388272030622,4.546859151392005,4064
284837,Customer_284837,1424.19,43,23,0.27103689010452586,4.5468154268520555,4065
7993,Customer_7993,1424.03,36,23,0.2710058965279446,4.546115834212847,4066
206925,Customer_206925,1424.01,20,18,0.27100202233087195,4.546028385132946,4067
664512,Customer_664512,1423.98,61,16,0.27099621103526295,4.545897211513095,4068
655285,Customer_655285,1423.89,40,16,0.27097877714843605,4.54550369065354,4069
292713,Customer_292713,1423.77,28,36,0.2709555319660001,4.544978996174135,4070
693542,Customer_693542,1423.76,20,17,0.27095359486746373,4.544935271634183,4071
792952,Customer_792952,1423.74,50,25,0.2709497206703911,4.544847822554282,4072
889984,Customer_889984,1423.58,45,32,0.2709187270938098,4.544148229915075,4073
416965,Customer_416965,1423.42,27,28,0.2708877335172286,4.543448637275868,4074
510633,Customer_510633,1423.35,34,2,0.27087417382747425,4.543142565496215,4075
928631,Customer_928631,1423.25,46,30,0.270854802842111,4.542705320096711,4076
326419,Customer_326419,1423.15,71,10,0.27083543185674774,4.542268074697206,4077
236813,Customer_236813,1423.11,32,38,0.2708276834626024,4.542093176537402,4078
357950,Customer_357950,1423.06,50,29,0.27081799796992073,4.541874553837651,4079
28399,Customer_28399,1423.01,48,23,0.27080831247723913,4.541655931137898,4080
507020,Customer_507020,1422.99,55,17,0.2708044382801665,4.541568482057997,4081
449511,Customer_449511,1422.97,37,10,0.2708005640830938,4.541481032978096,4082
911608,Customer_911608,1422.9,61,21,0.2707870043933395,4.541174961198444,4083
318974,Customer_318974,1422.86,44,4,0.27077925599919417,4.5410000630386405,4084
974763,Customer_974763,1422.79,31,34,0.27076569630943986,4.540693991258988,4085
582508,Customer_582508,1422.78,31,6,0.27076375921090357,4.5406502667190365,4086
371778,Customer_371778,1422.74,18,28,0.27075601081675826,4.540475368559235,4087
522690,Customer_522690,1422.74,30,11,0.27075601081675826,4.540475368559235,4088
788271,Customer_788271,1422.63,21,35,0.27073470273285866,4.539994398619781,4089
518063,Customer_518063,1422.61,62,38,0.27073082853578595,4.539906949539878,4090
358291,Customer_358291,1422.32,66,17,0.27067465267823243,4.538638937881315,4091
713095,Customer_713095,1422.27,52,35,0.27066496718555083,4.538420315181564,4092
451009,Customer_451009,1422.19,50,23,0.2706494703972602,4.53807051886196,4093
902310,Customer_902310,1422.13,62,19,0.2706378478060422,4.537808171622258,4094
576981,Customer_576981,1422.08,55,6,0.27062816231336057,4.537589548922504,4095
535949,Customer_535949,1422.07,22,20,0.2706262252148242,4.537545824382553,4096
72350,Customer_72350,1421.92,65,6,0.27059716873677936,4.536889956283297,4097
373841,Customer_373841,1421.79,19,38,0.27057198645580705,4.536321537263941,4098
826135,Customer_826135,1421.79,72,28,0.27057198645580705,4.536321537263941,4099
907332,Customer_907332,1421.78,63,34,0.2705700493572707,4.536277812723989,4100
437542,Customer_437542,1421.72,73,7,0.27055842676605274,4.536015465484287,4101
407895,Customer_407895,1421.71,21,1,0.27055648966751644,4.535971740944337,4102
453013,Customer_453013,1421.7,29,33,0.2705545525689801,4.535928016404386,4103
508744,Customer_508744,1421.5,34,9,0.2705158105982535,4.535053525605377,4104
530518,Customer_530518,1421.5,53,28,0.2705158105982535,4.535053525605377,4105
901998,Customer_901998,1421.47,50,22,0.2705099993026446,4.534922351985524,4106
842809,Customer_842809,1421.41,65,2,0.27049837671142657,4.534660004745822,4107
451290,Customer_451290,1421.32,43,1,0.2704809428245996,4.534266483886267,4108
650389,Customer_650389,1421.27,59,27,0.27047125733191796,4.534047861186516,4109
720226,Customer_720226,1421.24,23,28,0.270465446036309,4.533916687566664,4110
466490,Customer_466490,1421.19,37,31,0.27045576054362735,4.533698064866912,4111
523201,Customer_523201,1421.17,59,22,0.2704518863465547,4.533610615787011,4112
780808,Customer_780808,1421.17,66,20,0.2704518863465547,4.533610615787011,4113
658246,Customer_658246,1421.12,32,9,0.27044220085387305,4.533391993087259,4114
124261,Customer_124261,1421.08,63,10,0.27043445245972775,4.533217094927457,4115
335643,Customer_335643,1421.08,67,1,0.27043445245972775,4.533217094927457,4116
247629,Customer_247629,1421.08,43,39,0.27043445245972775,4.533217094927457,4117
765330,Customer_765330,1421.04,60,16,0.2704267040655824,4.533042196767655,4118
732246,Customer_732246,1420.95,32,10,0.2704092701787555,4.5326486759081,4119
896297,Customer_896297,1420.91,30,6,0.2704015217846102,4.532473777748298,4120
671228,Customer_671228,1420.74,29,10,0.2703685911094926,4.53173046056914,4121
843662,Customer_843662,1420.74,45,36,0.2703685911094926,4.53173046056914,4122
834921,Customer_834921,1420.69,20,7,0.2703589056168109,4.531511837869388,4123
781200,Customer_781200,1420.61,53,15,0.27034340882852026,4.531162041549783,4124
545588,Customer_545588,1420.59,47,28,0.2703395346314476,4.531074592469882,4125
14379,Customer_14379,1420.49,20,27,0.27032016364608435,4.530637347070378,4126
969901,Customer_969901,1420.45,38,37,0.27031241525193905,4.530462448910576,4127
934046,Customer_934046,1420.24,36,15,0.27027173618267614,4.529544233571616,4128
557090,Customer_557090,1420.15,44,4,0.27025430229584924,4.529150712712063,4129
350634,Customer_350634,1420.13,44,20,0.2702504280987766,4.529063263632162,4130
584273,Customer_584273,1419.98,72,13,0.2702213716207316,4.528407395532905,4131
178948,Customer_178948,1419.95,40,5,0.2702155603251226,4.528276221913052,4132
730675,Customer_730675,1419.88,69,31,0.27020200063536837,4.5279701501334,4133
421959,Customer_421959,1419.8,20,18,0.2701865038470777,4.527620353813795,4134
317338,Customer_317338,1419.79,22,34,0.27018456674854135,4.527576629273845,4135
796224,Customer_796224,1419.67,69,21,0.27016132156610545,4.52705193479444,4136
570620,Customer_570620,1419.59,29,25,0.2701458247778148,4.5267021384748345,4137
198097,Customer_198097,1419.58,29,37,0.2701438876792785,4.526658413934885,4138
147702,Customer_147702,1419.54,37,15,0.2701361392851332,4.526483515775083,4139
157350,Customer_157350,1419.45,63,1,0.27011870539830624,4.526089994915528,4140
551998,Customer_551998,1419.4,44,15,0.2701090199056246,4.525871372215777,4141
989731,Customer_989731,1419.34,25,14,0.2700973973144066,4.525609024976073,4142
623859,Customer_623859,1419.24,40,26,0.2700780263290433,4.525171779576568,4143
78579,Customer_78579,1419.15,49,17,0.27006059244221636,4.524778258717015,4144
393920,Customer_393920,1419.14,29,19,0.27005865534368007,4.524734534177064,4145
968606,Customer_968606,1419.13,23,33,0.2700567182451437,4.524690809637114,4146
849311,Customer_849311,1419.07,40,16,0.2700450956539257,4.52442846239741,4147
559151,Customer_559151,1419.05,72,27,0.27004122145685305,4.524341013317509,4148
453253,Customer_453253,1418.84,62,24,0.2700005423875902,4.523422797978549,4149
648837,Customer_648837,1418.82,18,35,0.26999666819051754,4.523335348898648,4150
377091,Customer_377091,1418.77,61,9,0.2699869826978359,4.5231167261988965,4151
924758,Customer_924758,1418.74,67,28,0.2699811714022269,4.522985552579044,4152
955968,Customer_955968,1418.73,25,8,0.2699792343036906,4.522941828039095,4153
121217,Customer_121217,1418.68,47,39,0.26996954881100893,4.522723205339342,4154
864543,Customer_864543,1418.61,47,25,0.2699559891212546,4.522417133559688,4155
801355,Customer_801355,1418.51,25,28,0.26993661813589137,4.521979888160184,4156
827400,Customer_827400,1418.45,64,2,0.2699249955446734,4.521717540920481,4157
326795,Customer_326795,1418.31,57,3,0.26989787616516475,4.521105397361175,4158
142724,Customer_142724,1418.27,30,38,0.26989012777101945,4.520930499201373,4159
600830,Customer_600830,1418.23,37,26,0.26988237937687415,4.5207556010415715,4160
680682,Customer_680682,1418.17,47,14,0.2698707567856562,4.5204932538018685,4161
381153,Customer_381153,1418.16,49,3,0.2698688196871199,4.520449529261917,4162
478031,Customer_478031,1418.16,59,29,0.2698688196871199,4.520449529261917,4163
735973,Customer_735973,1418.12,62,31,0.26986107129297454,4.520274631102115,4164
61670,Customer_61670,1417.79,25,19,0.2697971470412757,4.51883172128375,4165
795016,Customer_795016,1417.71,72,18,0.2697816502529851,4.518481924964147,4166
612479,Customer_612479,1417.65,52,18,0.2697700276617671,4.518219577724444,4167
303503,Customer_303503,1417.44,67,1,0.26972934859250425,4.517301362385484,4168
812438,Customer_812438,1417.35,73,3,0.26971191470567724,4.516907841525929,4169
731640,Customer_731640,1417.22,24,6,0.269686732424705,4.516339422506572,4170
403139,Customer_403139,1417.22,66,4,0.269686732424705,4.516339422506572,4171
96622,Customer_96622,1417.11,32,35,0.26966542434080537,4.515858452567116,4172
587375,Customer_587375,1417.06,28,28,0.2696557388481237,4.515639829867365,4173
270669,Customer_270669,1416.96,30,32,0.26963636786276046,4.515202584467861,4174
424126,Customer_424126,1416.86,31,2,0.26961699687739715,4.514765339068354,4175
356807,Customer_356807,1416.77,55,35,0.2695995629905702,4.514371818208802,4176
270362,Customer_270362,1416.73,38,38,0.2695918145964249,4.514196920049,4177
146390,Customer_146390,1416.72,55,17,0.2695898774978886,4.514153195509048,4178
584010,Customer_584010,1416.72,48,38,0.2695898774978886,4.514153195509048,4179
468667,Customer_468667,1416.7,48,27,0.26958600330081595,4.514065746429147,4180
803034,Customer_803034,1416.33,70,37,0.26951433065497177,4.51244793845098,4181
937592,Customer_937592,1416.24,19,11,0.2694968967681448,4.5120544175914254,4182
231432,Customer_231432,1416.23,27,37,0.2694949596696085,4.512010693051476,4183
134318,Customer_134318,1416.23,71,10,0.2694949596696085,4.512010693051476,4184
789996,Customer_789996,1416.22,30,26,0.26949302257107216,4.5119669685115245,4185
356977,Customer_356977,1416.2,25,22,0.2694891483739995,4.5118795194316235,4186
253090,Customer_253090,1416.12,42,26,0.26947365158570885,4.51152972311202,4187
287483,Customer_287483,1416.11,20,24,0.26947171448717255,4.511485998572069,4188
375161,Customer_375161,1416.02,55,15,0.2694542806003456,4.511092477712515,4189
466814,Customer_466814,1416.01,65,29,0.26945234350180924,4.511048753172564,4190
510078,Customer_510078,1415.79,66,4,0.26940972733401003,4.510086813293655,4191
332952,Customer_332952,1415.77,55,37,0.2694058531369374,4.509999364213754,4192
777812,Customer_777812,1415.45,29,27,0.2693438659837749,4.508600178935338,4193
976137,Customer_976137,1415.4,72,36,0.26933418049109326,4.5083815562355865,4194
912856,Customer_912856,1415.34,73,5,0.26932255789987525,4.508119208995882,4195
336579,Customer_336579,1415.33,59,30,0.26932062080133895,4.508075484455933,4196
913760,Customer_913760,1415.24,48,17,0.269303186914512,4.507681963596378,4197
423654,Customer_423654,1415.15,71,29,0.26928575302768504,4.507288442736825,4198
958310,Customer_958310,1415.12,45,18,0.26927994173207603,4.507157269116973,4199
71784,Customer_71784,1414.99,51,19,0.2692547594511038,4.506588850097616,4200
790444,Customer_790444,1414.85,30,24,0.26922764007159516,4.50597670653831,4201
331646,Customer_331646,1414.68,26,35,0.2691947093964776,4.505233389359152,4202
236293,Customer_236293,1414.64,30,22,0.2691869610023323,4.50505849119935,4203
810659,Customer_810659,1414.62,61,3,0.2691830868052596,4.504971042119449,4204
470106,Customer_470106,1414.59,20,34,0.26917727550965065,4.504839868499596,4205
543457,Customer_543457,1414.56,22,38,0.26917146421404164,4.504708694879746,4206
780680,Customer_780680,1414.42,25,7,0.2691443448345331,4.50409655132044,4207
727368,Customer_727368,1414.4,30,16,0.26914047063746044,4.504009102240539,4208
908220,Customer_908220,1414.31,26,20,0.2691230367506334,4.503615581380984,4209
360728,Customer_360728,1414.19,56,5,0.2690997915681975,4.503090886901579,4210
443757,Customer_443757,1414.16,39,34,0.2690939802725885,4.502959713281727,4211
139794,Customer_139794,1414.12,59,35,0.2690862318784432,4.502784815121925,4212
608881,Customer_608881,1413.96,51,16,0.26905523830186195,4.502085222482718,4213
895931,Customer_895931,1413.91,36,16,0.26904555280918035,4.501866599782964,4214
532816,Customer_532816,1413.88,50,11,0.26903974151357135,4.501735426163115,4215
768008,Customer_768008,1413.7,52,31,0.26900487373991744,4.500948384444005,4216
969270,Customer_969270,1413.69,27,2,0.2690029366413811,4.500904659904055,4217
762515,Customer_762515,1413.58,61,11,0.2689816285574815,4.500423689964599,4218
663469,Customer_663469,1413.54,37,36,0.2689738801633362,4.500248791804798,4219
970717,Customer_970717,1413.54,34,20,0.2689738801633362,4.500248791804798,4220
88364,Customer_88364,1413.51,68,14,0.2689680688677272,4.500117618184945,4221
543325,Customer_543325,1413.47,47,29,0.26896032047358187,4.499942720025143,4222
43965,Customer_43965,1413.4,64,34,0.26894676078382757,4.499636648245492,4223
240596,Customer_240596,1413.4,21,3,0.26894676078382757,4.499636648245492,4224
119700,Customer_119700,1413.37,58,32,0.26894094948821856,4.499505474625639,4225
425425,Customer_425425,1413.35,51,10,0.2689370752911459,4.499418025545738,4226
121631,Customer_121631,1413.3,30,22,0.26892738979846426,4.499199402845985,4227
331624,Customer_331624,1413.29,43,39,0.26892545269992796,4.499155678306035,4228
44821,Customer_44821,1413.28,49,10,0.2689235156013916,4.499111953766084,4229
749874,Customer_749874,1413.22,50,32,0.26891189301017365,4.498849606526382,4230
899186,Customer_899186,1413.06,34,25,0.2688808994335924,4.498150013887175,4231
729465,Customer_729465,1412.94,24,18,0.2688576542511565,4.497625319407769,4232
184157,Customer_184157,1412.85,27,26,0.2688402203643295,4.497231798548214,4233
602777,Customer_602777,1412.77,62,25,0.26882472357603887,4.4968820022286105,4234
841804,Customer_841804,1412.73,51,29,0.26881697518189357,4.496707104068809,4235
673346,Customer_673346,1412.7,66,11,0.2688111638862846,4.496575930448957,4236
29004,Customer_29004,1412.53,74,15,0.268778233211167,4.4958326132697985,4237
662680,Customer_662680,1412.42,40,38,0.2687569251272674,4.495351643330345,4238
419147,Customer_419147,1412.42,63,27,0.2687569251272674,4.495351643330345,4239
533243,Customer_533243,1412.37,40,23,0.26874723963458574,4.4951330206305915,4240
961846,Customer_961846,1412.25,52,5,0.2687239944521498,4.494608326151186,4241
789493,Customer_789493,1412.22,37,7,0.26871818315654084,4.494477152531334,4242
606653,Customer_606653,1412.05,44,18,0.2686852524814232,4.493733835352176,4243
782688,Customer_782688,1412.0,65,14,0.2686755669887416,4.493515212652424,4244
481100,Customer_481100,1411.99,59,34,0.26867362989020527,4.493471488112473,4245
353955,Customer_353955,1411.96,74,33,0.2686678185945963,4.493340314492623,4246
114968,Customer_114968,1411.88,58,34,0.26865232180630566,4.492990518173019,4247
782555,Customer_782555,1411.77,54,4,0.26863101372240605,4.4925095482335635,4248
650747,Customer_650747,1411.74,27,36,0.26862520242679705,4.492378374613711,4249
891509,Customer_891509,1411.65,27,37,0.26860776853997015,4.491984853754158,4250
696888,Customer_696888,1411.6,60,16,0.26859808304728844,4.491766231054405,4251
196632,Customer_196632,1411.56,43,11,0.26859033465314314,4.491591332894603,4252
738644,Customer_738644,1411.42,58,34,0.2685632152736346,4.490979189335297,4253
607801,Customer_607801,1411.38,49,15,0.2685554668794893,4.490804291175495,4254
242747,Customer_242747,1411.38,21,1,0.2685554668794893,4.490804291175495,4255
279204,Customer_279204,1411.14,59,35,0.26850897651461736,4.489754902216683,4256
763834,Customer_763834,1411.06,40,7,0.2684934797263267,4.489405105897079,4257
755851,Customer_755851,1410.99,19,28,0.26847992003657245,4.489099034117425,4258
850439,Customer_850439,1410.93,41,5,0.2684682974453545,4.488836686877723,4259
553199,Customer_553199,1410.9,56,14,0.2684624861497455,4.488705513257872,4260
137990,Customer_137990,1410.89,41,18,0.2684605490512092,4.488661788717921,4261
255252,Customer_255252,1410.72,61,13,0.2684276183760916,4.487918471538762,4262
76100,Customer_76100,1410.56,47,7,0.2683966247995103,4.487218878899555,4263
898737,Customer_898737,1410.53,28,4,0.2683908135039013,4.487087705279703,4264
59854,Customer_59854,1410.37,26,38,0.26835981992732005,4.486388112640496,4265
888397,Customer_888397,1410.28,36,11,0.2683423860404931,4.485994591780941,4266
516219,Customer_516219,1410.16,36,15,0.2683191408580572,4.485469897301536,4267
871695,Customer_871695,1410.1,19,20,0.2683075182668392,4.485207550061833,4268
719560,Customer_719560,1410.05,26,17,0.2682978327741576,4.48498892736208,4269
168307,Customer_168307,1409.91,56,4,0.268270713394649,4.484376783802774,4270
267031,Customer_267031,1409.89,25,9,0.2682668391975763,4.484289334722873,4271
975188,Customer_975188,1409.87,29,24,0.2682629650005036,4.484201885642972,4272
482858,Customer_482858,1409.87,45,9,0.2682629650005036,4.484201885642972,4273
101132,Customer_101132,1409.79,37,32,0.268247468212213,4.483852089323369,4274
818445,Customer_818445,1409.76,69,29,0.26824165691660407,4.4837209157035165,4275
200548,Customer_200548,1409.74,53,16,0.2682377827195314,4.4836334666236155,4276
761127,Customer_761127,1409.6,42,15,0.2682106633400228,4.4830213230643094,4277
667170,Customer_667170,1409.6,51,11,0.2682106633400228,4.4830213230643094,4278
60462,Customer_60462,1409.59,61,13,0.26820872624148645,4.482977598524358,4279
379885,Customer_379885,1409.54,60,17,0.2681990407488048,4.4827589758246065,4280
61165,Customer_61165,1409.43,45,14,0.26817773266490524,4.482278005885151,4281
267724,Customer_267724,1409.4,23,1,0.26817192136929624,4.4821468322653,4282
291739,Customer_291739,1409.32,26,34,0.2681564245810056,4.481797035945696,4283
215746,Customer_215746,1409.32,49,5,0.2681564245810056,4.481797035945696,4284
879982,Customer_879982,1409.25,73,30,0.26814286489125133,4.481490964166043,4285
943646,Customer_943646,1409.22,54,12,0.2681370535956423,4.481359790546191,4286
244212,Customer_244212,1409.2,60,7,0.2681331793985697,4.4812723414662905,4287
900536,Customer_900536,1409.17,25,29,0.2681273681029607,4.48114116784644,4288
118563,Customer_118563,1409.15,36,8,0.268123493905888,4.481053718766539,4289
630719,Customer_630719,1409.15,25,33,0.268123493905888,4.481053718766539,4290
885035,Customer_885035,1409.05,70,28,0.2681041229205247,4.480616473367032,4291
431943,Customer_431943,1409.05,63,13,0.2681041229205247,4.480616473367032,4292
275672,Customer_275672,1409.04,21,37,0.2681021858219884,4.4805727488270835,4293
807718,Customer_807718,1409.03,21,3,0.26810024872345206,4.480529024287132,4294
830658,Customer_830658,1409.02,71,6,0.26809831162491576,4.4804852997471825,4295
272334,Customer_272334,1409.0,38,21,0.2680944374278431,4.4803978506672815,4296
386023,Customer_386023,1408.92,22,10,0.2680789406395525,4.4800480543476775,4297
193554,Customer_193554,1408.92,71,20,0.2680789406395525,4.4800480543476775,4298
352179,Customer_352179,1408.92,71,11,0.2680789406395525,4.4800480543476775,4299
19655,Customer_19655,1408.88,22,15,0.26807119224540715,4.479873156187876,4300
935283,Customer_935283,1408.71,49,16,0.2680382615702896,4.479129839008718,4301
499142,Customer_499142,1408.69,51,27,0.26803438737321694,4.479042389928817,4302
643581,Customer_643581,1408.63,33,37,0.268022764781999,4.478780042689114,4303
567472,Customer_567472,1408.61,23,33,0.2680188905849263,4.478692593609211,4304
362050,Customer_362050,1408.58,61,34,0.2680130792893173,4.478561419989361,4305
678181,Customer_678181,1408.58,65,12,0.2680130792893173,4.478561419989361,4306
202429,Customer_202429,1408.58,60,39,0.2680130792893173,4.478561419989361,4307
660769,Customer_660769,1408.45,34,20,0.267987897008345,4.477993000970004,4308
425445,Customer_425445,1408.39,20,1,0.26797627441712707,4.477730653730302,4309
47413,Customer_47413,1408.21,67,8,0.26794140664347316,4.476943612011193,4310
966807,Customer_966807,1408.18,29,31,0.2679355953478642,4.476812438391342,4311
376272,Customer_376272,1408.0,35,4,0.26790072757421024,4.476025396672233,4312
807970,Customer_807970,1407.97,34,5,0.2678949162786013,4.475894223052382,4313
770335,Customer_770335,1407.92,70,8,0.26788523078591964,4.47567560035263,4314
463137,Customer_463137,1407.9,70,19,0.267881356588847,4.475588151272729,4315
821888,Customer_821888,1407.8,72,10,0.2678619856034837,4.475150905873224,4316
874693,Customer_874693,1407.78,40,39,0.267858111406411,4.475063456793323,4317
713455,Customer_713455,1407.69,53,22,0.26784067751958407,4.474669935933768,4318
150185,Customer_150185,1407.69,21,14,0.26784067751958407,4.474669935933768,4319
115109,Customer_115109,1407.65,48,20,0.26783292912543877,4.474495037773967,4320
649278,Customer_649278,1407.45,29,8,0.2677941871547122,4.473620546974957,4321
77750,Customer_77750,1407.3,45,36,0.2677651306766673,4.4729646788757,4322
206653,Customer_206653,1407.27,55,21,0.2677593193810583,4.472833505255848,4323
332439,Customer_332439,1407.26,28,4,0.26775738228252194,4.472789780715898,4324
562706,Customer_562706,1407.21,54,22,0.26774769678984034,4.472571158016145,4325
950755,Customer_950755,1407.03,46,14,0.2677128290161864,4.471784116297036,4326
920678,Customer_920678,1407.0,57,20,0.2677070177205774,4.471652942677186,4327
332884,Customer_332884,1406.98,34,12,0.26770314352350477,4.471565493597285,4328
427708,Customer_427708,1406.89,39,38,0.2676857096366778,4.47117197273773,4329
651607,Customer_651607,1406.85,48,30,0.26767796124253246,4.470997074577928,4330
2776,Customer_2776,1406.85,24,9,0.26767796124253246,4.470997074577928,4331
159164,Customer_159164,1406.74,63,8,0.2676566531586329,4.470516104638473,4332
735722,Customer_735722,1406.64,34,2,0.26763728217326965,4.470078859238969,4333
599620,Customer_599620,1406.61,30,10,0.2676314708776606,4.4699476856191165,4334
514008,Customer_514008,1406.61,73,34,0.2676314708776606,4.4699476856191165,4335
274043,Customer_274043,1406.56,56,2,0.267621785384979,4.469729062919364,4336
508639,Customer_508639,1406.51,26,16,0.26761209989229734,4.469510440219612,4337
385722,Customer_385722,1406.28,33,33,0.26756754662596177,4.468504775800751,4338
467572,Customer_467572,1406.23,22,20,0.2675578611332802,4.4682861531009985,4339
973126,Customer_973126,1406.05,31,9,0.2675229933596262,4.4674991113818905,4340
117711,Customer_117711,1406.04,56,27,0.2675210562610899,4.46745538684194,4341
75659,Customer_75659,1406.04,42,21,0.2675210562610899,4.46745538684194,4342
16479,Customer_16479,1405.96,48,9,0.2675055594727993,4.467105590522336,4343
943282,Customer_943282,1405.92,65,37,0.267497811078654,4.466930692362534,4344
294078,Customer_294078,1405.81,32,7,0.26747650299475434,4.466449722423079,4345
726159,Customer_726159,1405.63,28,8,0.2674416352211005,4.4656626807039705,4346
228257,Customer_228257,1405.44,35,30,0.2674048303489102,4.464831914444911,4347
678880,Customer_678880,1405.43,46,4,0.26740289325037386,4.464788189904961,4348
191690,Customer_191690,1405.43,19,9,0.26740289325037386,4.464788189904961,4349
803585,Customer_803585,1405.38,40,12,0.26739320775769226,4.464569567205209,4350
159737,Customer_159737,1405.3,47,33,0.2673777109694016,4.464219770885604,4351
881321,Customer_881321,1405.27,24,39,0.2673718996737926,4.464088597265753,4352
739127,Customer_739127,1405.19,64,21,0.267356402885502,4.46373880094615,4353
786837,Customer_786837,1405.16,73,27,0.26735059158989305,4.463607627326298,4354
301509,Customer_301509,1405.1,43,20,0.26733896899867504,4.463345280086594,4355
554748,Customer_554748,1405.1,51,1,0.26733896899867504,4.463345280086594,4356
784189,Customer_784189,1405.09,61,11,0.2673370319001387,4.463301555546644,4357
227110,Customer_227110,1405.06,63,17,0.26733122060452974,4.463170381926793,4358
925995,Customer_925995,1405.04,39,3,0.2673273464074571,4.463082932846892,4359
745973,Customer_745973,1405.03,41,12,0.26732540930892074,4.463039208306942,4360
314659,Customer_314659,1404.95,45,38,0.26730991252063013,4.462689411987338,4361
690533,Customer_690533,1404.9,33,39,0.2673002270279485,4.462470789287586,4362
483909,Customer_483909,1404.81,68,34,0.2672827931411215,4.462077268428031,4363
736126,Customer_736126,1404.72,22,15,0.26726535925429457,4.461683747568477,4364
615122,Customer_615122,1404.62,30,27,0.26724598826893126,4.461246502168971,4365
562371,Customer_562371,1404.59,37,9,0.2672401769733223,4.461115328549121,4366
232441,Customer_232441,1404.58,55,17,0.26723823987478595,4.46107160400917,4367
245479,Customer_245479,1404.53,51,28,0.2672285543821043,4.460852981309418,4368
715873,Customer_715873,1404.51,51,35,0.26722468018503165,4.460765532229517,4369
49771,Customer_49771,1404.47,52,23,0.26721693179088635,4.460590634069715,4370
744348,Customer_744348,1404.47,74,5,0.26721693179088635,4.460590634069715,4371
486223,Customer_486223,1404.45,64,11,0.2672130575938137,4.460503184989815,4372
439780,Customer_439780,1404.43,20,21,0.26720918339674105,4.460415735909914,4373
850440,Customer_850440,1404.35,70,21,0.2671936866084504,4.460065939590309,4374
948147,Customer_948147,1404.33,54,3,0.26718981241137774,4.459978490510408,4375
201426,Customer_201426,1404.26,33,17,0.2671762527216235,4.459672418730755,4376
117132,Customer_117132,1404.24,23,6,0.2671723785245508,4.459584969650854,4377
771647,Customer_771647,1404.23,64,23,0.2671704414260145,4.459541245110904,4378
143512,Customer_143512,1404.08,67,4,0.2671413849479695,4.458885377011646,4379
417436,Customer_417436,1404.07,47,35,0.2671394478494332,4.458841652471696,4380
148314,Customer_148314,1404.03,34,36,0.2671316994552879,4.458666754311894,4381
108422,Customer_108422,1404.02,19,30,0.26712976235675157,4.458623029771943,4382
875323,Customer_875323,1403.7,69,35,0.2670677752035891,4.457223844493528,4383
901613,Customer_901613,1403.64,73,34,0.26705615261237114,4.456961497253826,4384
420475,Customer_420475,1403.64,50,16,0.26705615261237114,4.456961497253826,4385
551048,Customer_551048,1403.63,54,2,0.2670542155138348,4.456917772713876,4386
736756,Customer_736756,1403.54,43,37,0.26703678162700784,4.45652425185432,4387
189121,Customer_189121,1403.54,69,37,0.26703678162700784,4.45652425185432,4388
990218,Customer_990218,1403.43,47,6,0.26701547354310823,4.456043281914866,4389
71231,Customer_71231,1403.41,56,10,0.2670115993460356,4.455955832834965,4390
330618,Customer_330618,1403.34,19,17,0.2669980396562812,4.4556497610553105,4391
881984,Customer_881984,1403.3,50,14,0.2669902912621359,4.455474862895509,4392
653547,Customer_653547,1403.29,71,12,0.2669883541635996,4.455431138355559,4393
523463,Customer_523463,1403.14,60,34,0.2669592976855547,4.454775270256302,4394
29853,Customer_29853,1403.11,70,33,0.2669534863899457,4.45464409663645,4395
741173,Customer_741173,1402.92,67,6,0.2669166815177555,4.4538133303773915,4396
189555,Customer_189555,1402.83,18,10,0.2668992476309285,4.453419809517836,4397
791425,Customer_791425,1402.79,47,10,0.2668914992367832,4.453244911358035,4398
924867,Customer_924867,1402.78,69,4,0.2668895621382469,4.4532011868180845,4399
719484,Customer_719484,1402.78,65,12,0.2668895621382469,4.4532011868180845,4400
351746,Customer_351746,1402.75,74,34,0.2668837508426379,4.453070013198233,4401
804688,Customer_804688,1402.68,25,29,0.2668701911528836,4.45276394141858,4402
624594,Customer_624594,1402.63,49,5,0.266860505660202,4.452545318718828,4403
13380,Customer_13380,1402.6,63,39,0.2668546943645929,4.452414145098976,4404
781852,Customer_781852,1402.59,70,26,0.2668527572660566,4.452370420559025,4405
131326,Customer_131326,1402.57,62,1,0.26684888306898397,4.452282971479124,4406
165108,Customer_165108,1402.44,60,15,0.2668237007880117,4.4517145524597685,4407
65980,Customer_65980,1402.27,26,20,0.2667907701128941,4.45097123528061,4408
171678,Customer_171678,1402.12,65,22,0.2667617136348492,4.450315367181353,4409
951790,Customer_951790,1402.1,35,18,0.26675783943777653,4.450227918101452,4410
774421,Customer_774421,1402.01,57,27,0.2667404055509496,4.449834397241898,4411
240735,Customer_240735,1402.0,52,12,0.2667384684524133,4.449790672701948,4412
885830,Customer_885830,1401.94,41,3,0.26672684586119527,4.449528325462245,4413
539343,Customer_539343,1401.94,74,19,0.26672684586119527,4.449528325462245,4414
703020,Customer_703020,1401.89,18,19,0.2667171603685137,4.449309702762492,4415
117232,Customer_117232,1401.88,50,36,0.2667152232699773,4.449265978222542,4416
815906,Customer_815906,1401.86,74,5,0.2667113490729046,4.44917852914264,4417
803158,Customer_803158,1401.85,74,4,0.2667094119743683,4.44913480460269,4418
832437,Customer_832437,1401.8,74,19,0.26669972648168666,4.448916181902938,4419
759903,Customer_759903,1401.63,38,19,0.2666667958065691,4.44817286472378,4420
339101,Customer_339101,1401.5,65,11,0.26664161352559684,4.447604445704424,4421
316781,Customer_316781,1401.35,44,10,0.2666125570475519,4.446948577605166,4422
944731,Customer_944731,1401.29,38,26,0.2666009344563339,4.446686230365463,4423
95293,Customer_95293,1401.19,64,31,0.2665815634709707,4.446248984965959,4424
980185,Customer_980185,1401.12,48,4,0.2665680037812163,4.445942913186305,4425
697458,Customer_697458,1400.94,59,20,0.26653313600756245,4.445155871467197,4426
98173,Customer_98173,1400.89,35,38,0.2665234505148808,4.444937248767445,4427
226704,Customer_226704,1400.86,59,38,0.2665176392192718,4.444806075147593,4428
475076,Customer_475076,1400.85,57,4,0.2665157021207355,4.444762350607642,4429
789513,Customer_789513,1400.66,57,17,0.2664788972485453,4.443931584348584,4430
187801,Customer_187801,1400.63,20,34,0.2664730859529363,4.443800410728732,4431
722663,Customer_722663,1400.48,69,26,0.2664440294748914,4.443144542629475,4432
3689,Customer_3689,1400.47,31,36,0.266442092376355,4.443100818089524,4433
25173,Customer_25173,1400.46,47,35,0.26644015527781867,4.443057093549574,4434
692215,Customer_692215,1400.43,27,23,0.2664343439822097,4.442925919929722,4435
13534,Customer_13534,1400.4,39,27,0.2664285326866007,4.442794746309872,4436
903464,Customer_903464,1400.39,30,5,0.2664265955880644,4.442751021769921,4437
324072,Customer_324072,1400.31,45,21,0.26641109879977376,4.4424012254503165,4438
358598,Customer_358598,1400.28,32,4,0.26640528750416476,4.442270051830465,4439
308863,Customer_308863,1400.28,57,13,0.26640528750416476,4.442270051830465,4440
479230,Customer_479230,1400.25,69,29,0.2663994762085558,4.442138878210614,4441
538904,Customer_538904,1400.22,52,15,0.2663936649129468,4.442007704590763,4442
635202,Customer_635202,1400.22,19,30,0.2663936649129468,4.442007704590763,4443
114296,Customer_114296,1400.2,59,10,0.26638979071587415,4.441920255510862,4444
516470,Customer_516470,1400.14,18,20,0.2663781681246562,4.441657908271159,4445
126783,Customer_126783,1400.04,18,25,0.2663587971392929,4.441220662871654,4446
180990,Customer_180990,1399.71,22,35,0.26629487288759407,4.4397777530532885,4447
77696,Customer_77696,1399.65,22,26,0.2662832502963761,4.4395154058135855,4448
903669,Customer_903669,1399.58,26,28,0.26626969060662176,4.439209334033932,4449
990247,Customer_990247,1399.47,29,27,0.2662483825227222,4.438728364094477,4450
990840,Customer_990840,1399.44,52,12,0.2662425712271132,4.438597190474626,4451
92038,Customer_92038,1399.43,58,39,0.2662406341285769,4.4385534659346755,4452
45232,Customer_45232,1399.31,42,39,0.26621738894614094,4.438028771455269,4453
425842,Customer_425842,1399.25,30,9,0.26620576635492293,4.4377664242155666,4454
799825,Customer_799825,1399.23,74,31,0.2662018921578503,4.437678975135666,4455
772987,Customer_772987,1399.21,33,29,0.26619801796077763,4.437591526055765,4456
294728,Customer_294728,1399.12,68,16,0.2661805840739507,4.437198005196209,4457
499074,Customer_499074,1399.11,51,31,0.2661786469754143,4.43715428065626,4458
440786,Customer_440786,1399.11,69,34,0.2661786469754143,4.43715428065626,4459
70511,Customer_70511,1399.04,42,24,0.2661650872856601,4.436848208876606,4460
630329,Customer_630329,1399.02,22,39,0.2661612130885874,4.436760759796705,4461
856946,Customer_856946,1398.95,30,3,0.2661476533988331,4.436454688017053,4462
980666,Customer_980666,1398.88,40,28,0.2661340937090788,4.436148616237399,4463
260864,Customer_260864,1398.85,69,19,0.2661282824134698,4.436017442617547,4464
305505,Customer_305505,1398.75,62,1,0.26610891142810655,4.435580197218043,4465
486811,Customer_486811,1398.67,51,22,0.26609341463981595,4.435230400898439,4466
733299,Customer_733299,1398.56,29,33,0.2660721065559163,4.434749430958983,4467
578541,Customer_578541,1398.34,61,27,0.2660294903881171,4.433787491080072,4468
185860,Customer_185860,1398.25,44,21,0.2660120565012901,4.433393970220519,4469
317198,Customer_317198,1398.21,64,28,0.2660043081071448,4.433219072060717,4470
440843,Customer_440843,1398.19,70,26,0.26600043391007216,4.433131622980816,4471
411620,Customer_411620,1398.16,51,13,0.26599462261446316,4.433000449360965,4472
670086,Customer_670086,1398.16,23,23,0.26599462261446316,4.433000449360965,4473
205382,Customer_205382,1398.01,72,14,0.26596556613641825,4.432344581261707,4474
766314,Customer_766314,1397.98,56,31,0.26595975484080925,4.432213407641856,4475
194190,Customer_194190,1397.97,51,4,0.26595781774227295,4.432169683101906,4476
439028,Customer_439028,1397.97,63,1,0.26595781774227295,4.432169683101906,4477
641994,Customer_641994,1397.92,27,37,0.2659481322495913,4.431951060402153,4478
869003,Customer_869003,1397.86,47,1,0.2659365096583733,4.431688713162449,4479
228700,Customer_228700,1397.71,64,36,0.2659074531803284,4.431032845063193,4480
719522,Customer_719522,1397.65,56,17,0.2658958305891104,4.430770497823491,4481
630516,Customer_630516,1397.62,42,39,0.2658900192935014,4.430639324203638,4482
892021,Customer_892021,1397.57,22,39,0.26588033380081977,4.430420701503886,4483
607540,Customer_607540,1397.5,22,25,0.2658667741110655,4.430114629724233,4484
332883,Customer_332883,1397.48,68,16,0.26586289991399287,4.430027180644332,4485
738714,Customer_738714,1397.45,25,18,0.26585708861838386,4.429896007024481,4486
605555,Customer_605555,1397.36,38,28,0.2658396547315569,4.4295024861649255,4487
216067,Customer_216067,1397.34,56,36,0.26583578053448426,4.429415037085025,4488
897259,Customer_897259,1397.3,61,30,0.2658280321403389,4.429240138925223,4489
272918,Customer_272918,1397.24,39,23,0.26581640954912095,4.42897779168552,4490
481771,Customer_481771,1397.23,31,30,0.26581447245058465,4.42893406714557,4491
93481,Customer_93481,1397.14,35,9,0.2657970385637577,4.428540546286016,4492
986041,Customer_986041,1397.13,22,7,0.2657951014652214,4.428496821746066,4493
767932,Customer_767932,1397.13,45,24,0.2657951014652214,4.428496821746066,4494
193564,Customer_193564,1397.11,63,37,0.2657912272681487,4.428409372666164,4495
218913,Customer_218913,1397.01,35,6,0.26577185628278543,4.42797212726666,4496
65571,Customer_65571,1396.95,32,25,0.2657602336915674,4.427709780026957,4497
516596,Customer_516596,1396.94,63,25,0.26575829659303113,4.427666055487006,4498
711994,Customer_711994,1396.82,29,37,0.26573505141059517,4.4271413610076005,4499
797205,Customer_797205,1396.8,61,9,0.2657311772135225,4.4270539119276995,4500
70170,Customer_70170,1396.77,26,39,0.2657253659179135,4.426922738307848,4501
790829,Customer_790829,1396.72,41,12,0.2657156804252319,4.4267041156080955,4502
490182,Customer_490182,1396.71,56,4,0.26571374332669556,4.426660391068145,4503
355306,Customer_355306,1396.68,61,17,0.2657079320310866,4.426529217448294,4504
36342,Customer_36342,1396.59,61,6,0.2656904981442596,4.426135696588739,4505
903039,Customer_903039,1396.58,70,9,0.2656885610457233,4.426091972048789,4506
340355,Customer_340355,1396.58,45,33,0.2656885610457233,4.426091972048789,4507
276240,Customer_276240,1396.55,54,13,0.2656827497501143,4.425960798428937,4508
453311,Customer_453311,1396.48,25,8,0.26566919006036,4.4256547266492845,4509
110200,Customer_110200,1396.4,55,21,0.2656536932720694,4.4253049303296805,4510
899962,Customer_899962,1396.23,56,24,0.2656207625969518,4.424561613150522,4511
468568,Customer_468568,1396.23,49,25,0.2656207625969518,4.424561613150522,4512
187878,Customer_187878,1396.2,24,32,0.2656149513013428,4.4244304395306715,4513
741199,Customer_741199,1396.17,22,24,0.2656091400057338,4.42429926591082,4514
377829,Customer_377829,1396.15,38,37,0.2656052658086612,4.424211816830919,4515
512881,Customer_512881,1396.11,73,1,0.2655975174145158,4.424036918671116,4516
976084,Customer_976084,1396.04,21,39,0.26558395772476157,4.423730846891464,4517
606837,Customer_606837,1396.02,56,38,0.2655800835276889,4.423643397811563,4518
153352,Customer_153352,1395.93,26,17,0.26556264964086196,4.423249876952008,4519
315415,Customer_315415,1395.85,51,10,0.2655471528525713,4.422900080632404,4520
488023,Customer_488023,1395.72,29,23,0.26552197057159904,4.422331661613049,4521
776040,Customer_776040,1395.64,44,1,0.26550647378330844,4.421981865293445,4522
190809,Customer_190809,1395.59,51,27,0.2654967882906268,4.421763242593691,4523
503247,Customer_503247,1395.59,65,13,0.2654967882906268,4.421763242593691,4524
937818,Customer_937818,1395.36,34,20,0.2654522350242912,4.420757578174831,4525
921704,Customer_921704,1395.29,18,10,0.2654386753345369,4.420451506395177,4526
186764,Customer_186764,1395.28,57,14,0.2654367382360006,4.420407781855227,4527
625896,Customer_625896,1395.26,57,31,0.26543286403892796,4.420320332775326,4528
160012,Customer_160012,1395.25,30,2,0.2654309269403916,4.420276608235376,4529
695452,Customer_695452,1395.23,58,28,0.26542705274331896,4.420189159155475,4530
380858,Customer_380858,1395.17,55,15,0.265415430152101,4.419926811915772,4531
364721,Customer_364721,1395.14,44,30,0.265409618856492,4.419795638295921,4532
276727,Customer_276727,1395.12,64,7,0.26540574465941935,4.419708189216019,4533
533150,Customer_533150,1394.92,36,5,0.2653670026886928,4.418833698417011,4534
197026,Customer_197026,1394.81,20,28,0.2653456946047932,4.418352728477554,4535
299750,Customer_299750,1394.76,18,7,0.2653360091121115,4.418134105777803,4536
612683,Customer_612683,1394.68,35,4,0.2653205123238209,4.417784309458199,4537
705654,Customer_705654,1394.62,61,25,0.2653088897326029,4.417521962218495,4538
802398,Customer_802398,1394.53,39,4,0.26529145584577596,4.417128441358941,4539
574067,Customer_574067,1394.5,39,1,0.265285644550167,4.41699726773909,4540
389896,Customer_389896,1394.45,34,20,0.26527595905748536,4.416778645039338,4541
396254,Customer_396254,1394.44,74,39,0.26527402195894906,4.416734920499388,4542
220347,Customer_220347,1394.43,33,2,0.2652720848604127,4.416691195959437,4543
662710,Customer_662710,1394.42,53,37,0.2652701477618764,4.416647471419487,4544
507191,Customer_507191,1394.36,55,26,0.2652585251706584,4.416385124179783,4545
159343,Customer_159343,1394.3,52,35,0.26524690257944045,4.41612277694008,4546
392660,Customer_392660,1394.26,60,38,0.2652391541852951,4.415947878780279,4547
672578,Customer_672578,1394.12,71,11,0.2652120348057865,4.415335735220971,4548
640334,Customer_640334,1394.11,30,37,0.2652100977072502,4.415292010681021,4549
10148,Customer_10148,1394.09,51,3,0.26520622351017753,4.41520456160112,4550
655359,Customer_655359,1394.09,32,31,0.26520622351017753,4.41520456160112,4551
475592,Customer_475592,1394.09,55,18,0.26520622351017753,4.41520456160112,4552
146096,Customer_146096,1393.92,46,19,0.26517329283505997,4.414461244421963,4553
136165,Customer_136165,1393.81,35,7,0.2651519847511603,4.4139802744825065,4554
363512,Customer_363512,1393.81,30,21,0.2651519847511603,4.4139802744825065,4555
298545,Customer_298545,1393.77,68,22,0.265144236357015,4.413805376322705,4556
640805,Customer_640805,1393.71,68,24,0.26513261376579705,4.4135430290830024,4557
589003,Customer_589003,1393.57,37,38,0.26510549438628844,4.4129308855236955,4558
200001,Customer_200001,1393.46,28,6,0.26508418630238884,4.412449915584241,4559
147898,Customer_147898,1393.44,53,4,0.2650803121053162,4.41236246650434,4560
600168,Customer_600168,1393.4,53,24,0.2650725637111709,4.412187568344538,4561
222063,Customer_222063,1393.34,73,38,0.2650609411199529,4.411925221104834,4562
221414,Customer_221414,1393.25,54,37,0.265043507233126,4.4115317002452805,4563
917573,Customer_917573,1393.2,36,39,0.2650338217404443,4.411313077545528,4564
332909,Customer_332909,1393.18,38,28,0.26502994754337167,4.411225628465627,4565
237546,Customer_237546,1393.17,37,11,0.2650280104448353,4.4111819039256766,4566
971706,Customer_971706,1393.07,64,35,0.265008639459472,4.410744658526172,4567
918067,Customer_918067,1392.98,32,6,0.2649912055726451,4.410351137666618,4568
743153,Customer_743153,1392.94,64,18,0.2649834571784998,4.410176239506816,4569
495447,Customer_495447,1392.9,29,12,0.2649757087843545,4.410001341347014,4570
84798,Customer_84798,1392.89,34,36,0.26497377168581815,4.4099576168070636,4571
494374,Customer_494374,1392.81,25,30,0.2649582748975275,4.40960782048746,4572
564356,Customer_564356,1392.78,71,21,0.2649524636019185,4.409476646867608,4573
87370,Customer_87370,1392.76,43,25,0.26494858940484584,4.409389197787707,4574
410360,Customer_410360,1392.71,39,20,0.26493890391216424,4.409170575087955,4575
295494,Customer_295494,1392.7,61,18,0.2649369668136279,4.409126850548004,4576
849577,Customer_849577,1392.69,59,32,0.2649350297150916,4.409083126008054,4577
590156,Customer_590156,1392.6,61,12,0.2649175958282646,4.408689605148499,4578
107431,Customer_107431,1392.58,34,22,0.2649137216311919,4.408602156068598,4579
756808,Customer_756808,1392.56,64,21,0.26490984743411927,4.408514706988697,4580
991219,Customer_991219,1392.55,40,3,0.264907910335583,4.408470982448747,4581
788122,Customer_788122,1392.53,30,31,0.2649040361385103,4.408383533368846,4582
426302,Customer_426302,1392.52,43,17,0.26490209903997397,4.408339808828895,4583
353728,Customer_353728,1392.39,43,7,0.2648769167590017,4.40777138980954,4584
175832,Customer_175832,1392.37,38,8,0.26487304256192906,4.407683940729638,4585
868676,Customer_868676,1392.37,25,12,0.26487304256192906,4.407683940729638,4586
723355,Customer_723355,1392.36,31,13,0.2648711054633927,4.407640216189687,4587
100968,Customer_100968,1392.28,58,36,0.2648556086751021,4.407290419870084,4588
710524,Customer_710524,1392.23,26,23,0.26484592318242045,4.407071797170332,4589
326460,Customer_326460,1392.22,20,11,0.26484398608388415,4.407028072630381,4590
41389,Customer_41389,1392.19,37,8,0.26483817478827515,4.406896899010531,4591
473600,Customer_473600,1392.12,56,5,0.26482461509852084,4.406590827230876,4592
220051,Customer_220051,1392.1,29,12,0.2648207409014482,4.406503378150975,4593
720462,Customer_720462,1392.0,67,14,0.2648013699160849,4.406066132751471,4594
476005,Customer_476005,1391.92,48,15,0.2647858731277943,4.405716336431867,4595
941576,Customer_941576,1391.91,54,14,0.264783936029258,4.405672611891917,4596
828345,Customer_828345,1391.88,29,5,0.264778124733649,4.405541438272065,4597
522705,Customer_522705,1391.83,44,32,0.2647684392409673,4.405322815572313,4598
240980,Customer_240980,1391.8,21,16,0.2647626279453583,4.405191641952461,4599
959029,Customer_959029,1391.8,58,21,0.2647626279453583,4.405191641952461,4600
777572,Customer_777572,1391.65,24,30,0.2647335714673134,4.404535773853205,4601
518749,Customer_518749,1391.61,53,24,0.2647258230731681,4.404360875693402,4602
11034,Customer_11034,1391.59,20,7,0.2647219488760954,4.404273426613501,4603
745334,Customer_745334,1391.46,34,8,0.2646967665951232,4.403705007594145,4604
916354,Customer_916354,1391.31,67,36,0.26466771011707824,4.403049139494888,4605
991667,Customer_991667,1391.3,31,5,0.26466577301854194,4.403005414954937,4606
926969,Customer_926969,1391.24,27,39,0.26465415042732393,4.402743067715234,4607
992717,Customer_992717,1391.2,63,29,0.26464640203317863,4.402568169555433,4608
590390,Customer_590390,1391.14,53,15,0.2646347794419607,4.40230582231573,4609
213535,Customer_213535,1391.12,50,36,0.26463090524488797,4.402218373235828,4610
107476,Customer_107476,1391.1,27,11,0.2646270310478153,4.402130924155927,4611
342585,Customer_342585,1391.02,41,26,0.2646115342595247,4.401781127836324,4612
215496,Customer_215496,1390.98,42,31,0.2646037858653794,4.401606229676522,4613
30249,Customer_30249,1390.91,74,37,0.2645902261756251,4.401300157896869,4614
922844,Customer_922844,1390.83,61,3,0.26457472938733445,4.400950361577265,4615
459128,Customer_459128,1390.72,22,14,0.2645534213034349,4.40046939163781,4616
961845,Customer_961845,1390.71,73,22,0.26455148420489855,4.40042566709786,4617
310911,Customer_310911,1390.68,47,3,0.2645456729092896,4.400294493478008,4618
234438,Customer_234438,1390.6,61,33,0.26453017612099894,4.3999446971584035,4619
345491,Customer_345491,1390.57,48,18,0.26452436482538993,4.399813523538553,4620
927362,Customer_927362,1390.55,27,6,0.2645204906283173,4.399726074458652,4621
94777,Customer_94777,1390.52,49,33,0.26451467933270834,4.3995949008388004,4622
105108,Customer_105108,1390.41,18,30,0.26449337124880873,4.399113930899346,4623
409529,Customer_409529,1390.32,20,5,0.2644759373619817,4.3987204100397905,4624
580539,Customer_580539,1390.31,45,7,0.2644740002634454,4.39867668549984,4625
768613,Customer_768613,1390.3,65,8,0.26447206316490907,4.3986329609598895,4626
730644,Customer_730644,1390.19,28,13,0.2644507550810095,4.398151991020435,4627
426068,Customer_426068,1390.16,34,35,0.2644449437854005,4.3980208174005835,4628
90904,Customer_90904,1390.03,74,11,0.2644197615044282,4.397452398381227,4629
245997,Customer_245997,1390.0,68,8,0.26441395020881925,4.3973212247613755,4630
121058,Customer_121058,1389.91,73,24,0.2643965163219923,4.396927703901822,4631
816956,Customer_816956,1389.58,29,15,0.2643325920702934,4.395484794083456,4632
238027,Customer_238027,1389.55,58,8,0.26432678077468447,4.395353620463604,4633
238620,Customer_238620,1389.46,60,24,0.2643093468878575,4.39496009960405,4634
43461,Customer_43461,1389.36,43,27,0.2642899759024942,4.394522854204545,4635
872573,Customer_872573,1389.3,36,20,0.26427835331127625,4.394260506964842,4636
946672,Customer_946672,1389.23,37,19,0.26426479362152194,4.393954435185189,4637
465981,Customer_465981,1389.18,61,9,0.26425510812884034,4.393735812485437,4638
717374,Customer_717374,1388.98,66,28,0.2642163661581137,4.392861321686427,4639
302315,Customer_302315,1388.91,64,14,0.2642028064683595,4.392555249906774,4640
522319,Customer_522319,1388.91,27,16,0.2642028064683595,4.392555249906774,4641
684101,Customer_684101,1388.84,56,9,0.2641892467786051,4.39224917812712,4642
678783,Customer_678783,1388.78,71,17,0.26417762418738716,4.391986830887418,4643
519378,Customer_519378,1388.73,24,16,0.26416793869470556,4.391768208187665,4644
7057,Customer_7057,1388.68,74,18,0.2641582532020239,4.391549585487913,4645
12053,Customer_12053,1388.66,57,26,0.26415437900495126,4.391462136408012,4646
180724,Customer_180724,1388.65,55,36,0.2641524419064149,4.391418411868061,4647
280379,Customer_280379,1388.61,38,38,0.2641446935122696,4.391243513708259,4648
754400,Customer_754400,1388.54,55,32,0.2641311338225153,4.390937441928606,4649
222162,Customer_222162,1388.45,37,35,0.26411369993568834,4.390543921069052,4650
895604,Customer_895604,1388.44,62,3,0.26411176283715204,4.390500196529102,4651
691623,Customer_691623,1388.39,53,22,0.2641020773444704,4.390281573829349,4652
877871,Customer_877871,1388.38,46,22,0.2641001402459341,4.390237849289399,4653
425976,Customer_425976,1388.35,40,11,0.26409432895032503,4.390106675669546,4654
397808,Customer_397808,1388.3,61,10,0.26408464345764343,4.389888052969795,4655
394722,Customer_394722,1388.27,66,38,0.2640788321620344,4.389756879349943,4656
540574,Customer_540574,1388.23,72,36,0.2640710837678891,4.389581981190141,4657
464168,Customer_464168,1388.12,35,22,0.26404977568398946,4.389101011250686,4658
75195,Customer_75195,1388.12,54,2,0.26404977568398946,4.389101011250686,4659
196481,Customer_196481,1388.1,29,15,0.2640459014869168,4.389013562170785,4660
717433,Customer_717433,1388.08,59,22,0.26404202728984416,4.388926113090884,4661
741454,Customer_741454,1388.04,33,10,0.26403427889569886,4.388751214931082,4662
140426,Customer_140426,1387.93,24,33,0.2640129708117993,4.388270244991627,4663
124051,Customer_124051,1387.84,54,11,0.2639955369249723,4.387876724132072,4664
975114,Customer_975114,1387.82,19,31,0.26399166272789965,4.387789275052172,4665
241839,Customer_241839,1387.8,74,6,0.263987788530827,4.387701825972271,4666
975054,Customer_975054,1387.74,27,7,0.26397616593960904,4.387439478732568,4667
911882,Customer_911882,1387.74,42,8,0.26397616593960904,4.387439478732568,4668
535733,Customer_535733,1387.72,30,6,0.2639722917425364,4.387352029652667,4669
707498,Customer_707498,1387.72,30,32,0.2639722917425364,4.387352029652667,4670
131948,Customer_131948,1387.7,55,35,0.26396841754546374,4.387264580572766,4671
592473,Customer_592473,1387.69,62,15,0.2639664804469274,4.387220856032815,4672
497503,Customer_497503,1387.68,66,8,0.2639645433483911,4.387177131492865,4673
815514,Customer_815514,1387.67,32,27,0.26396260624985474,4.387133406952915,4674
965004,Customer_965004,1387.67,39,33,0.26396260624985474,4.387133406952915,4675
439509,Customer_439509,1387.62,59,31,0.2639529207571731,4.386914784253162,4676
533857,Customer_533857,1387.59,34,20,0.2639471094615641,4.3867836106333105,4677
796131,Customer_796131,1387.57,71,6,0.2639432352644914,4.3866961615534095,4678
140389,Customer_140389,1387.57,31,24,0.2639432352644914,4.3866961615534095,4679
183014,Customer_183014,1387.55,35,30,0.2639393610674188,4.3866087124735085,4680
51516,Customer_51516,1387.55,37,17,0.2639393610674188,4.3866087124735085,4681
608410,Customer_608410,1387.5,73,28,0.2639296755747372,4.386390089773757,4682
914778,Customer_914778,1387.48,43,24,0.2639258013776645,4.386302640693856,4683
943745,Customer_943745,1387.46,28,39,0.2639219271805918,4.386215191613955,4684
224049,Customer_224049,1387.35,35,22,0.2639006190966922,4.385734221674499,4685
176498,Customer_176498,1387.28,31,22,0.2638870594069379,4.385428149894846,4686
659105,Customer_659105,1387.27,44,27,0.2638851223084016,4.3853844253548955,4687
268748,Customer_268748,1387.25,74,19,0.26388124811132896,4.3852969762749945,4688
27527,Customer_27527,1387.21,69,37,0.26387349971718366,4.3851220781151925,4689
594556,Customer_594556,1387.17,23,12,0.26386575132303836,4.384947179955391,4690
470374,Customer_470374,1387.15,47,35,0.2638618771259657,4.38485973087549,4691
549476,Customer_549476,1387.13,40,20,0.263858002928893,4.384772281795589,4692
637690,Customer_637690,1387.05,22,18,0.2638425061406024,4.384422485475985,4693
508545,Customer_508545,1386.99,42,4,0.2638308835493844,4.3841601382362825,4694
854012,Customer_854012,1386.78,50,28,0.2637902044801215,4.383241922897322,4695
592874,Customer_592874,1386.77,54,5,0.2637882673815852,4.383198198357372,4696
962804,Customer_962804,1386.77,32,29,0.2637882673815852,4.383198198357372,4697
847600,Customer_847600,1386.74,69,22,0.2637824560859762,4.38306702473752,4698
334055,Customer_334055,1386.69,21,23,0.26377277059329457,4.3828484020377685,4699
68324,Customer_68324,1386.64,73,3,0.2637630851006129,4.382629779338016,4700
687524,Customer_687524,1386.62,18,32,0.26375921090354026,4.382542330258114,4701
486361,Customer_486361,1386.47,62,19,0.26373015442549536,4.381886462158858,4702
476042,Customer_476042,1386.43,73,12,0.26372240603135005,4.381711563999056,4703
191782,Customer_191782,1386.34,67,35,0.26370497214452304,4.381318043139501,4704
217335,Customer_217335,1386.29,56,20,0.26369528665184144,4.381099420439749,4705
79599,Customer_79599,1386.24,25,24,0.2636856011591598,4.380880797739996,4706
65022,Customer_65022,1386.22,71,2,0.26368172696208714,4.380793348660096,4707
991513,Customer_991513,1386.14,64,12,0.26366623017379653,4.380443552340492,4708
972614,Customer_972614,1386.14,19,18,0.26366623017379653,4.380443552340492,4709
896424,Customer_896424,1386.09,18,5,0.2636565446811148,4.380224929640739,4710
818971,Customer_818971,1386.01,52,1,0.2636410478928242,4.379875133321136,4711
548885,Customer_548885,1386.0,61,28,0.2636391107942879,4.379831408781185,4712
493298,Customer_493298,1385.87,30,5,0.2636139285133156,4.379262989761829,4713
383180,Customer_383180,1385.71,55,5,0.2635829349367344,4.378563397122622,4714
926699,Customer_926699,1385.71,33,4,0.2635829349367344,4.378563397122622,4715
24824,Customer_24824,1385.67,50,15,0.2635751865425891,4.37838849896282,4716
26226,Customer_26226,1385.65,66,20,0.26357131234551645,4.378301049882919,4717
964610,Customer_964610,1385.63,65,38,0.2635674381484438,4.378213600803018,4718
463529,Customer_463529,1385.59,67,5,0.26355968975429844,4.378038702643215,4719
689406,Customer_689406,1385.58,63,11,0.2635577526557621,4.377994978103264,4720
554878,Customer_554878,1385.27,73,25,0.2634977026011359,4.3766395173648,4721
110665,Customer_110665,1385.12,27,21,0.263468646123091,4.375983649265542,4722
786215,Customer_786215,1385.12,62,4,0.263468646123091,4.375983649265542,4723
784601,Customer_784601,1385.09,33,2,0.263462834827482,4.375852475645691,4724
857302,Customer_857302,1385.06,20,30,0.263457023531873,4.37572130202584,4725
379633,Customer_379633,1385.0,30,11,0.26344540094065505,4.375458954786137,4726
16940,Customer_16940,1384.77,35,14,0.26340084767431954,4.374453290367276,4727
875154,Customer_875154,1384.72,67,21,0.2633911621816379,4.374234667667524,4728
465974,Customer_465974,1384.66,47,21,0.26337953959041993,4.373972320427821,4729
381923,Customer_381923,1384.64,22,15,0.2633756653933473,4.37388487134792,4730
942046,Customer_942046,1384.63,24,3,0.2633737282948109,4.37384114680797,4731
799361,Customer_799361,1384.42,49,23,0.263333049225548,4.37292293146901,4732
36938,Customer_36938,1384.28,23,34,0.2633059298460394,4.372310787909703,4733
618318,Customer_618318,1384.19,57,26,0.2632884959592125,4.371917267050149,4734
717416,Customer_717416,1384.15,65,39,0.2632807475650672,4.371742368890347,4735
702112,Customer_702112,1384.14,72,15,0.26327881046653084,4.3716986443503965,4736
751192,Customer_751192,1384.13,40,39,0.26327687336799455,4.371654919810447,4737
681895,Customer_681895,1384.06,66,36,0.2632633136782402,4.3713488480307925,4738
756634,Customer_756634,1384.02,59,16,0.2632555652840949,4.3711739498709905,4739
231014,Customer_231014,1383.99,53,9,0.2632497539884859,4.371042776251139,4740
539838,Customer_539838,1383.98,59,35,0.2632478168899496,4.3709990517111885,4741
980202,Customer_980202,1383.95,66,4,0.2632420055943406,4.370867878091338,4742
148880,Customer_148880,1383.94,37,21,0.2632400684958043,4.370824153551387,4743
859590,Customer_859590,1383.92,22,2,0.26323619429873163,4.370736704471486,4744
101411,Customer_101411,1383.86,35,26,0.2632245717075136,4.370474357231783,4745
631041,Customer_631041,1383.85,35,20,0.26322263460897727,4.370430632691832,4746
740610,Customer_740610,1383.84,62,15,0.26322069751044097,4.370386908151882,4747
422668,Customer_422668,1383.76,73,14,0.26320520072215037,4.3700371118322785,4748
974202,Customer_974202,1383.69,42,32,0.26319164103239606,4.369731040052625,4749
170020,Customer_170020,1383.61,61,9,0.2631761442441054,4.369381243733021,4750
142732,Customer_142732,1383.48,67,5,0.26315096196313315,4.368812824713665,4751
223484,Customer_223484,1383.44,65,15,0.26314321356898784,4.3686379265538635,4752
673756,Customer_673756,1383.39,58,30,0.26313352807630624,4.368419303854111,4753
150962,Customer_150962,1383.3,56,14,0.26311609418947923,4.368025782994557,4754
614342,Customer_614342,1383.27,39,11,0.2631102828938703,4.367894609374705,4755
401289,Customer_401289,1383.1,29,2,0.26307735221875267,4.367151292195547,4756
581506,Customer_581506,1383.1,41,5,0.26307735221875267,4.367151292195547,4757
955361,Customer_955361,1383.07,59,18,0.26307154092314367,4.367020118575695,4758
557578,Customer_557578,1383.01,48,19,0.2630599183319257,4.366757771335992,4759
2446,Customer_2446,1382.98,34,25,0.26305410703631676,4.366626597716142,4760
548851,Customer_548851,1382.98,21,3,0.26305410703631676,4.366626597716142,4761
93321,Customer_93321,1382.95,74,15,0.26304829574070776,4.36649542409629,4762
231260,Customer_231260,1382.93,40,8,0.2630444215436351,4.366407975016389,4763
574409,Customer_574409,1382.92,45,32,0.26304248444509876,4.366364250476439,4764
966515,Customer_966515,1382.85,50,33,0.26302892475534445,4.366058178696784,4765
10465,Customer_10465,1382.78,57,29,0.26301536506559015,4.365752106917132,4766
28057,Customer_28057,1382.67,42,23,0.2629940569816906,4.365271136977677,4767
653835,Customer_653835,1382.66,29,12,0.26299211988315424,4.365227412437727,4768
355153,Customer_355153,1382.65,24,6,0.26299018278461794,4.365183687897776,4769
685624,Customer_685624,1382.64,70,36,0.2629882456860816,4.365139963357826,4770
122548,Customer_122548,1382.58,74,15,0.2629766230948636,4.364877616118122,4771
667738,Customer_667738,1382.56,43,33,0.26297274889779093,4.364790167038221,4772
712136,Customer_712136,1382.55,52,31,0.26297081179925463,4.36474644249827,4773
387241,Customer_387241,1382.44,66,34,0.262949503715355,4.364265472558816,4774
346175,Customer_346175,1382.39,71,6,0.26293981822267337,4.364046849859063,4775
498793,Customer_498793,1382.35,20,36,0.262932069828528,4.36387195169926,4776
993132,Customer_993132,1382.17,39,13,0.26289720205487416,4.363084909980153,4777
594425,Customer_594425,1382.17,60,14,0.26289720205487416,4.363084909980153,4778
310209,Customer_310209,1382.1,25,20,0.26288364236511985,4.362778838200499,4779
433699,Customer_433699,1382.1,68,37,0.26288364236511985,4.362778838200499,4780
625801,Customer_625801,1381.77,40,39,0.26281971811342103,4.361335928382133,4781
12672,Customer_12672,1381.72,41,33,0.2628100326207394,4.361117305682381,4782
425613,Customer_425613,1381.59,66,5,0.26278485033976706,4.360548886663024,4783
608599,Customer_608599,1381.59,73,5,0.26278485033976706,4.360548886663024,4784
922409,Customer_922409,1381.57,30,21,0.2627809761426944,4.360461437583123,4785
830375,Customer_830375,1381.45,53,1,0.2627577309602585,4.359936743103718,4786
616232,Customer_616232,1381.33,18,21,0.26273448577782255,4.359412048624312,4787
368650,Customer_368650,1381.3,42,33,0.26272867448221354,4.359280875004461,4788
89801,Customer_89801,1381.27,43,32,0.2627228631866046,4.359149701384609,4789
885777,Customer_885777,1381.23,23,32,0.2627151147924593,4.3589748032248075,4790
431641,Customer_431641,1381.23,53,16,0.2627151147924593,4.3589748032248075,4791
64541,Customer_64541,1381.21,31,37,0.26271124059538664,4.358887354144907,4792
145593,Customer_145593,1381.17,74,24,0.26270349220124134,4.358712455985105,4793
502679,Customer_502679,1381.09,43,39,0.2626879954129507,4.3583626596655005,4794
399892,Customer_399892,1381.04,48,15,0.262678309920269,4.358144036965749,4795
986012,Customer_986012,1380.98,56,25,0.2626666873290511,4.357881689726046,4796
504463,Customer_504463,1380.87,51,9,0.2626453792451514,4.3574007197865905,4797
73946,Customer_73946,1380.84,56,12,0.26263956794954246,4.357269546166739,4798
26926,Customer_26926,1380.79,64,34,0.2626298824568608,4.3570509234669865,4799
672262,Customer_672262,1380.75,49,23,0.2626221340627155,4.3568760253071845,4800
528623,Customer_528623,1380.74,32,31,0.2626201969641792,4.356832300767234,4801
214050,Customer_214050,1380.7,54,34,0.2626124485700339,4.356657402607433,4802
497050,Customer_497050,1380.62,32,1,0.26259695178174325,4.356307606287828,4803
827188,Customer_827188,1380.32,34,2,0.2625388388256534,4.354995870089314,4804
181150,Customer_181150,1380.31,33,10,0.2625369017271171,4.354952145549364,4805
647060,Customer_647060,1380.25,52,25,0.2625252791358991,4.3546897983096615,4806
134741,Customer_134741,1380.1,33,30,0.26249622265785416,4.354033930210403,4807
454465,Customer_454465,1380.03,63,29,0.26248266296809986,4.353727858430751,4808
356060,Customer_356060,1380.02,73,18,0.26248072586956356,4.3536841338908,4809
343873,Customer_343873,1379.93,74,7,0.2624632919827366,4.3532906130312465,4810
63150,Customer_63150,1379.81,46,22,0.26244004680030064,4.35276591855184,4811
620949,Customer_620949,1379.69,40,23,0.26241680161786474,4.352241224072435,4812
281989,Customer_281989,1379.62,57,33,0.2624032419281104,4.35193515229278,4813
942490,Customer_942490,1379.56,40,17,0.2623916193368924,4.351672805053078,4814
299968,Customer_299968,1379.51,44,24,0.2623819338442108,4.351454182353326,4815
15350,Customer_15350,1379.48,70,15,0.2623761225486018,4.351323008733474,4816
493050,Customer_493050,1379.47,71,10,0.2623741854500655,4.351279284193524,4817
339965,Customer_339965,1379.45,20,6,0.2623703112529928,4.351191835113623,4818
977588,Customer_977588,1379.44,35,9,0.2623683741544565,4.351148110573673,4819
763837,Customer_763837,1379.43,60,13,0.26236643705592017,4.351104386033723,4820
249202,Customer_249202,1379.33,67,26,0.26234706607055686,4.350667140634217,4821
857685,Customer_857685,1379.32,63,13,0.26234512897202056,4.350623416094266,4822
217919,Customer_217919,1379.25,30,20,0.26233156928226625,4.350317344314614,4823
629095,Customer_629095,1379.23,59,10,0.2623276950851936,4.350229895234713,4824
37203,Customer_37203,1379.0,39,35,0.26228314181885803,4.349224230815851,4825
911129,Customer_911129,1378.95,56,27,0.26227345632617644,4.3490056081161,4826
110391,Customer_110391,1378.92,22,17,0.26226764503056743,4.348874434496248,4827
856548,Customer_856548,1378.87,38,36,0.2622579595378858,4.348655811796495,4828
707629,Customer_707629,1378.72,23,14,0.26222890305984087,4.347999943697238,4829
530744,Customer_530744,1378.7,29,23,0.2622250288627682,4.347912494617337,4830
230424,Customer_230424,1378.68,50,28,0.26222115466569557,4.347825045537436,4831
105428,Customer_105428,1378.63,38,36,0.2622114691730139,4.347606422837685,4832
402229,Customer_402229,1378.62,34,26,0.26220953207447756,4.347562698297733,4833
360007,Customer_360007,1378.6,70,6,0.2622056578774049,4.347475249217832,4834
246681,Customer_246681,1378.59,29,7,0.26220372077886855,4.347431524677882,4835
284355,Customer_284355,1378.59,34,33,0.26220372077886855,4.347431524677882,4836
934007,Customer_934007,1378.56,36,8,0.2621979094832596,4.34730035105803,4837
708809,Customer_708809,1378.55,66,38,0.26219597238472325,4.34725662651808,4838
573514,Customer_573514,1378.52,72,20,0.2621901610891143,4.347125452898228,4839
60368,Customer_60368,1378.48,57,8,0.262182412694969,4.346950554738426,4840
884956,Customer_884956,1378.47,72,1,0.26218047559643265,4.346906830198477,4841
447851,Customer_447851,1378.46,44,18,0.26217853849789635,4.346863105658526,4842
480,Customer_480,1378.46,52,8,0.26217853849789635,4.346863105658526,4843
729720,Customer_729720,1378.4,73,14,0.2621669159066784,4.346600758418823,4844
645937,Customer_645937,1378.38,65,17,0.26216304170960575,4.346513309338922,4845
424458,Customer_424458,1378.28,26,22,0.26214367072424244,4.346076063939417,4846
693726,Customer_693726,1378.27,34,23,0.2621417336257061,4.346032339399467,4847
37720,Customer_37720,1378.26,31,8,0.26213979652716973,4.345988614859516,4848
884679,Customer_884679,1378.26,26,29,0.26213979652716973,4.345988614859516,4849
984089,Customer_984089,1378.19,58,25,0.2621262368374155,4.345682543079863,4850
883203,Customer_883203,1378.14,24,27,0.26211655134473383,4.345463920380111,4851
137773,Customer_137773,1378.14,32,35,0.26211655134473383,4.345463920380111,4852
316762,Customer_316762,1377.7,53,16,0.2620313190091354,4.3435400406222895,4853
357449,Customer_357449,1377.65,45,24,0.26202163351645374,4.343321417922538,4854
155063,Customer_155063,1377.49,64,32,0.2619906399398725,4.34262182528333,4855
473286,Customer_473286,1377.43,25,27,0.26197901734865453,4.342359478043627,4856
867843,Customer_867843,1377.43,52,25,0.26197901734865453,4.342359478043627,4857
694161,Customer_694161,1377.42,34,29,0.2619770802501182,4.3423157535036765,4858
241705,Customer_241705,1377.39,59,3,0.26197126895450923,4.342184579883825,4859
361954,Customer_361954,1377.34,25,4,0.2619615834618275,4.3419659571840725,4860
379628,Customer_379628,1377.26,61,17,0.2619460866735369,4.3416161608644686,4861
69642,Customer_69642,1377.26,37,39,0.2619460866735369,4.3416161608644686,4862
145726,Customer_145726,1377.26,60,8,0.2619460866735369,4.3416161608644686,4863
503032,Customer_503032,1377.06,40,10,0.26190734470281035,4.340741670065459,4864
541405,Customer_541405,1377.05,53,5,0.261905407604274,4.340697945525508,4865
244892,Customer_244892,1377.04,38,3,0.2619034705057377,4.340654220985558,4866
53162,Customer_53162,1377.03,61,38,0.26190153340720135,4.340610496445607,4867
376717,Customer_376717,1377.02,35,10,0.26189959630866505,4.3405667719056575,4868
549907,Customer_549907,1376.97,45,14,0.2618899108159834,4.340348149205905,4869
648023,Customer_648023,1376.87,47,24,0.2618705398306201,4.339910903806399,4870
657701,Customer_657701,1376.61,35,20,0.26182017526867557,4.338774065767687,4871
416686,Customer_416686,1376.55,22,6,0.2618085526774576,4.338511718527984,4872
329246,Customer_329246,1376.54,49,13,0.26180661557892126,4.338467993988034,4873
109501,Customer_109501,1376.53,68,11,0.26180467848038497,4.338424269448084,4874
927810,Customer_927810,1376.37,21,12,0.2617736849038037,4.337724676808876,4875
993809,Customer_993809,1376.28,67,31,0.26175625101697675,4.337331155949322,4876
556567,Customer_556567,1376.27,73,32,0.2617543139184404,4.337287431409371,4877
803967,Customer_803967,1376.22,46,16,0.2617446284257588,4.33706880870962,4878
622404,Customer_622404,1376.2,67,8,0.26174075422868615,4.336981359629719,4879
315476,Customer_315476,1376.11,56,22,0.26172332034185913,4.336587838770163,4880
123100,Customer_123100,1376.03,68,30,0.26170782355356853,4.33623804245056,4881
861982,Customer_861982,1375.94,62,2,0.2616903896667416,4.335844521591006,4882
993704,Customer_993704,1375.9,51,8,0.2616826412725963,4.335669623431205,4883
75616,Customer_75616,1375.87,34,23,0.26167682997698727,4.335538449811352,4884
84417,Customer_84417,1375.8,67,31,0.26166327028723296,4.335232378031699,4885
131868,Customer_131868,1375.75,24,1,0.26165358479455136,4.335013755331946,4886
981594,Customer_981594,1375.73,69,18,0.2616497105974787,4.334926306252046,4887
337993,Customer_337993,1375.66,58,22,0.2616361509077244,4.334620234472393,4888
735398,Customer_735398,1375.66,43,24,0.2616361509077244,4.334620234472393,4889
922460,Customer_922460,1375.59,53,11,0.2616225912179701,4.334314162692738,4890
373424,Customer_373424,1375.48,37,11,0.2616012831340705,4.333833192753284,4891
677096,Customer_677096,1375.45,38,21,0.2615954718384615,4.333702019133432,4892
46868,Customer_46868,1375.36,39,21,0.26157803795163453,4.333308498273878,4893
6469,Customer_6469,1375.33,47,16,0.26157222665602553,4.333177324654026,4894
917253,Customer_917253,1375.33,65,28,0.26157222665602553,4.333177324654026,4895
266253,Customer_266253,1375.15,36,34,0.2615373588823717,4.332390282934918,4896
999094,Customer_999094,1375.14,44,25,0.2615354217838353,4.332346558394968,4897
391549,Customer_391549,1375.08,46,2,0.2615237991926173,4.332084211155265,4898
681084,Customer_681084,1374.97,40,10,0.26150249110871776,4.331603241215809,4899
687277,Customer_687277,1374.92,40,8,0.2614928056160361,4.331384618516058,4900
960942,Customer_960942,1374.89,71,22,0.2614869943204271,4.331253444896206,4901
391523,Customer_391523,1374.86,42,23,0.2614811830248181,4.331122271276354,4902
218456,Customer_218456,1374.74,47,12,0.2614579378423822,4.330597576796949,4903
882323,Customer_882323,1374.73,37,1,0.26145600074384584,4.330553852256998,4904
325262,Customer_325262,1374.72,54,37,0.26145406364530954,4.330510127717048,4905
70328,Customer_70328,1374.64,70,2,0.26143856685701894,4.330160331397444,4906
710639,Customer_710639,1374.48,44,26,0.2614075732804376,4.329460738758236,4907
793468,Customer_793468,1374.37,64,11,0.261386265196538,4.3289797688187805,4908
69230,Customer_69230,1374.37,52,36,0.261386265196538,4.3289797688187805,4909
746385,Customer_746385,1374.3,60,32,0.2613727055067837,4.328673697039127,4910
96659,Customer_96659,1374.29,49,38,0.2613707684082474,4.328629972499177,4911
994821,Customer_994821,1374.25,48,27,0.2613630200141021,4.3284550743393755,4912
133955,Customer_133955,1374.25,20,23,0.2613630200141021,4.3284550743393755,4913
340929,Customer_340929,1374.2,67,32,0.26135333452142046,4.328236451639623,4914
63315,Customer_63315,1374.2,51,27,0.26135333452142046,4.328236451639623,4915
593294,Customer_593294,1374.15,64,4,0.26134364902873886,4.3280178289398705,4916
20174,Customer_20174,1374.12,28,4,0.2613378377331298,4.327886655320018,4917
22977,Customer_22977,1374.1,26,32,0.26133396353605715,4.327799206240118,4918
595106,Customer_595106,1373.9,61,29,0.26129522156533064,4.326924715441109,4919
373681,Customer_373681,1373.87,24,31,0.2612894102697216,4.326793541821257,4920
110510,Customer_110510,1373.87,55,29,0.2612894102697216,4.326793541821257,4921
368356,Customer_368356,1373.87,66,37,0.2612894102697216,4.326793541821257,4922
458418,Customer_458418,1373.71,74,2,0.26125841669314037,4.32609394918205,4923
434218,Customer_434218,1373.66,23,12,0.2612487312004587,4.325875326482297,4924
219553,Customer_219553,1373.53,19,33,0.26122354891948646,4.325306907462941,4925
739434,Customer_739434,1373.46,33,11,0.26120998922973215,4.325000835683288,4926
13914,Customer_13914,1373.45,58,35,0.26120805213119586,4.324957111143338,4927
829153,Customer_829153,1373.3,23,26,0.2611789956531509,4.32430124304408,4928
12709,Customer_12709,1373.17,73,33,0.26115381337217863,4.323732824024724,4929
703757,Customer_703757,1373.15,52,23,0.261149939175106,4.323645374944824,4930
593479,Customer_593479,1373.06,35,34,0.261132505288279,4.323251854085268,4931
470196,Customer_470196,1372.93,24,34,0.26110732300730677,4.322683435065913,4932
147794,Customer_147794,1372.81,54,17,0.2610840778248708,4.322158740586507,4933
81687,Customer_81687,1372.79,19,31,0.26108020362779816,4.322071291506606,4934
224843,Customer_224843,1372.78,65,34,0.2610782665292618,4.322027566966655,4935
408690,Customer_408690,1372.78,25,39,0.2610782665292618,4.322027566966655,4936
559326,Customer_559326,1372.7,34,38,0.2610627697409712,4.321677770647051,4937
618212,Customer_618212,1372.66,41,2,0.2610550213468259,4.32150287248725,4938
752090,Customer_752090,1372.64,46,12,0.26105114714975325,4.321415423407349,4939
178915,Customer_178915,1372.52,35,17,0.2610279019673173,4.320890728927942,4940
466285,Customer_466285,1372.47,62,25,0.26101821647463563,4.320672106228191,4941
250927,Customer_250927,1372.43,74,12,0.26101046808049033,4.320497208068389,4942
491900,Customer_491900,1372.43,51,32,0.26101046808049033,4.320497208068389,4943
53394,Customer_53394,1372.4,42,7,0.2610046567848814,4.320366034448537,4944
218244,Customer_218244,1372.39,27,6,0.26100271968634503,4.320322309908587,4945
252208,Customer_252208,1372.32,44,16,0.2609891599965907,4.320016238128933,4946
33670,Customer_33670,1372.22,69,22,0.26096978901122747,4.319578992729428,4947
543653,Customer_543653,1372.22,41,32,0.26096978901122747,4.319578992729428,4948
311027,Customer_311027,1372.19,32,14,0.26096397771561847,4.319447819109578,4949
678744,Customer_678744,1372.08,40,37,0.2609426696317188,4.318966849170121,4950
711193,Customer_711193,1372.07,60,2,0.2609407325331825,4.318923124630171,4951
553135,Customer_553135,1372.02,66,27,0.26093104704050085,4.318704501930419,4952
356207,Customer_356207,1371.81,70,14,0.260890367971238,4.317786286591459,4953
586185,Customer_586185,1371.79,50,7,0.26088649377416534,4.317698837511558,4954
82042,Customer_82042,1371.77,25,26,0.26088261957709263,4.317611388431657,4955
556185,Customer_556185,1371.74,64,13,0.2608768082814837,4.317480214811805,4956
362495,Customer_362495,1371.66,61,29,0.2608613114931931,4.317130418492202,4957
139882,Customer_139882,1371.64,40,16,0.26085743729612043,4.317042969412301,4958
331189,Customer_331189,1371.61,63,23,0.26085162600051137,4.316911795792449,4959
211871,Customer_211871,1371.51,38,14,0.2608322550151481,4.316474550392945,4960
618699,Customer_618699,1371.5,36,14,0.2608303179166118,4.316430825852994,4961
411197,Customer_411197,1371.5,44,39,0.2608303179166118,4.316430825852994,4962
922753,Customer_922753,1371.47,60,6,0.2608245066210028,4.316299652233143,4963
158898,Customer_158898,1371.36,53,37,0.2608031985371032,4.3158186822936875,4964
623580,Customer_623580,1371.35,49,23,0.26080126143856686,4.315774957753737,4965
216688,Customer_216688,1371.26,39,31,0.2607838275517399,4.3153814368941825,4966
619501,Customer_619501,1371.26,19,7,0.2607838275517399,4.3153814368941825,4967
670844,Customer_670844,1371.15,54,20,0.26076251946784035,4.314900466954728,4968
133993,Customer_133993,1370.79,63,12,0.26069278392053247,4.31332638351651,4969
432696,Customer_432696,1370.75,63,39,0.26068503552638717,4.313151485356708,4970
896234,Customer_896234,1370.72,70,34,0.2606792242307782,4.3130203117368575,4971
80209,Customer_80209,1370.66,32,16,0.2606676016395602,4.3127579644971545,4972
758101,Customer_758101,1370.62,48,13,0.2606598532454149,4.312583066337352,4973
905260,Customer_905260,1370.56,62,8,0.2606482306541969,4.31232071909765,4974
177484,Customer_177484,1370.55,34,19,0.2606462935556606,4.312276994557699,4975
435906,Customer_435906,1370.53,57,17,0.26064241935858795,4.312189545477798,4976
230674,Customer_230674,1370.5,32,7,0.26063660806297895,4.312058371857947,4977
76929,Customer_76929,1370.45,50,16,0.26062692257029735,4.311839749158194,4978
33013,Customer_33013,1370.38,50,8,0.26061336288054304,4.3115336773785415,4979
109833,Customer_109833,1370.3,33,35,0.2605978660922524,4.311183881058937,4980
305989,Customer_305989,1370.25,65,21,0.26058818059957073,4.310965258359185,4981
926906,Customer_926906,1370.2,47,15,0.26057849510688913,4.310746635659433,4982
124571,Customer_124571,1370.14,26,25,0.2605668725156712,4.31048428841973,4983
441564,Customer_441564,1370.09,26,33,0.26055718702298947,4.310265665719976,4984
765079,Customer_765079,1370.0,39,18,0.26053975313616257,4.309872144860423,4985
545191,Customer_545191,1369.98,18,18,0.2605358789390899,4.309784695780522,4986
405230,Customer_405230,1369.95,50,14,0.2605300676434809,4.30965352216067,4987
744115,Customer_744115,1369.93,28,34,0.26052619344640826,4.30956607308077,4988
176686,Customer_176686,1369.83,72,3,0.26050682246104495,4.309128827681264,4989
458552,Customer_458552,1369.77,20,13,0.260495199869827,4.308866480441561,4990
631617,Customer_631617,1369.48,48,7,0.2604390240122735,4.307598468782998,4991
358918,Customer_358918,1369.36,29,32,0.2604157788298375,4.307073774303592,4992
348686,Customer_348686,1369.31,46,2,0.26040609333715586,4.306855151603839,4993
879467,Customer_879467,1369.29,59,4,0.2604022191400832,4.306767702523938,4994
245169,Customer_245169,1369.24,62,26,0.2603925336474016,4.306549079824187,4995
265911,Customer_265911,1369.06,41,21,0.26035766587374765,4.305762038105078,4996
743922,Customer_743922,1369.06,72,36,0.26035766587374765,4.305762038105078,4997
655314,Customer_655314,1369.05,44,17,0.26035572877521135,4.305718313565127,4998
271171,Customer_271171,1369.01,28,2,0.26034798038106605,4.305543415405325,4999
622753,Customer_622753,1368.97,43,5,0.26034023198692074,4.305368517245523,5000
