order_id,customer_id,amount,order_status,date,segment
50001,269,19.06,shipped,2024-01-01,B2C
50002,72,16.88,cancelled,2024-01-01,B2B
50003,797,332.8,shipped,2024-01-01,Enterprise
50004,126,21.92,completed,2024-01-01,B2C
50005,696,212.08,completed,2024-01-01,B2C
50006,823,323.34,completed,2024-01-01,B2C
50007,681,30.48,completed,2024-01-01,SMB
50008,513,100.99,completed,2024-01-01,Enterprise
50009,268,506.73,completed,2024-01-01,SMB
50010,891,284.49,pending,2024-01-01,SMB
50011,344,115.91,pending,2024-01-01,B2C
50012,355,230.68,completed,2024-01-01,B2B
50013,734,283.8,completed,2024-01-01,B2C
50014,720,79.16,completed,2024-01-01,SMB
50015,896,349.06,completed,2024-01-01,B2B
50016,10,110.37,shipped,2024-01-01,SMB
50017,365,127.56,completed,2024-01-01,Enterprise
50018,571,1235.63,completed,2024-01-01,B2C
50019,225,293.02,completed,2024-01-01,B2C
50020,102,82.36,completed,2024-01-01,B2C
50021,618,16.56,pending,2024-01-01,B2C
50022,267,162.59,completed,2024-01-01,B2C
50023,153,197.57,pending,2024-01-01,B2B
50024,837,172.82,completed,2024-01-01,Enterprise
50025,201,530.66,shipped,2024-01-01,B2C
50026,263,313.13,completed,2024-01-01,B2B
50027,113,104.36,completed,2024-01-01,Enterprise
50028,727,24.74,completed,2024-01-01,B2B
50029,559,111.96,completed,2024-01-01,SMB
50030,321,190.31,shipped,2024-01-01,B2C
50031,559,155.36,completed,2024-01-01,SMB
50032,53,130.87,pending,2024-01-01,Enterprise
50033,738,109.9,completed,2024-01-02,SMB
50034,505,67.17,shipped,2024-01-02,B2C
50035,726,63.72,completed,2024-01-02,SMB
50036,676,119.04,shipped,2024-01-02,Enterprise
50037,511,41.26,pending,2024-01-02,B2C
50038,700,77.48,completed,2024-01-02,B2C
50039,779,73.73,completed,2024-01-02,SMB
50040,398,147.69,completed,2024-01-02,B2C
50041,591,25.35,completed,2024-01-02,B2B
50042,706,280.5,completed,2024-01-02,Enterprise
50043,694,138.96,completed,2024-01-02,B2B
50044,91,181.68,pending,2024-01-02,B2B
50045,760,197.15,pending,2024-01-02,SMB
50046,826,66.69,shipped,2024-01-02,Enterprise
50047,376,110.34,completed,2024-01-02,B2C
50048,98,484.38,shipped,2024-01-02,B2C
50049,316,233.32,completed,2024-01-02,B2C
50050,772,538.78,completed,2024-01-02,SMB
50051,456,220.71,completed,2024-01-02,B2C
50052,45,43.96,pending,2024-01-02,B2C
50053,546,25.01,shipped,2024-01-02,B2C
50054,1006,144.29,completed,2024-01-02,Unknown
50055,10,81.43,shipped,2024-01-02,SMB
50056,140,63.33,completed,2024-01-02,Enterprise
50057,548,261.92,shipped,2024-01-02,B2C
50058,822,83.59,completed,2024-01-02,B2B
50059,617,72.19,completed,2024-01-02,B2B
50060,401,299.56,completed,2024-01-02,B2B
50061,314,295.9,completed,2024-01-02,Enterprise
50062,673,81.09,completed,2024-01-02,B2B
50063,657,283.01,completed,2024-01-02,B2C
50064,758,300.35,completed,2024-01-02,B2C
50065,610,97.73,shipped,2024-01-03,B2C
50066,45,25.32,pending,2024-01-03,B2C
50067,516,15.24,completed,2024-01-03,B2B
50068,863,126.13,cancelled,2024-01-03,B2C
50069,694,78.26,completed,2024-01-03,B2B
50070,125,893.12,shipped,2024-01-03,B2B
50071,147,237.03,completed,2024-01-03,B2C
50072,685,229.87,completed,2024-01-03,Enterprise
50073,217,480.98,completed,2024-01-03,B2C
50074,166,343.02,shipped,2024-01-03,SMB
50075,881,72.45,completed,2024-01-03,B2B
50076,120,42.23,shipped,2024-01-03,B2C
50077,427,220.5,completed,2024-01-03,B2C
50078,183,86.29,completed,2024-01-03,Enterprise
50079,615,111.13,completed,2024-01-03,SMB
50080,129,164.3,shipped,2024-01-03,B2B
50081,681,372.69,completed,2024-01-03,SMB
50082,753,96.47,shipped,2024-01-03,B2C
50083,303,244.4,completed,2024-01-03,B2C
50084,118,61.87,shipped,2024-01-03,B2B
50085,598,194.59,completed,2024-01-03,B2B
50086,575,15.24,completed,2024-01-03,SMB
50087,105,322.78,completed,2024-01-03,Enterprise
50088,508,19.63,completed,2024-01-03,SMB
50089,846,202.11,completed,2024-01-03,B2C
50090,331,22.1,pending,2024-01-03,B2C
50091,246,61.44,completed,2024-01-03,Enterprise
50092,625,118.14,completed,2024-01-03,B2C
50093,266,96.69,completed,2024-01-03,SMB
50094,151,46.95,completed,2024-01-03,Enterprise
50095,56,75.93,completed,2024-01-03,Enterprise
50096,577,210.13,completed,2024-01-03,B2B
50097,457,180.96,shipped,2024-01-04,B2B
50098,188,26.18,completed,2024-01-04,B2C
50099,9,221.34,shipped,2024-01-04,B2C
50100,307,23.18,completed,2024-01-04,B2C
50101,208,132.44,completed,2024-01-04,B2C
50102,540,60.18,completed,2024-01-04,B2B
50103,651,147.9,shipped,2024-01-04,B2B
50104,249,60.44,completed,2024-01-04,Enterprise
50105,388,644.54,shipped,2024-01-04,B2B
50106,452,70.6,completed,2024-01-04,B2C
50107,517,56.55,shipped,2024-01-04,B2C
50108,60,63.96,completed,2024-01-04,B2C
50109,101,355.19,completed,2024-01-04,B2B
50110,47,166.68,completed,2024-01-04,B2C
50111,83,211.78,completed,2024-01-04,B2C
50112,308,390.17,completed,2024-01-04,B2C
50113,87,379.35,completed,2024-01-04,SMB
50114,19,216.45,shipped,2024-01-04,B2C
50115,161,48.06,completed,2024-01-04,B2C
50116,161,293.08,completed,2024-01-04,B2C
50117,759,49.18,completed,2024-01-04,SMB
50118,60,218.74,completed,2024-01-04,B2C
50119,172,188.56,completed,2024-01-04,B2B
50120,471,228.37,completed,2024-01-04,B2B
50121,875,129.11,shipped,2024-01-04,B2B
50122,283,167.72,completed,2024-01-04,B2C
50123,439,474.67,completed,2024-01-04,SMB
50124,125,30.99,completed,2024-01-04,B2B
50125,23,70.41,completed,2024-01-04,B2C
50126,726,156.76,completed,2024-01-04,SMB
50127,292,513.86,completed,2024-01-04,B2B
50128,703,30.07,completed,2024-01-04,B2C
50129,315,18.42,completed,2024-01-05,SMB
50130,815,23.6,cancelled,2024-01-05,SMB
50131,235,23.07,completed,2024-01-05,B2B
50132,572,372.6,completed,2024-01-05,SMB
50133,1011,206.62,completed,2024-01-05,Unknown
50134,605,184.56,completed,2024-01-05,B2B
50135,218,125.9,pending,2024-01-05,SMB
50136,56,243.46,completed,2024-01-05,Enterprise
50137,365,40.38,completed,2024-01-05,Enterprise
50138,877,89.62,shipped,2024-01-05,SMB
50139,581,116.0,completed,2024-01-05,B2C
50140,540,32.55,cancelled,2024-01-05,B2B
50141,324,96.58,pending,2024-01-05,B2C
50142,290,72.08,completed,2024-01-05,B2C
50143,3,20.43,completed,2024-01-05,SMB
50144,141,37.06,completed,2024-01-05,Enterprise
50145,218,231.61,completed,2024-01-05,SMB
50146,464,17.73,completed,2024-01-05,B2C
50147,850,423.29,completed,2024-01-05,B2C
50148,533,28.56,pending,2024-01-05,Enterprise
50149,446,255.85,completed,2024-01-05,Enterprise
50150,188,358.33,completed,2024-01-05,B2C
50151,660,439.88,completed,2024-01-05,B2C
50152,869,318.15,pending,2024-01-05,SMB
50153,14,65.86,completed,2024-01-05,B2B
50154,1004,75.76,completed,2024-01-05,Unknown
50155,755,98.41,shipped,2024-01-05,B2B
50156,235,37.5,shipped,2024-01-05,B2B
50157,20,18.38,pending,2024-01-05,B2C
50158,467,320.02,shipped,2024-01-05,B2C
50159,748,136.16,completed,2024-01-05,B2C
50160,393,155.75,completed,2024-01-05,B2C
50161,275,407.57,completed,2024-01-06,B2C
50162,390,179.1,completed,2024-01-06,SMB
50163,656,191.09,completed,2024-01-06,B2B
50164,716,246.95,completed,2024-01-06,Enterprise
50165,201,33.55,pending,2024-01-06,B2C
50166,304,81.98,completed,2024-01-06,B2C
50167,134,532.28,completed,2024-01-06,B2C
50168,753,399.46,completed,2024-01-06,B2C
50169,891,338.22,pending,2024-01-06,SMB
50170,471,105.25,completed,2024-01-06,B2B
50171,233,306.94,completed,2024-01-06,B2C
50172,689,22.44,completed,2024-01-06,SMB
50173,819,39.12,completed,2024-01-06,B2B
50174,621,95.16,completed,2024-01-06,B2B
50175,553,114.07,pending,2024-01-06,B2C
50176,439,60.88,cancelled,2024-01-06,SMB
50177,832,81.12,cancelled,2024-01-06,B2C
50178,554,41.65,completed,2024-01-06,B2C
50179,619,115.75,pending,2024-01-06,SMB
50180,48,251.87,cancelled,2024-01-06,B2C
50181,640,177.42,pending,2024-01-06,B2C
50182,31,32.11,completed,2024-01-06,B2C
50183,598,115.29,shipped,2024-01-06,B2B
50184,753,194.42,completed,2024-01-06,B2C
50185,471,128.22,pending,2024-01-06,B2B
50186,1001,89.56,completed,2024-01-06,Unknown
50187,838,160.9,completed,2024-01-06,B2C
50188,725,534.33,cancelled,2024-01-06,B2C
50189,247,29.96,completed,2024-01-06,B2C
50190,640,89.15,completed,2024-01-06,B2C
50191,479,93.28,cancelled,2024-01-06,Enterprise
50192,689,144.05,cancelled,2024-01-06,SMB
50193,1002,39.76,completed,2024-01-07,Unknown
50194,732,44.15,pending,2024-01-07,SMB
50195,891,65.4,completed,2024-01-07,SMB
50196,664,483.09,completed,2024-01-07,B2B
50197,163,213.7,completed,2024-01-07,B2C
50198,382,177.57,completed,2024-01-07,B2C
50199,536,269.71,completed,2024-01-07,Enterprise
50200,283,35.47,completed,2024-01-07,B2C
50201,50,309.2,pending,2024-01-07,B2B
50202,1019,150.52,completed,2024-01-07,Unknown
50203,737,76.27,pending,2024-01-07,B2C
50204,72,268.8,shipped,2024-01-07,B2B
50205,257,258.35,completed,2024-01-07,Enterprise
50206,357,295.34,pending,2024-01-07,B2B
50207,619,33.41,pending,2024-01-07,SMB
50208,376,537.82,completed,2024-01-07,B2C
50209,572,496.44,completed,2024-01-07,SMB
50210,520,81.35,shipped,2024-01-07,B2B
50211,377,25.22,shipped,2024-01-07,SMB
50212,72,42.42,pending,2024-01-07,B2B
50213,605,755.69,completed,2024-01-07,B2B
50214,91,139.18,completed,2024-01-07,B2B
50215,508,81.15,completed,2024-01-07,SMB
50216,782,65.99,completed,2024-01-07,B2C
50217,790,59.56,completed,2024-01-07,Enterprise
50218,899,178.66,completed,2024-01-07,B2B
50219,61,96.55,completed,2024-01-07,B2C
50220,691,519.63,shipped,2024-01-07,B2C
50221,780,187.73,completed,2024-01-07,B2C
50222,701,250.56,completed,2024-01-07,B2C
50223,836,66.95,shipped,2024-01-07,B2C
50224,326,27.37,cancelled,2024-01-07,SMB
50225,160,115.36,completed,2024-01-08,SMB
50226,670,71.66,completed,2024-01-08,B2C
50227,516,48.86,pending,2024-01-08,B2B
50228,744,472.5,completed,2024-01-08,B2C
50229,268,103.04,shipped,2024-01-08,SMB
50230,93,43.8,completed,2024-01-08,SMB
50231,100,48.22,completed,2024-01-08,B2B
50232,618,64.42,completed,2024-01-08,B2C
50233,255,1108.19,completed,2024-01-08,B2B
50234,420,61.8,completed,2024-01-08,SMB
50235,681,74.8,completed,2024-01-08,SMB
50236,262,176.53,cancelled,2024-01-08,Enterprise
50237,126,67.21,completed,2024-01-08,B2C
50238,806,51.46,completed,2024-01-08,SMB
50239,646,40.91,pending,2024-01-08,SMB
50240,265,71.24,completed,2024-01-08,SMB
50241,273,31.79,shipped,2024-01-08,SMB
50242,792,17.82,cancelled,2024-01-08,B2C
50243,726,259.94,completed,2024-01-08,SMB
50244,607,37.26,completed,2024-01-08,B2B
50245,347,239.4,pending,2024-01-08,B2C
50246,741,254.58,completed,2024-01-08,B2C
50247,331,130.8,completed,2024-01-08,B2C
50248,155,70.59,pending,2024-01-08,Enterprise
50249,704,38.5,shipped,2024-01-08,B2B
50250,410,215.23,cancelled,2024-01-08,B2B
50251,294,152.96,completed,2024-01-08,B2C
50252,615,174.83,completed,2024-01-08,SMB
50253,883,16.31,completed,2024-01-08,B2B
50254,171,408.66,completed,2024-01-08,B2C
50255,571,25.29,completed,2024-01-08,B2C
50256,124,83.55,completed,2024-01-08,B2B
50257,698,92.3,completed,2024-01-09,B2C
50258,623,15.2,completed,2024-01-09,B2C
50259,441,118.1,completed,2024-01-09,B2B
50260,101,224.64,completed,2024-01-09,B2B
50261,74,274.97,pending,2024-01-09,SMB
50262,146,332.29,completed,2024-01-09,B2B
50263,212,115.33,shipped,2024-01-09,B2C
50264,185,164.4,pending,2024-01-09,B2C
50265,800,27.43,completed,2024-01-09,Enterprise
50266,65,115.43,completed,2024-01-09,B2C
50267,494,40.23,completed,2024-01-09,B2B
50268,102,84.22,pending,2024-01-09,B2C
50269,726,74.92,completed,2024-01-09,SMB
50270,366,97.63,shipped,2024-01-09,B2C
50271,693,142.17,cancelled,2024-01-09,B2C
50272,247,364.77,cancelled,2024-01-09,B2C
50273,878,90.25,completed,2024-01-09,B2C
50274,349,610.54,shipped,2024-01-09,B2C
50275,201,228.46,cancelled,2024-01-09,B2C
50276,558,122.46,completed,2024-01-09,B2B
50277,120,169.93,completed,2024-01-09,B2C
50278,471,31.18,completed,2024-01-09,B2B
50279,250,294.19,completed,2024-01-09,SMB
50280,301,145.97,pending,2024-01-09,B2B
50281,888,656.03,completed,2024-01-09,B2B
50282,250,166.77,pending,2024-01-09,SMB
50283,484,284.47,shipped,2024-01-09,B2C
50284,566,256.24,completed,2024-01-09,B2C
50285,610,78.57,completed,2024-01-09,B2C
50286,837,60.09,completed,2024-01-09,Enterprise
50287,559,99.45,pending,2024-01-09,SMB
50288,198,109.45,completed,2024-01-09,SMB
50289,283,56.18,completed,2024-01-10,B2C
50290,453,352.5,completed,2024-01-10,B2C
50291,796,132.31,pending,2024-01-10,SMB
50292,819,590.57,pending,2024-01-10,B2B
50293,398,264.12,completed,2024-01-10,B2C
50294,718,136.69,completed,2024-01-10,Enterprise
50295,507,455.73,shipped,2024-01-10,Enterprise
50296,25,120.44,completed,2024-01-10,B2C
50297,650,342.2,completed,2024-01-10,B2C
50298,628,81.51,completed,2024-01-10,SMB
50299,496,86.38,completed,2024-01-10,B2C
50300,825,96.23,completed,2024-01-10,B2C
50301,621,133.66,completed,2024-01-10,B2B
50302,396,135.94,completed,2024-01-10,Enterprise
50303,401,117.9,completed,2024-01-10,B2B
50304,56,69.79,completed,2024-01-10,Enterprise
50305,1013,408.02,completed,2024-01-10,Unknown
50306,163,148.22,completed,2024-01-10,B2C
50307,891,93.57,completed,2024-01-10,SMB
50308,822,172.98,cancelled,2024-01-10,B2B
50309,603,234.13,completed,2024-01-10,B2B
50310,286,500.59,pending,2024-01-10,B2B
50311,266,118.84,completed,2024-01-10,SMB
50312,718,32.83,completed,2024-01-10,Enterprise
50313,59,102.18,completed,2024-01-10,B2B
50314,456,112.79,completed,2024-01-10,B2C
50315,900,355.95,shipped,2024-01-10,B2B
50316,350,90.33,completed,2024-01-10,B2C
50317,435,474.68,completed,2024-01-10,B2B
50318,546,114.58,pending,2024-01-10,B2C
50319,118,561.19,completed,2024-01-10,B2B
50320,448,16.23,completed,2024-01-10,SMB
50321,722,358.62,completed,2024-01-11,B2B
50322,837,416.31,completed,2024-01-11,Enterprise
50323,154,501.71,completed,2024-01-11,B2C
50324,143,16.97,completed,2024-01-11,B2C
50325,518,43.26,completed,2024-01-11,SMB
50326,563,174.1,completed,2024-01-11,B2B
50327,576,18.87,shipped,2024-01-11,Enterprise
50328,220,24.86,shipped,2024-01-11,SMB
50329,669,52.48,cancelled,2024-01-11,B2B
50330,616,122.75,pending,2024-01-11,Enterprise
50331,64,133.42,pending,2024-01-11,B2C
50332,304,20.23,shipped,2024-01-11,B2C
50333,387,43.02,completed,2024-01-11,B2C
50334,451,118.88,completed,2024-01-11,SMB
50335,879,150.19,completed,2024-01-11,B2B
50336,196,39.1,completed,2024-01-11,B2C
50337,533,91.33,pending,2024-01-11,Enterprise
50338,109,367.14,completed,2024-01-11,B2B
50339,504,1036.77,completed,2024-01-11,SMB
50340,134,668.92,completed,2024-01-11,B2C
50341,710,335.15,completed,2024-01-11,B2C
50342,187,90.29,completed,2024-01-11,SMB
50343,22,189.03,completed,2024-01-11,B2B
50344,794,95.83,completed,2024-01-11,B2C
50345,48,171.84,completed,2024-01-11,B2C
50346,258,70.54,completed,2024-01-11,B2C
50347,699,154.79,completed,2024-01-11,B2B
50348,630,126.27,pending,2024-01-11,B2C
50349,714,18.72,completed,2024-01-11,B2C
50350,864,249.6,completed,2024-01-11,B2C
50351,374,16.8,cancelled,2024-01-11,B2C
50352,674,67.04,completed,2024-01-11,B2C
50353,790,15.89,completed,2024-01-12,Enterprise
50354,294,85.79,completed,2024-01-12,B2C
50355,726,24.79,shipped,2024-01-12,SMB
50356,455,382.16,completed,2024-01-12,B2B
50357,192,95.6,completed,2024-01-12,SMB
50358,584,107.29,shipped,2024-01-12,B2C
50359,605,79.58,completed,2024-01-12,B2B
50360,14,163.13,pending,2024-01-12,B2B
50361,261,245.16,completed,2024-01-12,B2C
50362,662,171.68,completed,2024-01-12,Enterprise
50363,540,221.87,shipped,2024-01-12,B2B
50364,204,369.63,completed,2024-01-12,SMB
50365,875,313.77,pending,2024-01-12,B2B
50366,783,183.16,cancelled,2024-01-12,B2C
50367,571,51.24,completed,2024-01-12,B2C
50368,754,167.29,pending,2024-01-12,B2C
50369,607,120.81,completed,2024-01-12,B2B
50370,683,204.46,pending,2024-01-12,B2B
50371,804,283.4,completed,2024-01-12,B2C
50372,12,218.64,completed,2024-01-12,Enterprise
50373,13,296.17,completed,2024-01-12,SMB
50374,117,24.9,completed,2024-01-12,SMB
50375,534,19.82,completed,2024-01-12,B2C
50376,59,59.86,pending,2024-01-12,B2B
50377,450,361.39,pending,2024-01-12,B2B
50378,293,275.3,completed,2024-01-12,SMB
50379,21,187.2,completed,2024-01-12,B2C
50380,171,195.98,pending,2024-01-12,B2C
50381,714,209.56,completed,2024-01-12,B2C
50382,8,443.66,completed,2024-01-12,SMB
50383,335,282.74,completed,2024-01-12,B2B
50384,518,161.48,completed,2024-01-12,SMB
50385,147,179.36,completed,2024-01-13,B2C
50386,89,51.07,shipped,2024-01-13,SMB
50387,302,175.64,completed,2024-01-13,B2C
50388,1016,97.92,completed,2024-01-13,Unknown
50389,421,39.9,pending,2024-01-13,SMB
50390,765,261.3,completed,2024-01-13,B2B
50391,611,122.08,completed,2024-01-13,B2B
50392,672,583.64,completed,2024-01-13,SMB
50393,288,64.63,completed,2024-01-13,B2C
50394,367,113.28,completed,2024-01-13,Enterprise
50395,5,104.13,completed,2024-01-13,B2B
50396,393,34.31,completed,2024-01-13,B2C
50397,154,98.3,completed,2024-01-13,B2C
50398,589,65.86,completed,2024-01-13,B2B
50399,598,41.21,shipped,2024-01-13,B2B
50400,600,64.73,completed,2024-01-13,B2B
50401,41,54.84,completed,2024-01-13,B2B
50402,393,213.68,pending,2024-01-13,B2C
50403,441,19.69,completed,2024-01-13,B2B
50404,639,159.14,completed,2024-01-13,B2C
50405,751,229.48,completed,2024-01-13,B2B
50406,137,113.3,pending,2024-01-13,B2C
50407,833,417.28,completed,2024-01-13,B2B
50408,776,199.59,completed,2024-01-13,B2B
50409,20,221.7,completed,2024-01-13,B2C
50410,603,47.9,completed,2024-01-13,B2B
50411,376,240.29,shipped,2024-01-13,B2C
50412,504,282.65,completed,2024-01-13,SMB
50413,262,82.24,completed,2024-01-13,Enterprise
50414,855,51.0,cancelled,2024-01-13,B2B
50415,425,87.93,completed,2024-01-13,B2B
50416,537,216.84,completed,2024-01-13,SMB
50417,840,96.1,completed,2024-01-14,B2C
50418,223,215.14,shipped,2024-01-14,B2B
50419,429,33.08,shipped,2024-01-14,B2C
50420,26,260.99,pending,2024-01-14,SMB
50421,887,58.8,completed,2024-01-14,B2C
50422,760,57.94,completed,2024-01-14,SMB
50423,310,148.88,completed,2024-01-14,B2C
50424,717,25.9,pending,2024-01-14,SMB
50425,513,19.0,completed,2024-01-14,Enterprise
50426,89,60.37,completed,2024-01-14,SMB
50427,888,130.85,shipped,2024-01-14,B2B
50428,76,372.27,completed,2024-01-14,SMB
50429,207,296.04,completed,2024-01-14,B2B
50430,462,116.13,pending,2024-01-14,B2C
50431,780,20.66,completed,2024-01-14,B2C
50432,248,129.94,completed,2024-01-14,Enterprise
50433,195,198.01,completed,2024-01-14,B2C
50434,228,77.14,completed,2024-01-14,B2C
50435,528,32.66,completed,2024-01-14,B2C
50436,188,63.98,completed,2024-01-14,B2C
50437,843,236.49,completed,2024-01-14,B2B
50438,645,79.9,pending,2024-01-14,B2B
50439,752,265.68,completed,2024-01-14,Enterprise
50440,794,72.74,completed,2024-01-14,B2C
50441,447,41.79,completed,2024-01-14,Enterprise
50442,217,100.86,shipped,2024-01-14,B2C
50443,503,105.3,completed,2024-01-14,B2C
50444,304,17.44,shipped,2024-01-14,B2C
50445,509,33.67,shipped,2024-01-14,Enterprise
50446,889,45.67,pending,2024-01-14,B2B
50447,825,33.09,shipped,2024-01-14,B2C
50448,169,77.67,completed,2024-01-14,B2B
50449,835,516.25,shipped,2024-01-15,B2C
50450,639,121.76,pending,2024-01-15,B2C
50451,809,163.15,cancelled,2024-01-15,B2C
50452,634,81.1,completed,2024-01-15,B2C
50453,663,73.62,completed,2024-01-15,B2C
50454,550,18.51,completed,2024-01-15,SMB
50455,250,119.07,completed,2024-01-15,SMB
50456,625,114.13,shipped,2024-01-15,B2C
50457,1019,40.77,cancelled,2024-01-15,Unknown
50458,503,231.79,completed,2024-01-15,B2C
50459,112,116.79,pending,2024-01-15,B2B
50460,263,77.1,completed,2024-01-15,B2B
50461,701,38.83,completed,2024-01-15,B2C
50462,318,135.5,completed,2024-01-15,B2B
50463,646,224.64,completed,2024-01-15,SMB
50464,270,64.69,pending,2024-01-15,B2C
50465,147,52.04,completed,2024-01-15,B2C
50466,189,125.7,completed,2024-01-15,B2C
50467,447,40.32,completed,2024-01-15,Enterprise
50468,820,179.77,completed,2024-01-15,B2C
50469,781,154.46,pending,2024-01-15,B2C
50470,359,28.67,completed,2024-01-15,Enterprise
50471,273,20.58,completed,2024-01-15,SMB
50472,147,160.25,shipped,2024-01-15,B2C
50473,726,67.28,completed,2024-01-15,SMB
50474,440,28.56,shipped,2024-01-15,B2B
50475,294,228.71,completed,2024-01-15,B2C
50476,384,71.54,completed,2024-01-15,SMB
50477,1008,107.32,cancelled,2024-01-15,Unknown
50478,103,55.54,shipped,2024-01-15,B2C
50479,813,163.05,completed,2024-01-15,B2B
50480,511,68.82,completed,2024-01-15,B2C
50481,877,531.4,pending,2024-01-16,SMB
50482,304,197.08,completed,2024-01-16,B2C
50483,92,37.05,completed,2024-01-16,SMB
50484,727,95.86,completed,2024-01-16,B2B
50485,201,88.02,completed,2024-01-16,B2C
50486,314,129.62,completed,2024-01-16,Enterprise
50487,586,291.71,pending,2024-01-16,B2B
50488,570,146.35,completed,2024-01-16,B2C
50489,26,24.53,shipped,2024-01-16,SMB
50490,676,174.81,completed,2024-01-16,Enterprise
50491,463,16.24,completed,2024-01-16,SMB
50492,224,242.09,completed,2024-01-16,B2C
50493,728,179.78,completed,2024-01-16,SMB
50494,453,70.4,completed,2024-01-16,B2C
50495,606,66.89,completed,2024-01-16,B2C
50496,411,255.13,shipped,2024-01-16,B2C
50497,76,244.41,completed,2024-01-16,SMB
50498,276,80.15,completed,2024-01-16,B2C
50499,292,68.28,cancelled,2024-01-16,B2B
50500,306,138.09,cancelled,2024-01-16,Enterprise
50501,348,16.26,completed,2024-01-16,B2B
50502,514,27.94,completed,2024-01-16,SMB
50503,15,35.23,shipped,2024-01-16,B2B
50504,702,45.76,shipped,2024-01-16,B2B
50505,618,122.62,completed,2024-01-16,B2C
50506,134,743.85,completed,2024-01-16,B2C
50507,67,173.6,shipped,2024-01-16,B2B
50508,217,24.49,pending,2024-01-16,B2C
50509,84,126.85,shipped,2024-01-16,B2B
50510,237,117.97,completed,2024-01-16,B2C
50511,784,38.35,completed,2024-01-16,B2C
50512,662,394.37,completed,2024-01-16,Enterprise
50513,791,102.18,completed,2024-01-17,B2B
50514,606,797.07,completed,2024-01-17,B2C
50515,113,96.73,completed,2024-01-17,Enterprise
50516,582,155.46,completed,2024-01-17,Enterprise
50517,601,31.6,completed,2024-01-17,B2B
50518,559,105.83,shipped,2024-01-17,SMB
50519,550,55.92,shipped,2024-01-17,SMB
50520,856,285.79,pending,2024-01-17,B2B
50521,161,244.82,shipped,2024-01-17,B2C
50522,480,275.74,completed,2024-01-17,B2C
50523,320,207.89,completed,2024-01-17,B2C
50524,390,283.18,completed,2024-01-17,SMB
50525,452,48.63,completed,2024-01-17,B2C
50526,127,105.23,pending,2024-01-17,SMB
50527,294,191.57,completed,2024-01-17,B2C
50528,274,167.17,completed,2024-01-17,Enterprise
50529,900,204.0,completed,2024-01-17,B2B
50530,147,53.09,completed,2024-01-17,B2C
50531,530,30.54,completed,2024-01-17,SMB
50532,129,387.99,completed,2024-01-17,B2B
50533,357,138.21,completed,2024-01-17,B2B
50534,169,40.05,completed,2024-01-17,B2B
50535,451,251.57,pending,2024-01-17,SMB
50536,437,384.64,completed,2024-01-17,B2B
50537,445,42.87,completed,2024-01-17,SMB
50538,668,270.08,completed,2024-01-17,B2B
50539,628,420.96,completed,2024-01-17,SMB
50540,645,432.97,completed,2024-01-17,B2B
50541,43,383.28,completed,2024-01-17,B2B
50542,314,133.59,shipped,2024-01-17,Enterprise
50543,78,81.06,shipped,2024-01-17,B2B
50544,611,16.09,completed,2024-01-17,B2B
50545,483,24.43,completed,2024-01-18,B2C
50546,866,99.01,completed,2024-01-18,B2C
50547,97,91.46,completed,2024-01-18,B2C
50548,567,45.63,completed,2024-01-18,B2C
50549,127,90.5,completed,2024-01-18,SMB
50550,541,43.79,completed,2024-01-18,Enterprise
50551,573,298.36,shipped,2024-01-18,B2C
50552,588,68.11,pending,2024-01-18,B2B
50553,116,151.91,shipped,2024-01-18,SMB
50554,419,119.83,completed,2024-01-18,B2C
50555,664,22.99,completed,2024-01-18,B2B
50556,383,442.7,completed,2024-01-18,B2C
50557,552,127.37,completed,2024-01-18,SMB
50558,127,73.97,completed,2024-01-18,SMB
50559,487,40.82,completed,2024-01-18,B2B
50560,599,76.99,completed,2024-01-18,B2B
50561,685,18.11,shipped,2024-01-18,Enterprise
50562,624,82.78,shipped,2024-01-18,B2C
50563,503,128.73,completed,2024-01-18,B2C
50564,431,323.2,completed,2024-01-18,B2B
50565,562,189.41,completed,2024-01-18,B2B
50566,542,32.75,completed,2024-01-18,B2C
50567,19,38.98,completed,2024-01-18,B2C
50568,884,98.82,shipped,2024-01-18,B2B
50569,282,47.67,completed,2024-01-18,B2C
50570,488,19.24,completed,2024-01-18,B2C
50571,634,260.22,completed,2024-01-18,B2C
50572,525,17.96,completed,2024-01-18,SMB
50573,451,281.4,completed,2024-01-18,SMB
50574,417,38.34,shipped,2024-01-18,B2C
50575,835,566.41,completed,2024-01-18,B2C
50576,115,153.9,completed,2024-01-18,B2C
50577,384,214.19,pending,2024-01-19,SMB
50578,13,32.56,completed,2024-01-19,SMB
50579,269,312.19,completed,2024-01-19,B2C
50580,651,289.13,completed,2024-01-19,B2B
50581,770,173.76,shipped,2024-01-19,SMB
50582,320,119.66,completed,2024-01-19,B2C
50583,790,206.74,completed,2024-01-19,Enterprise
50584,796,15.89,cancelled,2024-01-19,SMB
50585,419,149.64,shipped,2024-01-19,B2C
50586,439,297.0,completed,2024-01-19,SMB
50587,661,81.22,shipped,2024-01-19,B2C
50588,73,32.19,completed,2024-01-19,B2B
50589,730,96.94,completed,2024-01-19,B2B
50590,734,209.8,completed,2024-01-19,B2C
50591,128,32.03,completed,2024-01-19,SMB
50592,273,49.61,completed,2024-01-19,SMB
50593,30,38.95,pending,2024-01-19,B2B
50594,867,254.14,completed,2024-01-19,B2B
50595,754,24.74,completed,2024-01-19,B2C
50596,409,189.03,completed,2024-01-19,Enterprise
50597,570,83.46,pending,2024-01-19,B2C
50598,13,226.46,shipped,2024-01-19,SMB
50599,380,515.24,completed,2024-01-19,B2C
50600,328,33.25,pending,2024-01-19,B2C
50601,695,71.62,completed,2024-01-19,B2B
50602,671,264.21,completed,2024-01-19,B2B
50603,760,61.42,shipped,2024-01-19,SMB
50604,118,51.33,completed,2024-01-19,B2B
50605,511,276.77,cancelled,2024-01-19,B2C
50606,302,667.37,completed,2024-01-19,B2C
50607,342,137.09,completed,2024-01-19,B2C
50608,519,63.87,pending,2024-01-19,Enterprise
50609,439,91.27,shipped,2024-01-20,SMB
50610,172,42.97,completed,2024-01-20,B2B
50611,227,230.25,completed,2024-01-20,Enterprise
50612,494,237.73,shipped,2024-01-20,B2B
50613,794,327.06,completed,2024-01-20,B2C
50614,406,19.04,pending,2024-01-20,SMB
50615,107,138.82,shipped,2024-01-20,B2C
50616,834,51.17,completed,2024-01-20,B2B
50617,508,77.53,completed,2024-01-20,SMB
50618,370,245.54,completed,2024-01-20,B2B
50619,611,46.99,completed,2024-01-20,B2B
50620,240,167.56,shipped,2024-01-20,B2B
50621,393,174.44,cancelled,2024-01-20,B2C
50622,523,477.17,completed,2024-01-20,Enterprise
50623,278,238.86,completed,2024-01-20,B2C
50624,161,259.17,completed,2024-01-20,B2C
50625,116,128.77,completed,2024-01-20,SMB
50626,441,46.01,completed,2024-01-20,B2B
50627,820,98.15,completed,2024-01-20,B2C
50628,112,134.61,completed,2024-01-20,B2B
50629,495,185.18,pending,2024-01-20,B2C
50630,650,155.36,completed,2024-01-20,B2C
50631,687,90.13,shipped,2024-01-20,B2C
50632,691,61.25,shipped,2024-01-20,B2C
50633,197,42.63,completed,2024-01-20,SMB
50634,723,192.55,completed,2024-01-20,B2B
50635,483,170.51,completed,2024-01-20,B2C
50636,176,189.41,completed,2024-01-20,B2B
50637,744,84.91,shipped,2024-01-20,B2C
50638,615,60.65,completed,2024-01-20,SMB
50639,653,228.89,completed,2024-01-20,B2C
50640,160,237.85,completed,2024-01-20,SMB
50641,664,106.22,shipped,2024-01-21,B2B
50642,542,156.98,completed,2024-01-21,B2C
50643,183,85.15,completed,2024-01-21,Enterprise
50644,109,196.57,completed,2024-01-21,B2B
50645,296,285.93,shipped,2024-01-21,B2C
50646,483,189.83,completed,2024-01-21,B2C
50647,342,122.8,completed,2024-01-21,B2C
50648,332,107.06,completed,2024-01-21,SMB
50649,206,169.22,completed,2024-01-21,B2B
50650,489,185.83,completed,2024-01-21,Enterprise
50651,768,137.71,completed,2024-01-21,SMB
50652,256,162.1,completed,2024-01-21,B2C
50653,818,30.24,completed,2024-01-21,B2C
50654,492,469.75,completed,2024-01-21,B2C
50655,577,249.65,completed,2024-01-21,B2B
50656,746,85.24,completed,2024-01-21,SMB
50657,780,139.11,completed,2024-01-21,B2C
50658,368,22.27,pending,2024-01-21,Enterprise
50659,599,21.32,completed,2024-01-21,B2B
50660,420,58.31,completed,2024-01-21,SMB
50661,732,190.53,completed,2024-01-21,SMB
50662,369,301.73,completed,2024-01-21,B2B
50663,364,137.87,completed,2024-01-21,B2C
50664,692,128.94,completed,2024-01-21,B2C
50665,430,92.2,cancelled,2024-01-21,B2B
50666,543,41.44,shipped,2024-01-21,B2B
50667,73,33.89,shipped,2024-01-21,B2B
50668,540,229.49,cancelled,2024-01-21,B2B
50669,574,408.63,pending,2024-01-21,B2C
50670,340,106.95,shipped,2024-01-21,B2B
50671,354,176.58,completed,2024-01-21,B2B
50672,702,383.81,completed,2024-01-21,B2B
50673,183,29.17,completed,2024-01-22,Enterprise
50674,763,235.77,completed,2024-01-22,B2B
50675,855,158.89,completed,2024-01-22,B2B
50676,852,151.93,cancelled,2024-01-22,SMB
50677,218,66.91,completed,2024-01-22,SMB
50678,426,187.75,completed,2024-01-22,B2C
50679,17,252.56,completed,2024-01-22,B2C
50680,542,32.96,completed,2024-01-22,B2C
50681,264,129.38,completed,2024-01-22,B2C
50682,386,31.02,completed,2024-01-22,SMB
50683,334,324.03,completed,2024-01-22,B2B
50684,124,121.28,completed,2024-01-22,B2B
50685,652,262.51,completed,2024-01-22,B2C
50686,247,83.85,completed,2024-01-22,B2C
50687,106,35.04,completed,2024-01-22,B2B
50688,27,21.36,completed,2024-01-22,B2B
50689,441,64.59,completed,2024-01-22,B2B
50690,530,57.0,completed,2024-01-22,SMB
50691,260,138.27,completed,2024-01-22,B2B
50692,888,18.3,completed,2024-01-22,B2B
50693,759,125.27,completed,2024-01-22,SMB
50694,793,89.58,completed,2024-01-22,B2C
50695,566,144.1,pending,2024-01-22,B2C
50696,76,196.81,completed,2024-01-22,SMB
50697,122,165.81,completed,2024-01-22,SMB
50698,112,641.44,completed,2024-01-22,B2B
50699,421,37.32,completed,2024-01-22,SMB
50700,355,99.25,completed,2024-01-22,B2B
50701,43,97.96,shipped,2024-01-22,B2B
50702,532,95.95,shipped,2024-01-22,Enterprise
50703,442,178.51,completed,2024-01-22,Enterprise
50704,634,115.95,pending,2024-01-22,B2C
50705,367,124.3,completed,2024-01-23,Enterprise
50706,754,99.94,completed,2024-01-23,B2C
50707,868,733.72,completed,2024-01-23,B2B
50708,118,408.75,completed,2024-01-23,B2B
50709,105,70.17,completed,2024-01-23,Enterprise
50710,364,32.75,completed,2024-01-23,B2C
50711,427,289.67,completed,2024-01-23,B2C
50712,224,895.14,completed,2024-01-23,B2C
50713,408,66.93,completed,2024-01-23,B2B
50714,264,81.42,completed,2024-01-23,B2C
50715,801,441.15,completed,2024-01-23,SMB
50716,844,201.27,completed,2024-01-23,Enterprise
50717,294,67.57,completed,2024-01-23,B2C
50718,799,145.5,shipped,2024-01-23,B2C
50719,432,447.98,completed,2024-01-23,SMB
50720,418,265.55,pending,2024-01-23,B2C
50721,776,218.12,completed,2024-01-23,B2B
50722,438,215.34,completed,2024-01-23,SMB
50723,692,44.41,pending,2024-01-23,B2C
50724,589,276.17,completed,2024-01-23,B2B
50725,582,63.47,completed,2024-01-23,Enterprise
50726,486,414.68,completed,2024-01-23,Enterprise
50727,537,83.03,completed,2024-01-23,SMB
50728,399,307.43,completed,2024-01-23,SMB
50729,1003,61.43,completed,2024-01-23,Unknown
50730,128,123.39,pending,2024-01-23,SMB
50731,82,31.96,completed,2024-01-23,B2C
50732,698,176.87,completed,2024-01-23,B2C
50733,3,286.26,shipped,2024-01-23,SMB
50734,137,205.12,completed,2024-01-23,B2C
50735,364,126.12,completed,2024-01-23,B2C
50736,323,21.92,completed,2024-01-23,B2C
50737,412,421.45,completed,2024-01-24,Enterprise
50738,666,198.37,completed,2024-01-24,B2B
50739,1010,220.48,completed,2024-01-24,Unknown
50740,311,252.48,completed,2024-01-24,B2C
50741,414,221.6,cancelled,2024-01-24,B2C
50742,632,102.27,shipped,2024-01-24,SMB
50743,212,213.43,completed,2024-01-24,B2C
50744,598,162.14,shipped,2024-01-24,B2B
50745,104,303.64,completed,2024-01-24,B2C
50746,277,258.27,completed,2024-01-24,SMB
50747,867,21.34,completed,2024-01-24,B2B
50748,70,86.44,completed,2024-01-24,Enterprise
50749,449,20.3,shipped,2024-01-24,B2C
50750,211,31.15,completed,2024-01-24,B2C
50751,423,152.97,completed,2024-01-24,B2B
50752,659,325.51,completed,2024-01-24,B2C
50753,629,34.15,completed,2024-01-24,B2B
50754,44,104.97,completed,2024-01-24,Enterprise
50755,391,377.66,shipped,2024-01-24,Enterprise
50756,371,267.54,cancelled,2024-01-24,B2B
50757,227,124.99,completed,2024-01-24,Enterprise
50758,146,236.48,completed,2024-01-24,B2B
50759,54,125.94,completed,2024-01-24,SMB
50760,622,40.81,shipped,2024-01-24,B2B
50761,848,34.98,completed,2024-01-24,Enterprise
50762,883,46.31,completed,2024-01-24,B2B
50763,575,79.83,shipped,2024-01-24,SMB
50764,450,415.03,completed,2024-01-24,B2B
50765,514,256.17,completed,2024-01-24,SMB
50766,858,100.06,completed,2024-01-24,B2C
50767,817,116.91,completed,2024-01-24,B2C
50768,227,61.31,completed,2024-01-24,Enterprise
50769,39,197.79,completed,2024-01-25,B2C
50770,730,258.5,completed,2024-01-25,B2B
50771,849,55.95,completed,2024-01-25,B2C
50772,203,21.41,pending,2024-01-25,B2B
50773,416,161.68,completed,2024-01-25,B2C
50774,749,139.01,shipped,2024-01-25,Enterprise
50775,618,92.16,completed,2024-01-25,B2C
50776,612,169.88,completed,2024-01-25,SMB
50777,613,134.98,completed,2024-01-25,B2C
50778,673,58.27,completed,2024-01-25,B2B
50779,118,91.06,completed,2024-01-25,B2B
50780,208,98.82,completed,2024-01-25,B2C
50781,678,333.35,completed,2024-01-25,B2C
50782,884,501.26,completed,2024-01-25,B2B
50783,643,350.24,cancelled,2024-01-25,B2B
50784,249,205.51,completed,2024-01-25,Enterprise
50785,77,146.92,completed,2024-01-25,SMB
50786,622,190.32,completed,2024-01-25,B2B
50787,451,434.8,completed,2024-01-25,SMB
50788,361,58.15,shipped,2024-01-25,B2C
50789,242,129.9,completed,2024-01-25,Enterprise
50790,159,190.49,completed,2024-01-25,B2B
50791,804,185.56,completed,2024-01-25,B2C
50792,451,58.61,shipped,2024-01-25,SMB
50793,601,147.55,completed,2024-01-25,B2B
50794,853,253.38,completed,2024-01-25,B2B
50795,93,111.68,completed,2024-01-25,SMB
50796,791,251.47,completed,2024-01-25,B2B
50797,162,81.92,completed,2024-01-25,B2C
50798,72,433.94,pending,2024-01-25,B2B
50799,86,129.51,shipped,2024-01-25,B2C
50800,628,150.93,completed,2024-01-25,SMB
50801,91,19.78,completed,2024-01-26,B2B
50802,281,43.0,completed,2024-01-26,SMB
50803,489,165.33,completed,2024-01-26,Enterprise
50804,30,96.68,completed,2024-01-26,B2B
50805,67,121.44,completed,2024-01-26,B2B
50806,637,24.76,cancelled,2024-01-26,B2C
50807,687,284.49,completed,2024-01-26,B2C
50808,633,245.22,pending,2024-01-26,B2C
50809,817,45.75,completed,2024-01-26,B2C
50810,844,165.9,completed,2024-01-26,Enterprise
50811,580,270.82,completed,2024-01-26,B2C
50812,181,168.6,shipped,2024-01-26,B2C
50813,195,70.75,completed,2024-01-26,B2C
50814,696,175.12,shipped,2024-01-26,B2C
50815,836,50.45,shipped,2024-01-26,B2C
50816,809,72.46,completed,2024-01-26,B2C
50817,737,56.18,completed,2024-01-26,B2C
50818,881,137.1,shipped,2024-01-26,B2B
50819,262,32.18,completed,2024-01-26,Enterprise
50820,12,421.16,completed,2024-01-26,Enterprise
50821,804,75.86,completed,2024-01-26,B2C
50822,770,52.07,pending,2024-01-26,SMB
50823,698,117.94,completed,2024-01-26,B2C
50824,25,63.65,pending,2024-01-26,B2C
50825,209,129.83,completed,2024-01-26,B2B
50826,185,79.27,completed,2024-01-26,B2C
50827,438,36.25,completed,2024-01-26,SMB
50828,589,61.37,completed,2024-01-26,B2B
50829,370,101.56,shipped,2024-01-26,B2B
50830,568,19.61,pending,2024-01-26,B2C
50831,685,235.87,shipped,2024-01-26,Enterprise
50832,436,160.86,cancelled,2024-01-26,SMB
50833,184,152.95,completed,2024-01-27,SMB
50834,688,133.47,completed,2024-01-27,B2C
50835,419,148.85,completed,2024-01-27,B2C
50836,783,424.2,shipped,2024-01-27,B2C
50837,361,16.29,completed,2024-01-27,B2C
50838,90,22.35,cancelled,2024-01-27,B2C
50839,136,46.88,completed,2024-01-27,B2C
50840,508,42.46,cancelled,2024-01-27,SMB
50841,336,44.99,completed,2024-01-27,B2B
50842,208,182.19,completed,2024-01-27,B2C
50843,488,107.28,shipped,2024-01-27,B2C
50844,438,735.16,shipped,2024-01-27,SMB
50845,278,53.6,completed,2024-01-27,B2C
50846,632,70.84,pending,2024-01-27,SMB
50847,900,637.55,pending,2024-01-27,B2B
50848,776,282.35,completed,2024-01-27,B2B
50849,445,110.17,completed,2024-01-27,SMB
50850,575,136.32,completed,2024-01-27,SMB
50851,751,292.9,completed,2024-01-27,B2B
50852,887,113.37,shipped,2024-01-27,B2C
50853,785,49.61,completed,2024-01-27,B2B
50854,350,279.43,completed,2024-01-27,B2C
50855,638,130.75,completed,2024-01-27,B2B
50856,304,39.92,completed,2024-01-27,B2C
50857,84,120.66,completed,2024-01-27,B2B
50858,630,94.96,completed,2024-01-27,B2C
50859,550,329.14,completed,2024-01-27,SMB
50860,827,35.21,completed,2024-01-27,B2C
50861,232,327.17,cancelled,2024-01-27,B2C
50862,166,122.68,completed,2024-01-27,SMB
50863,374,92.72,completed,2024-01-27,B2C
50864,852,41.5,completed,2024-01-27,SMB
50865,251,196.01,completed,2024-01-28,B2C
50866,856,407.2,completed,2024-01-28,B2B
50867,296,85.59,shipped,2024-01-28,B2C
50868,467,56.48,completed,2024-01-28,B2C
50869,21,136.41,cancelled,2024-01-28,B2C
50870,592,253.58,completed,2024-01-28,B2C
50871,65,15.57,pending,2024-01-28,B2C
50872,381,164.7,pending,2024-01-28,B2B
50873,839,151.14,completed,2024-01-28,B2C
50874,611,72.44,completed,2024-01-28,B2B
50875,337,105.06,completed,2024-01-28,SMB
50876,670,57.55,completed,2024-01-28,B2C
50877,716,249.02,pending,2024-01-28,Enterprise
50878,629,165.99,completed,2024-01-28,B2B
50879,846,129.12,completed,2024-01-28,B2C
50880,777,89.77,shipped,2024-01-28,B2B
50881,550,66.67,cancelled,2024-01-28,SMB
50882,628,274.52,completed,2024-01-28,SMB
50883,183,105.06,pending,2024-01-28,Enterprise
50884,542,119.41,completed,2024-01-28,B2C
50885,858,125.35,completed,2024-01-28,B2C
50886,828,104.23,completed,2024-01-28,B2C
50887,884,59.37,shipped,2024-01-28,B2B
50888,790,34.23,completed,2024-01-28,Enterprise
50889,444,30.56,completed,2024-01-28,B2C
50890,802,227.49,completed,2024-01-28,B2B
50891,691,52.95,completed,2024-01-28,B2C
50892,626,23.59,completed,2024-01-28,B2C
50893,741,254.57,shipped,2024-01-28,B2C
50894,4,40.1,completed,2024-01-28,B2C
50895,448,162.18,completed,2024-01-28,SMB
50896,729,77.02,shipped,2024-01-28,B2B
50897,704,35.28,pending,2024-01-29,B2B
50898,126,95.29,completed,2024-01-29,B2C
50899,693,17.24,completed,2024-01-29,B2C
50900,439,290.87,pending,2024-01-29,SMB
50901,8,123.08,pending,2024-01-29,SMB
50902,563,37.48,completed,2024-01-29,B2B
50903,201,55.57,completed,2024-01-29,B2C
50904,490,104.12,completed,2024-01-29,SMB
50905,59,46.4,completed,2024-01-29,B2B
50906,749,61.92,completed,2024-01-29,Enterprise
50907,770,129.66,completed,2024-01-29,SMB
50908,714,283.11,completed,2024-01-29,B2C
50909,606,92.08,pending,2024-01-29,B2C
50910,361,204.33,completed,2024-01-29,B2C
50911,183,328.95,completed,2024-01-29,Enterprise
50912,805,51.56,cancelled,2024-01-29,B2C
50913,184,261.91,completed,2024-01-29,SMB
50914,232,227.45,completed,2024-01-29,B2C
50915,899,81.23,shipped,2024-01-29,B2B
50916,494,698.74,completed,2024-01-29,B2B
50917,35,60.69,shipped,2024-01-29,Enterprise
50918,4,59.12,completed,2024-01-29,B2C
50919,8,236.93,completed,2024-01-29,SMB
50920,606,100.55,pending,2024-01-29,B2C
50921,849,75.25,completed,2024-01-29,B2C
50922,194,44.52,shipped,2024-01-29,B2C
50923,850,232.44,completed,2024-01-29,B2C
50924,862,246.49,completed,2024-01-29,B2C
50925,778,140.4,shipped,2024-01-29,SMB
50926,367,488.08,completed,2024-01-29,Enterprise
50927,580,72.44,completed,2024-01-29,B2C
50928,467,52.2,completed,2024-01-29,B2C
50929,75,184.73,completed,2024-01-30,SMB
50930,738,228.08,shipped,2024-01-30,SMB
50931,101,53.22,shipped,2024-01-30,B2B
50932,898,26.96,completed,2024-01-30,SMB
50933,202,264.52,completed,2024-01-30,B2B
50934,139,577.63,completed,2024-01-30,B2C
50935,132,170.21,completed,2024-01-30,B2B
50936,13,63.83,shipped,2024-01-30,SMB
50937,561,870.83,completed,2024-01-30,SMB
50938,409,350.61,completed,2024-01-30,Enterprise
50939,679,123.04,pending,2024-01-30,Enterprise
50940,500,276.72,completed,2024-01-30,Enterprise
50941,877,268.78,completed,2024-01-30,SMB
50942,460,424.54,completed,2024-01-30,B2B
50943,144,290.76,shipped,2024-01-30,B2C
50944,215,169.79,completed,2024-01-30,SMB
50945,627,155.97,completed,2024-01-30,B2C
50946,363,109.49,cancelled,2024-01-30,B2C
50947,518,162.72,shipped,2024-01-30,SMB
50948,305,252.87,shipped,2024-01-30,SMB
50949,558,536.25,completed,2024-01-30,B2B
50950,52,109.47,completed,2024-01-30,SMB
50951,450,142.88,completed,2024-01-30,B2B
50952,275,103.27,completed,2024-01-30,B2C
50953,223,180.61,completed,2024-01-30,B2B
50954,720,164.11,completed,2024-01-30,SMB
50955,322,17.7,completed,2024-01-30,SMB
50956,296,131.86,completed,2024-01-30,B2C
50957,811,28.9,shipped,2024-01-30,Enterprise
50958,237,19.01,completed,2024-01-30,B2C
50959,162,249.95,completed,2024-01-30,B2C
50960,13,59.89,completed,2024-01-30,SMB
50961,881,77.48,completed,2024-01-31,B2B
50962,675,24.93,completed,2024-01-31,B2C
50963,779,44.68,completed,2024-01-31,SMB
50964,800,232.61,pending,2024-01-31,Enterprise
50965,517,117.04,shipped,2024-01-31,B2C
50966,413,333.88,completed,2024-01-31,Enterprise
50967,693,90.94,pending,2024-01-31,B2C
50968,349,61.94,completed,2024-01-31,B2C
50969,96,79.06,shipped,2024-01-31,B2C
50970,582,202.12,completed,2024-01-31,Enterprise
50971,796,136.45,completed,2024-01-31,SMB
50972,211,366.81,shipped,2024-01-31,B2C
50973,743,153.26,completed,2024-01-31,SMB
50974,53,116.89,completed,2024-01-31,Enterprise
50975,824,246.09,pending,2024-01-31,B2C
50976,199,457.14,shipped,2024-01-31,SMB
50977,792,80.97,completed,2024-01-31,B2C
50978,381,58.13,completed,2024-01-31,B2B
50979,783,158.65,shipped,2024-01-31,B2C
50980,679,118.63,cancelled,2024-01-31,Enterprise
50981,19,694.03,completed,2024-01-31,B2C
50982,55,108.09,shipped,2024-01-31,B2C
50983,124,26.59,pending,2024-01-31,B2B
50984,517,583.27,completed,2024-01-31,B2C
50985,95,293.29,shipped,2024-01-31,SMB
50986,538,44.45,completed,2024-01-31,B2B
50987,176,367.46,completed,2024-01-31,B2B
50988,306,77.48,completed,2024-01-31,Enterprise
50989,594,86.01,completed,2024-01-31,B2C
50990,579,370.3,shipped,2024-01-31,B2C
50991,696,128.29,completed,2024-01-31,B2C
50992,673,37.23,pending,2024-01-31,B2B
50993,136,84.08,shipped,2024-02-01,B2C
50994,180,207.07,shipped,2024-02-01,B2B
50995,344,43.71,completed,2024-02-01,B2C
50996,42,148.82,completed,2024-02-01,B2C
50997,141,193.25,completed,2024-02-01,Enterprise
50998,231,78.21,pending,2024-02-01,SMB
50999,420,192.57,completed,2024-02-01,SMB
51000,181,338.39,cancelled,2024-02-01,B2C
51001,773,110.83,shipped,2024-02-01,B2B
51002,1007,87.41,shipped,2024-02-01,Unknown
51003,886,58.38,completed,2024-02-01,B2B
51004,88,154.03,completed,2024-02-01,B2C
51005,739,332.85,shipped,2024-02-01,B2C
51006,583,73.88,completed,2024-02-01,B2C
51007,693,90.69,shipped,2024-02-01,B2C
51008,834,93.29,completed,2024-02-01,B2B
51009,845,138.42,shipped,2024-02-01,B2B
51010,701,53.9,shipped,2024-02-01,B2C
51011,454,274.07,completed,2024-02-01,Enterprise
51012,73,67.56,completed,2024-02-01,B2B
51013,162,198.3,shipped,2024-02-01,B2C
51014,831,122.99,completed,2024-02-01,B2B
51015,235,147.25,completed,2024-02-01,B2B
51016,830,44.7,completed,2024-02-01,B2C
51017,769,214.22,completed,2024-02-01,B2C
51018,331,46.35,completed,2024-02-01,B2C
51019,811,33.07,shipped,2024-02-01,Enterprise
51020,833,133.67,completed,2024-02-01,B2B
51021,215,200.32,completed,2024-02-01,SMB
51022,265,22.7,pending,2024-02-01,SMB
51023,5,25.79,completed,2024-02-01,B2B
51024,459,258.44,completed,2024-02-01,B2B
51025,748,263.35,shipped,2024-02-02,B2C
51026,163,57.22,shipped,2024-02-02,B2C
51027,198,158.27,completed,2024-02-02,SMB
51028,499,102.83,cancelled,2024-02-02,Enterprise
51029,270,165.23,pending,2024-02-02,B2C
51030,281,313.03,completed,2024-02-02,SMB
51031,239,27.48,completed,2024-02-02,B2C
51032,216,240.75,shipped,2024-02-02,B2B
51033,123,116.9,completed,2024-02-02,B2C
51034,869,139.56,completed,2024-02-02,SMB
51035,318,174.17,shipped,2024-02-02,B2B
51036,619,398.86,completed,2024-02-02,SMB
51037,207,23.76,completed,2024-02-02,B2B
51038,461,19.49,completed,2024-02-02,B2B
51039,752,44.45,completed,2024-02-02,Enterprise
51040,519,660.18,completed,2024-02-02,Enterprise
51041,367,203.33,completed,2024-02-02,Enterprise
51042,358,158.04,completed,2024-02-02,B2C
51043,713,22.23,completed,2024-02-02,B2C
51044,438,331.93,pending,2024-02-02,SMB
51045,802,266.3,pending,2024-02-02,B2B
51046,720,178.95,completed,2024-02-02,SMB
51047,835,77.13,shipped,2024-02-02,B2C
51048,84,25.97,shipped,2024-02-02,B2B
51049,314,145.14,shipped,2024-02-02,Enterprise
51050,639,205.78,completed,2024-02-02,B2C
51051,364,29.85,completed,2024-02-02,B2C
51052,265,165.67,shipped,2024-02-02,SMB
51053,555,65.61,completed,2024-02-02,SMB
51054,401,231.74,completed,2024-02-02,B2B
51055,490,131.35,completed,2024-02-02,SMB
51056,758,35.72,cancelled,2024-02-02,B2C
51057,196,127.15,completed,2024-02-03,B2C
51058,855,90.56,completed,2024-02-03,B2B
51059,426,44.83,completed,2024-02-03,B2C
51060,25,291.31,pending,2024-02-03,B2C
51061,634,16.66,completed,2024-02-03,B2C
51062,112,71.12,completed,2024-02-03,B2B
51063,831,16.9,completed,2024-02-03,B2B
51064,150,30.14,completed,2024-02-03,B2C
51065,193,67.88,completed,2024-02-03,Enterprise
51066,453,23.37,completed,2024-02-03,B2C
51067,669,151.19,completed,2024-02-03,B2B
51068,645,28.63,completed,2024-02-03,B2B
51069,758,196.46,shipped,2024-02-03,B2C
51070,122,23.11,completed,2024-02-03,SMB
51071,319,24.17,completed,2024-02-03,B2B
51072,810,69.65,completed,2024-02-03,B2B
51073,877,355.33,completed,2024-02-03,SMB
51074,490,168.83,completed,2024-02-03,SMB
51075,260,235.54,completed,2024-02-03,B2B
51076,402,37.89,shipped,2024-02-03,Enterprise
51077,131,284.48,completed,2024-02-03,B2C
51078,675,16.23,completed,2024-02-03,B2C
51079,719,50.94,completed,2024-02-03,B2B
51080,650,158.6,completed,2024-02-03,B2C
51081,239,85.56,completed,2024-02-03,B2C
51082,456,637.1,completed,2024-02-03,B2C
51083,822,19.62,completed,2024-02-03,B2B
51084,202,1000.5,completed,2024-02-03,B2B
51085,377,161.58,completed,2024-02-03,SMB
51086,380,137.71,completed,2024-02-03,B2C
51087,581,24.2,completed,2024-02-03,B2C
51088,792,62.89,completed,2024-02-03,B2C
51089,225,402.87,completed,2024-02-04,B2C
51090,562,80.6,completed,2024-02-04,B2B
51091,207,177.55,completed,2024-02-04,B2B
51092,597,1154.04,completed,2024-02-04,B2C
51093,314,60.79,completed,2024-02-04,Enterprise
51094,16,143.73,completed,2024-02-04,B2B
51095,427,193.83,completed,2024-02-04,B2C
51096,164,41.98,completed,2024-02-04,B2C
51097,311,39.14,completed,2024-02-04,B2C
51098,726,106.41,shipped,2024-02-04,SMB
51099,420,88.12,pending,2024-02-04,SMB
51100,685,202.88,completed,2024-02-04,Enterprise
51101,749,25.81,shipped,2024-02-04,Enterprise
51102,277,552.23,completed,2024-02-04,SMB
51103,495,17.16,completed,2024-02-04,B2C
51104,443,152.94,cancelled,2024-02-04,B2C
51105,558,139.05,shipped,2024-02-04,B2B
51106,177,36.7,cancelled,2024-02-04,B2C
51107,496,39.54,completed,2024-02-04,B2C
51108,113,251.02,completed,2024-02-04,Enterprise
51109,708,342.8,completed,2024-02-04,SMB
51110,808,64.91,completed,2024-02-04,Enterprise
51111,678,101.43,completed,2024-02-04,B2C
51112,658,80.77,pending,2024-02-04,B2C
51113,899,26.3,completed,2024-02-04,B2B
51114,388,182.76,completed,2024-02-04,B2B
51115,156,276.61,completed,2024-02-04,B2B
51116,400,69.55,completed,2024-02-04,SMB
51117,288,708.44,completed,2024-02-04,B2C
51118,490,26.83,cancelled,2024-02-04,SMB
51119,200,177.61,completed,2024-02-04,SMB
51120,864,104.19,completed,2024-02-04,B2C
51121,195,103.75,pending,2024-02-05,B2C
51122,272,106.78,cancelled,2024-02-05,SMB
51123,211,59.9,shipped,2024-02-05,B2C
51124,433,203.59,pending,2024-02-05,B2C
51125,150,206.79,completed,2024-02-05,B2C
51126,158,64.78,pending,2024-02-05,SMB
51127,605,285.55,completed,2024-02-05,B2B
51128,244,72.16,shipped,2024-02-05,B2C
51129,139,208.7,completed,2024-02-05,B2C
51130,86,34.35,completed,2024-02-05,B2C
51131,76,42.71,completed,2024-02-05,SMB
51132,747,71.92,completed,2024-02-05,B2C
51133,666,150.16,completed,2024-02-05,B2B
51134,480,170.56,completed,2024-02-05,B2C
51135,230,90.72,shipped,2024-02-05,B2C
51136,333,27.16,completed,2024-02-05,B2B
51137,588,85.17,completed,2024-02-05,B2B
51138,872,190.08,pending,2024-02-05,B2C
51139,675,181.75,completed,2024-02-05,B2C
51140,612,41.19,completed,2024-02-05,SMB
51141,576,16.17,completed,2024-02-05,Enterprise
51142,672,224.74,completed,2024-02-05,SMB
51143,494,31.87,cancelled,2024-02-05,B2B
51144,156,27.89,pending,2024-02-05,B2B
51145,767,15.41,shipped,2024-02-05,SMB
51146,260,100.0,completed,2024-02-05,B2B
51147,139,119.95,completed,2024-02-05,B2C
51148,551,167.28,completed,2024-02-05,B2C
51149,81,67.66,completed,2024-02-05,SMB
51150,6,200.9,completed,2024-02-05,B2B
51151,162,42.83,completed,2024-02-05,B2C
51152,608,282.56,completed,2024-02-05,B2C
51153,166,142.24,completed,2024-02-06,SMB
51154,281,146.52,completed,2024-02-06,SMB
51155,208,50.32,pending,2024-02-06,B2C
51156,21,26.55,completed,2024-02-06,B2C
51157,443,108.75,shipped,2024-02-06,B2C
51158,553,158.42,shipped,2024-02-06,B2C
51159,35,29.98,completed,2024-02-06,Enterprise
51160,361,465.97,completed,2024-02-06,B2C
51161,688,604.94,completed,2024-02-06,B2C
51162,555,133.27,completed,2024-02-06,SMB
51163,531,464.57,completed,2024-02-06,SMB
51164,247,44.67,pending,2024-02-06,B2C
51165,311,18.86,cancelled,2024-02-06,B2C
51166,197,21.03,completed,2024-02-06,SMB
51167,194,147.83,cancelled,2024-02-06,B2C
51168,895,24.54,completed,2024-02-06,B2C
51169,156,492.47,shipped,2024-02-06,B2B
51170,783,37.96,completed,2024-02-06,B2C
51171,540,69.52,completed,2024-02-06,B2B
51172,758,274.33,completed,2024-02-06,B2C
51173,268,52.03,pending,2024-02-06,SMB
51174,236,56.75,completed,2024-02-06,SMB
51175,837,169.21,completed,2024-02-06,Enterprise
51176,343,63.46,pending,2024-02-06,B2B
51177,794,51.78,pending,2024-02-06,B2C
51178,431,58.99,completed,2024-02-06,B2B
51179,598,116.19,shipped,2024-02-06,B2B
51180,727,522.65,completed,2024-02-06,B2B
51181,399,282.78,completed,2024-02-06,SMB
51182,415,65.24,completed,2024-02-06,B2C
51183,849,82.74,completed,2024-02-06,B2C
51184,445,108.69,completed,2024-02-06,SMB
51185,66,593.98,completed,2024-02-07,B2C
51186,850,43.38,completed,2024-02-07,B2C
51187,69,81.35,shipped,2024-02-07,B2B
51188,256,211.08,shipped,2024-02-07,B2C
51189,96,513.4,completed,2024-02-07,B2C
51190,271,40.38,completed,2024-02-07,SMB
51191,258,53.7,completed,2024-02-07,B2C
51192,377,53.37,shipped,2024-02-07,SMB
51193,880,18.17,completed,2024-02-07,B2B
51194,178,153.99,completed,2024-02-07,B2C
51195,849,181.62,completed,2024-02-07,B2C
51196,40,153.39,completed,2024-02-07,B2C
51197,188,26.1,completed,2024-02-07,B2C
51198,170,25.76,pending,2024-02-07,B2C
51199,155,50.43,completed,2024-02-07,Enterprise
51200,10,66.44,completed,2024-02-07,SMB
51201,476,246.65,completed,2024-02-07,Enterprise
51202,432,41.04,shipped,2024-02-07,SMB
51203,287,21.76,completed,2024-02-07,B2C
51204,696,90.13,completed,2024-02-07,B2C
51205,760,95.78,completed,2024-02-07,SMB
51206,652,104.92,shipped,2024-02-07,B2C
51207,387,278.09,completed,2024-02-07,B2C
51208,276,30.47,completed,2024-02-07,B2C
51209,732,197.58,pending,2024-02-07,SMB
51210,368,76.86,cancelled,2024-02-07,Enterprise
51211,496,70.66,completed,2024-02-07,B2C
51212,732,419.44,cancelled,2024-02-07,SMB
51213,534,57.85,completed,2024-02-07,B2C
51214,491,169.31,completed,2024-02-07,B2C
51215,764,63.26,completed,2024-02-07,SMB
51216,341,121.13,completed,2024-02-07,B2C
51217,710,246.47,completed,2024-02-08,B2C
51218,564,335.21,completed,2024-02-08,B2B
51219,664,288.67,shipped,2024-02-08,B2B
51220,344,145.91,shipped,2024-02-08,B2C
51221,28,57.92,completed,2024-02-08,B2C
51222,721,177.37,completed,2024-02-08,Enterprise
51223,613,200.63,completed,2024-02-08,B2C
51224,146,16.61,completed,2024-02-08,B2B
51225,341,101.76,completed,2024-02-08,B2C
51226,890,292.98,completed,2024-02-08,B2B
51227,39,115.88,completed,2024-02-08,B2C
51228,254,70.96,completed,2024-02-08,B2C
51229,221,323.12,shipped,2024-02-08,B2C
51230,43,40.42,pending,2024-02-08,B2B
51231,483,49.68,completed,2024-02-08,B2C
51232,665,189.41,completed,2024-02-08,B2B
51233,68,80.18,completed,2024-02-08,SMB
51234,388,202.25,completed,2024-02-08,B2B
51235,542,40.74,completed,2024-02-08,B2C
51236,808,58.61,completed,2024-02-08,Enterprise
51237,811,40.56,completed,2024-02-08,Enterprise
51238,97,473.36,completed,2024-02-08,B2C
51239,30,92.98,completed,2024-02-08,B2B
51240,692,76.7,completed,2024-02-08,B2C
51241,109,17.15,completed,2024-02-08,B2B
51242,872,39.98,cancelled,2024-02-08,B2C
51243,19,97.0,pending,2024-02-08,B2C
51244,22,25.64,completed,2024-02-08,B2B
51245,810,122.23,completed,2024-02-08,B2B
51246,870,106.05,pending,2024-02-08,Enterprise
51247,86,233.62,completed,2024-02-08,B2C
51248,832,176.73,shipped,2024-02-08,B2C
51249,366,103.57,completed,2024-02-09,B2C
51250,744,53.17,pending,2024-02-09,B2C
51251,113,209.67,pending,2024-02-09,Enterprise
51252,98,199.58,completed,2024-02-09,B2C
51253,567,39.96,completed,2024-02-09,B2C
51254,203,384.33,completed,2024-02-09,B2B
51255,299,24.99,completed,2024-02-09,B2C
51256,435,23.49,completed,2024-02-09,B2B
51257,377,46.12,completed,2024-02-09,SMB
51258,702,375.3,completed,2024-02-09,B2B
51259,504,125.09,completed,2024-02-09,SMB
51260,426,247.63,pending,2024-02-09,B2C
51261,17,53.79,completed,2024-02-09,B2C
51262,155,116.07,completed,2024-02-09,Enterprise
51263,376,81.54,completed,2024-02-09,B2C
51264,333,278.89,completed,2024-02-09,B2B
51265,873,18.43,completed,2024-02-09,B2C
51266,574,56.93,cancelled,2024-02-09,B2C
51267,705,39.83,completed,2024-02-09,B2B
51268,763,309.05,completed,2024-02-09,B2B
51269,17,109.54,completed,2024-02-09,B2C
51270,758,92.68,completed,2024-02-09,B2C
51271,788,104.53,shipped,2024-02-09,B2C
51272,452,550.93,completed,2024-02-09,B2C
51273,861,299.84,completed,2024-02-09,SMB
51274,450,198.81,completed,2024-02-09,B2B
51275,59,66.47,cancelled,2024-02-09,B2B
51276,657,42.08,completed,2024-02-09,B2C
51277,708,396.57,pending,2024-02-09,SMB
51278,780,97.51,completed,2024-02-09,B2C
51279,563,64.02,completed,2024-02-09,B2B
51280,164,110.49,completed,2024-02-09,B2C
51281,494,389.88,completed,2024-02-10,B2B
51282,848,88.43,completed,2024-02-10,Enterprise
51283,267,139.05,completed,2024-02-10,B2C
51284,542,258.66,completed,2024-02-10,B2C
51285,721,98.57,shipped,2024-02-10,Enterprise
51286,6,54.9,completed,2024-02-10,B2B
51287,459,796.15,completed,2024-02-10,B2B
51288,763,485.49,completed,2024-02-10,B2B
51289,844,293.18,completed,2024-02-10,Enterprise
51290,691,189.89,completed,2024-02-10,B2C
51291,382,67.41,completed,2024-02-10,B2C
51292,835,381.99,completed,2024-02-10,B2C
51293,579,63.35,completed,2024-02-10,B2C
51294,870,257.02,completed,2024-02-10,Enterprise
51295,788,390.63,pending,2024-02-10,B2C
51296,334,153.57,completed,2024-02-10,B2B
51297,19,258.73,completed,2024-02-10,B2C
51298,872,250.31,shipped,2024-02-10,B2C
51299,139,47.19,completed,2024-02-10,B2C
51300,161,180.36,completed,2024-02-10,B2C
51301,363,29.72,completed,2024-02-10,B2C
51302,841,121.35,pending,2024-02-10,B2B
51303,423,41.55,cancelled,2024-02-10,B2B
51304,222,95.77,shipped,2024-02-10,B2C
51305,139,283.45,completed,2024-02-10,B2C
51306,480,668.37,completed,2024-02-10,B2C
51307,343,72.4,completed,2024-02-10,B2B
51308,205,128.88,completed,2024-02-10,B2C
51309,188,122.4,cancelled,2024-02-10,B2C
51310,595,478.18,completed,2024-02-10,SMB
51311,890,112.68,completed,2024-02-10,B2B
51312,132,195.15,pending,2024-02-10,B2B
51313,220,397.25,shipped,2024-02-11,SMB
51314,413,85.11,completed,2024-02-11,Enterprise
51315,680,363.61,completed,2024-02-11,SMB
51316,855,389.16,completed,2024-02-11,B2B
51317,833,415.32,completed,2024-02-11,B2B
51318,217,62.3,completed,2024-02-11,B2C
51319,796,91.71,completed,2024-02-11,SMB
51320,491,321.49,cancelled,2024-02-11,B2C
51321,563,81.75,completed,2024-02-11,B2B
51322,442,152.54,completed,2024-02-11,Enterprise
51323,30,33.84,completed,2024-02-11,B2B
51324,389,23.69,completed,2024-02-11,SMB
51325,750,94.65,completed,2024-02-11,B2C
51326,667,144.74,pending,2024-02-11,B2B
51327,317,89.81,pending,2024-02-11,B2C
51328,781,144.32,completed,2024-02-11,B2C
51329,1005,123.57,pending,2024-02-11,Unknown
51330,126,188.61,completed,2024-02-11,B2C
51331,565,172.27,completed,2024-02-11,B2C
51332,138,97.81,completed,2024-02-11,SMB
51333,157,98.01,pending,2024-02-11,B2C
51334,451,37.76,completed,2024-02-11,SMB
51335,897,123.0,completed,2024-02-11,B2C
51336,93,147.71,shipped,2024-02-11,SMB
51337,573,112.08,completed,2024-02-11,B2C
51338,882,74.11,completed,2024-02-11,B2C
51339,884,206.83,completed,2024-02-11,B2B
51340,758,26.64,completed,2024-02-11,B2C
51341,618,383.78,completed,2024-02-11,B2C
51342,218,18.13,completed,2024-02-11,SMB
51343,313,506.91,pending,2024-02-11,B2B
51344,859,108.08,completed,2024-02-11,B2C
51345,421,94.83,completed,2024-02-12,SMB
51346,44,59.45,completed,2024-02-12,Enterprise
51347,570,16.52,shipped,2024-02-12,B2C
51348,877,63.19,cancelled,2024-02-12,SMB
51349,338,32.38,completed,2024-02-12,SMB
51350,355,176.74,completed,2024-02-12,B2B
51351,92,72.65,shipped,2024-02-12,SMB
51352,38,233.62,shipped,2024-02-12,B2B
51353,186,49.77,completed,2024-02-12,B2C
51354,431,360.74,completed,2024-02-12,B2B
51355,156,126.03,completed,2024-02-12,B2B
51356,845,33.24,completed,2024-02-12,B2B
51357,656,91.84,pending,2024-02-12,B2B
51358,754,49.74,completed,2024-02-12,B2C
51359,674,48.41,completed,2024-02-12,B2C
51360,144,120.9,completed,2024-02-12,B2C
51361,659,182.16,completed,2024-02-12,B2C
51362,164,378.91,completed,2024-02-12,B2C
51363,279,119.62,completed,2024-02-12,SMB
51364,505,521.5,completed,2024-02-12,B2C
51365,897,441.16,completed,2024-02-12,B2C
51366,90,315.44,completed,2024-02-12,B2C
51367,570,118.97,shipped,2024-02-12,B2C
51368,529,37.78,cancelled,2024-02-12,B2B
51369,64,51.87,completed,2024-02-12,B2C
51370,232,171.48,shipped,2024-02-12,B2C
51371,310,97.16,completed,2024-02-12,B2C
51372,416,38.81,completed,2024-02-12,B2C
51373,757,112.8,cancelled,2024-02-12,B2C
51374,164,17.64,completed,2024-02-12,B2C
51375,511,213.58,completed,2024-02-12,B2C
51376,556,26.46,cancelled,2024-02-12,B2C
51377,556,163.78,shipped,2024-02-13,B2C
51378,366,251.26,completed,2024-02-13,B2C
51379,338,36.35,cancelled,2024-02-13,SMB
51380,754,124.67,completed,2024-02-13,B2C
51381,858,241.48,completed,2024-02-13,B2C
51382,471,60.29,completed,2024-02-13,B2B
51383,688,41.67,completed,2024-02-13,B2C
51384,352,76.61,completed,2024-02-13,SMB
51385,509,136.35,completed,2024-02-13,Enterprise
51386,213,143.45,completed,2024-02-13,B2C
51387,876,36.04,completed,2024-02-13,B2B
51388,47,106.75,completed,2024-02-13,B2C
51389,469,61.85,completed,2024-02-13,B2B
51390,367,291.8,cancelled,2024-02-13,Enterprise
51391,762,71.44,completed,2024-02-13,B2C
51392,748,288.68,completed,2024-02-13,B2C
51393,796,98.94,completed,2024-02-13,SMB
51394,483,209.52,shipped,2024-02-13,B2C
51395,468,122.02,completed,2024-02-13,SMB
51396,700,160.91,completed,2024-02-13,B2C
51397,661,90.47,completed,2024-02-13,B2C
51398,504,234.29,completed,2024-02-13,SMB
51399,483,98.06,completed,2024-02-13,B2C
51400,558,106.72,completed,2024-02-13,B2B
51401,661,124.37,pending,2024-02-13,B2C
51402,378,282.41,completed,2024-02-13,B2B
51403,630,176.55,pending,2024-02-13,B2C
51404,439,79.42,pending,2024-02-13,SMB
51405,6,181.44,pending,2024-02-13,B2B
51406,190,169.26,cancelled,2024-02-13,B2B
51407,39,416.09,shipped,2024-02-13,B2C
51408,142,291.22,completed,2024-02-13,B2C
51409,178,171.38,completed,2024-02-14,B2C
51410,326,77.67,completed,2024-02-14,SMB
51411,892,241.83,pending,2024-02-14,SMB
51412,600,143.42,completed,2024-02-14,B2B
51413,512,647.68,completed,2024-02-14,B2C
51414,124,57.65,completed,2024-02-14,B2B
51415,860,27.45,shipped,2024-02-14,B2B
51416,376,25.87,shipped,2024-02-14,B2C
51417,391,168.26,completed,2024-02-14,Enterprise
51418,759,435.17,completed,2024-02-14,SMB
51419,90,15.29,completed,2024-02-14,B2C
51420,87,209.07,completed,2024-02-14,SMB
51421,48,175.53,completed,2024-02-14,B2C
51422,547,212.69,completed,2024-02-14,B2B
51423,700,80.87,cancelled,2024-02-14,B2C
51424,110,272.63,completed,2024-02-14,B2B
51425,113,21.86,completed,2024-02-14,Enterprise
51426,685,226.24,shipped,2024-02-14,Enterprise
51427,679,61.61,completed,2024-02-14,Enterprise
51428,688,112.18,completed,2024-02-14,B2C
51429,290,274.43,completed,2024-02-14,B2C
51430,753,62.49,pending,2024-02-14,B2C
51431,848,45.72,completed,2024-02-14,Enterprise
51432,414,186.53,completed,2024-02-14,B2C
51433,390,129.34,cancelled,2024-02-14,SMB
51434,735,123.36,shipped,2024-02-14,B2C
51435,626,59.51,completed,2024-02-14,B2C
51436,29,20.33,shipped,2024-02-14,B2C
51437,844,94.21,pending,2024-02-14,Enterprise
51438,148,31.9,cancelled,2024-02-14,B2C
51439,518,369.65,cancelled,2024-02-14,SMB
51440,17,21.32,completed,2024-02-14,B2C
51441,683,99.75,completed,2024-02-15,B2B
51442,31,23.05,completed,2024-02-15,B2C
51443,857,30.06,completed,2024-02-15,B2B
51444,897,176.32,pending,2024-02-15,B2C
51445,214,171.24,pending,2024-02-15,B2B
51446,702,20.04,completed,2024-02-15,B2B
51447,53,15.17,completed,2024-02-15,Enterprise
51448,520,27.31,completed,2024-02-15,B2B
51449,600,230.95,completed,2024-02-15,B2B
51450,75,146.77,shipped,2024-02-15,SMB
51451,817,20.83,completed,2024-02-15,B2C
51452,740,115.44,completed,2024-02-15,B2C
51453,367,201.73,completed,2024-02-15,Enterprise
51454,494,319.83,completed,2024-02-15,B2B
51455,381,422.8,cancelled,2024-02-15,B2B
51456,446,74.5,completed,2024-02-15,Enterprise
51457,52,36.9,pending,2024-02-15,SMB
51458,277,55.56,completed,2024-02-15,SMB
51459,881,239.53,completed,2024-02-15,B2B
51460,223,548.59,completed,2024-02-15,B2B
51461,540,109.21,shipped,2024-02-15,B2B
51462,22,69.65,completed,2024-02-15,B2B
51463,525,99.1,completed,2024-02-15,SMB
51464,1,69.54,completed,2024-02-15,B2C
51465,623,59.46,completed,2024-02-15,B2C
51466,854,150.12,completed,2024-02-15,SMB
51467,868,17.38,completed,2024-02-15,B2B
51468,629,60.08,completed,2024-02-15,B2B
51469,494,177.43,completed,2024-02-15,B2B
51470,596,19.89,completed,2024-02-15,B2C
51471,488,28.03,completed,2024-02-15,B2C
51472,860,67.09,cancelled,2024-02-15,B2B
51473,779,330.32,completed,2024-02-16,SMB
51474,45,232.15,pending,2024-02-16,B2C
51475,654,18.36,completed,2024-02-16,SMB
51476,287,119.49,shipped,2024-02-16,B2C
51477,834,63.17,completed,2024-02-16,B2B
51478,767,171.89,completed,2024-02-16,SMB
51479,405,206.78,shipped,2024-02-16,B2C
51480,222,313.02,shipped,2024-02-16,B2C
51481,758,111.77,shipped,2024-02-16,B2C
51482,285,794.1,shipped,2024-02-16,B2C
51483,164,601.7,completed,2024-02-16,B2C
51484,101,335.77,completed,2024-02-16,B2B
51485,141,143.3,completed,2024-02-16,Enterprise
51486,364,91.13,pending,2024-02-16,B2C
51487,500,82.97,completed,2024-02-16,Enterprise
51488,412,16.83,pending,2024-02-16,Enterprise
51489,553,57.99,completed,2024-02-16,B2C
51490,892,205.31,completed,2024-02-16,SMB
51491,275,153.81,completed,2024-02-16,B2C
51492,886,387.3,completed,2024-02-16,B2B
51493,822,22.7,shipped,2024-02-16,B2B
51494,709,40.31,completed,2024-02-16,B2C
51495,489,248.56,pending,2024-02-16,Enterprise
51496,357,81.59,shipped,2024-02-16,B2B
51497,808,33.89,completed,2024-02-16,Enterprise
51498,251,861.14,pending,2024-02-16,B2C
51499,170,247.15,completed,2024-02-16,B2C
51500,720,93.83,completed,2024-02-16,SMB
51501,302,275.04,completed,2024-02-16,B2C
51502,62,186.2,completed,2024-02-16,B2C
51503,143,249.08,completed,2024-02-16,B2C
51504,154,268.28,pending,2024-02-16,B2C
51505,530,28.28,completed,2024-02-17,SMB
51506,597,161.32,completed,2024-02-17,B2C
51507,748,16.02,completed,2024-02-17,B2C
51508,281,21.66,completed,2024-02-17,SMB
51509,479,366.48,shipped,2024-02-17,Enterprise
51510,397,127.48,shipped,2024-02-17,SMB
51511,71,214.72,completed,2024-02-17,SMB
51512,878,288.49,pending,2024-02-17,B2C
51513,434,463.13,completed,2024-02-17,B2B
51514,283,320.29,completed,2024-02-17,B2C
51515,745,114.05,completed,2024-02-17,B2B
51516,849,76.41,completed,2024-02-17,B2C
51517,861,40.17,pending,2024-02-17,SMB
51518,626,91.7,completed,2024-02-17,B2C
51519,787,83.47,completed,2024-02-17,B2C
51520,599,138.0,completed,2024-02-17,B2B
51521,850,179.27,completed,2024-02-17,B2C
51522,477,589.74,completed,2024-02-17,B2B
51523,629,210.51,completed,2024-02-17,B2B
51524,168,169.82,pending,2024-02-17,B2B
51525,429,76.22,shipped,2024-02-17,B2C
51526,367,20.27,completed,2024-02-17,Enterprise
51527,287,65.98,shipped,2024-02-17,B2C
51528,465,234.44,completed,2024-02-17,Enterprise
51529,199,49.46,completed,2024-02-17,SMB
51530,851,201.82,completed,2024-02-17,B2B
51531,779,145.05,completed,2024-02-17,SMB
51532,79,43.29,pending,2024-02-17,B2C
51533,628,60.5,completed,2024-02-17,SMB
51534,480,117.87,shipped,2024-02-17,B2C
51535,206,96.29,completed,2024-02-17,B2B
51536,173,241.14,completed,2024-02-17,B2C
51537,236,213.87,shipped,2024-02-18,SMB
51538,574,143.2,completed,2024-02-18,B2C
51539,685,274.13,completed,2024-02-18,Enterprise
51540,314,139.06,completed,2024-02-18,Enterprise
51541,190,515.27,completed,2024-02-18,B2B
51542,580,51.74,pending,2024-02-18,B2C
51543,370,202.83,completed,2024-02-18,B2B
51544,658,84.29,completed,2024-02-18,B2C
51545,155,64.06,pending,2024-02-18,Enterprise
51546,246,44.84,completed,2024-02-18,Enterprise
51547,869,135.61,completed,2024-02-18,SMB
51548,529,51.4,completed,2024-02-18,B2B
51549,667,48.54,completed,2024-02-18,B2B
51550,490,713.97,completed,2024-02-18,SMB
51551,383,257.73,completed,2024-02-18,B2C
51552,899,221.91,pending,2024-02-18,B2B
51553,554,252.03,completed,2024-02-18,B2C
51554,128,535.69,completed,2024-02-18,SMB
51555,593,142.74,completed,2024-02-18,B2B
51556,516,52.32,completed,2024-02-18,B2B
51557,242,312.3,pending,2024-02-18,Enterprise
51558,121,218.64,completed,2024-02-18,SMB
51559,717,95.24,completed,2024-02-18,SMB
51560,692,111.25,completed,2024-02-18,B2C
51561,246,94.46,completed,2024-02-18,Enterprise
51562,662,413.77,completed,2024-02-18,Enterprise
51563,427,78.13,completed,2024-02-18,B2C
51564,761,511.5,completed,2024-02-18,B2B
51565,233,376.65,completed,2024-02-18,B2C
51566,768,164.35,completed,2024-02-18,SMB
51567,712,145.06,completed,2024-02-18,B2C
51568,525,84.33,completed,2024-02-18,SMB
51569,661,17.78,pending,2024-02-19,B2C
51570,531,35.48,completed,2024-02-19,SMB
51571,181,225.5,pending,2024-02-19,B2C
51572,611,110.67,completed,2024-02-19,B2B
51573,410,39.35,shipped,2024-02-19,B2B
51574,607,60.97,completed,2024-02-19,B2B
51575,355,458.01,completed,2024-02-19,B2B
51576,350,83.62,completed,2024-02-19,B2C
51577,832,372.38,completed,2024-02-19,B2C
51578,612,69.5,completed,2024-02-19,SMB
51579,561,132.53,completed,2024-02-19,SMB
51580,720,18.1,completed,2024-02-19,SMB
51581,424,125.68,completed,2024-02-19,B2C
51582,677,166.98,completed,2024-02-19,B2B
51583,386,55.05,completed,2024-02-19,SMB
51584,549,144.75,completed,2024-02-19,B2C
51585,135,171.26,completed,2024-02-19,Enterprise
51586,109,189.18,completed,2024-02-19,B2B
51587,441,239.69,completed,2024-02-19,B2B
51588,796,70.95,completed,2024-02-19,SMB
51589,99,140.82,completed,2024-02-19,B2B
51590,480,614.14,pending,2024-02-19,B2C
51591,1009,357.63,completed,2024-02-19,Unknown
51592,508,472.58,pending,2024-02-19,SMB
51593,128,88.2,completed,2024-02-19,SMB
51594,404,246.92,pending,2024-02-19,SMB
51595,678,160.1,shipped,2024-02-19,B2C
51596,772,27.95,completed,2024-02-19,SMB
51597,85,275.57,completed,2024-02-19,B2C
51598,610,184.56,completed,2024-02-19,B2C
51599,194,48.27,completed,2024-02-19,B2C
51600,489,27.46,cancelled,2024-02-19,Enterprise
51601,98,287.12,cancelled,2024-02-20,B2C
51602,547,27.33,shipped,2024-02-20,B2B
51603,42,29.37,pending,2024-02-20,B2C
51604,648,98.64,pending,2024-02-20,B2C
51605,528,36.72,completed,2024-02-20,B2C
51606,309,382.44,completed,2024-02-20,SMB
51607,253,110.31,completed,2024-02-20,SMB
51608,317,141.3,completed,2024-02-20,B2C
51609,236,409.88,completed,2024-02-20,SMB
51610,390,128.34,completed,2024-02-20,SMB
51611,602,80.45,completed,2024-02-20,B2C
51612,765,254.3,completed,2024-02-20,B2B
51613,112,102.74,pending,2024-02-20,B2B
51614,709,72.51,completed,2024-02-20,B2C
51615,493,207.68,completed,2024-02-20,B2C
51616,38,257.62,shipped,2024-02-20,B2B
51617,556,250.33,completed,2024-02-20,B2C
51618,65,585.3,completed,2024-02-20,B2C
51619,871,246.74,completed,2024-02-20,B2C
51620,725,235.41,completed,2024-02-20,B2C
51621,724,307.25,pending,2024-02-20,SMB
51622,269,15.03,completed,2024-02-20,B2C
51623,162,82.51,completed,2024-02-20,B2C
51624,493,215.68,completed,2024-02-20,B2C
51625,571,152.34,pending,2024-02-20,B2C
51626,73,44.32,completed,2024-02-20,B2B
51627,412,69.3,shipped,2024-02-20,Enterprise
51628,519,76.6,completed,2024-02-20,Enterprise
51629,755,140.84,pending,2024-02-20,B2B
51630,840,282.21,shipped,2024-02-20,B2C
51631,549,419.33,shipped,2024-02-20,B2C
51632,828,223.0,completed,2024-02-20,B2C
51633,201,292.68,pending,2024-02-21,B2C
51634,638,110.26,completed,2024-02-21,B2B
51635,551,89.09,pending,2024-02-21,B2C
51636,296,89.81,completed,2024-02-21,B2C
51637,371,158.58,completed,2024-02-21,B2B
51638,851,34.9,completed,2024-02-21,B2B
51639,59,144.94,completed,2024-02-21,B2B
51640,560,179.1,completed,2024-02-21,B2C
51641,192,101.68,completed,2024-02-21,SMB
51642,339,474.18,completed,2024-02-21,B2C
51643,567,155.56,shipped,2024-02-21,B2C
51644,840,52.27,completed,2024-02-21,B2C
51645,481,112.86,completed,2024-02-21,B2C
51646,663,183.78,pending,2024-02-21,B2C
51647,115,73.65,completed,2024-02-21,B2C
51648,660,27.45,completed,2024-02-21,B2C
51649,100,146.36,completed,2024-02-21,B2B
51650,493,458.1,completed,2024-02-21,B2C
51651,481,114.56,completed,2024-02-21,B2C
51652,787,369.84,completed,2024-02-21,B2C
51653,701,285.29,cancelled,2024-02-21,B2C
51654,693,38.92,completed,2024-02-21,B2C
51655,838,199.74,completed,2024-02-21,B2C
51656,530,100.76,shipped,2024-02-21,SMB
51657,148,58.2,completed,2024-02-21,B2C
51658,499,189.2,completed,2024-02-21,Enterprise
51659,1017,218.6,pending,2024-02-21,Unknown
51660,721,44.75,completed,2024-02-21,Enterprise
51661,335,383.79,pending,2024-02-21,B2B
51662,521,223.63,completed,2024-02-21,B2C
51663,514,421.3,shipped,2024-02-21,SMB
51664,852,72.21,completed,2024-02-21,SMB
51665,40,435.36,completed,2024-02-22,B2C
51666,736,83.95,completed,2024-02-22,SMB
51667,613,23.32,cancelled,2024-02-22,B2C
51668,287,230.93,shipped,2024-02-22,B2C
51669,645,197.36,completed,2024-02-22,B2B
51670,658,151.66,cancelled,2024-02-22,B2C
51671,168,115.97,completed,2024-02-22,B2B
51672,881,19.9,completed,2024-02-22,B2B
51673,437,161.96,completed,2024-02-22,B2B
51674,522,95.89,shipped,2024-02-22,B2C
51675,218,138.22,shipped,2024-02-22,SMB
51676,372,99.14,completed,2024-02-22,B2B
51677,75,522.46,pending,2024-02-22,SMB
51678,288,153.99,completed,2024-02-22,B2C
51679,480,222.49,completed,2024-02-22,B2C
51680,595,428.15,completed,2024-02-22,SMB
51681,198,149.33,pending,2024-02-22,SMB
51682,650,16.82,completed,2024-02-22,B2C
51683,7,20.23,completed,2024-02-22,B2B
51684,378,196.77,completed,2024-02-22,B2B
51685,439,64.09,completed,2024-02-22,SMB
51686,253,144.9,completed,2024-02-22,SMB
51687,458,48.9,completed,2024-02-22,B2C
51688,326,62.26,pending,2024-02-22,SMB
51689,206,120.37,completed,2024-02-22,B2B
51690,666,571.79,completed,2024-02-22,B2B
51691,476,158.67,shipped,2024-02-22,Enterprise
51692,491,427.68,completed,2024-02-22,B2C
51693,534,495.52,pending,2024-02-22,B2C
51694,168,50.0,completed,2024-02-22,B2B
51695,375,70.92,completed,2024-02-22,B2B
51696,849,235.45,completed,2024-02-22,B2C
51697,1014,317.34,pending,2024-02-23,Unknown
51698,704,124.85,cancelled,2024-02-23,B2B
51699,694,764.2,completed,2024-02-23,B2B
51700,662,16.75,completed,2024-02-23,Enterprise
51701,606,68.41,completed,2024-02-23,B2C
51702,587,161.39,completed,2024-02-23,B2B
51703,736,110.03,completed,2024-02-23,SMB
51704,231,33.6,completed,2024-02-23,SMB
51705,340,83.78,completed,2024-02-23,B2B
51706,137,18.87,completed,2024-02-23,B2C
51707,691,169.4,shipped,2024-02-23,B2C
51708,68,349.88,completed,2024-02-23,SMB
51709,843,339.26,completed,2024-02-23,B2B
51710,658,195.37,completed,2024-02-23,B2C
51711,7,109.04,completed,2024-02-23,B2B
51712,523,122.63,shipped,2024-02-23,Enterprise
51713,1011,37.09,completed,2024-02-23,Unknown
51714,70,77.56,completed,2024-02-23,Enterprise
51715,768,46.19,completed,2024-02-23,SMB
51716,421,273.22,pending,2024-02-23,SMB
51717,783,384.33,completed,2024-02-23,B2C
51718,475,130.48,completed,2024-02-23,B2C
51719,323,210.16,completed,2024-02-23,B2C
51720,68,34.42,completed,2024-02-23,SMB
51721,624,155.68,completed,2024-02-23,B2C
51722,337,197.0,completed,2024-02-23,SMB
51723,328,105.43,shipped,2024-02-23,B2C
51724,787,56.81,shipped,2024-02-23,B2C
51725,669,329.79,completed,2024-02-23,B2B
51726,825,218.75,completed,2024-02-23,B2C
51727,82,360.17,completed,2024-02-23,B2C
51728,471,270.89,completed,2024-02-23,B2B
51729,485,711.5,completed,2024-02-24,B2C
51730,148,47.01,completed,2024-02-24,B2C
51731,355,28.61,completed,2024-02-24,B2B
51732,255,76.65,completed,2024-02-24,B2B
51733,434,35.72,completed,2024-02-24,B2B
51734,154,126.08,completed,2024-02-24,B2C
51735,449,165.37,completed,2024-02-24,B2C
51736,581,144.52,pending,2024-02-24,B2C
51737,210,60.01,completed,2024-02-24,B2B
51738,404,374.24,pending,2024-02-24,SMB
51739,610,18.21,completed,2024-02-24,B2C
51740,466,79.16,pending,2024-02-24,B2C
51741,102,205.41,completed,2024-02-24,B2C
51742,375,233.46,pending,2024-02-24,B2B
51743,853,95.71,completed,2024-02-24,B2B
51744,507,17.56,completed,2024-02-24,Enterprise
51745,222,159.37,completed,2024-02-24,B2C
51746,108,24.78,completed,2024-02-24,SMB
51747,608,32.12,completed,2024-02-24,B2C
51748,479,172.58,completed,2024-02-24,Enterprise
51749,74,71.2,completed,2024-02-24,SMB
51750,173,79.16,completed,2024-02-24,B2C
51751,284,115.07,completed,2024-02-24,B2B
51752,666,591.5,completed,2024-02-24,B2B
51753,400,519.77,completed,2024-02-24,SMB
51754,598,95.75,pending,2024-02-24,B2B
51755,548,61.28,cancelled,2024-02-24,B2C
51756,523,69.06,pending,2024-02-24,Enterprise
51757,471,61.96,shipped,2024-02-24,B2B
51758,848,128.97,completed,2024-02-24,Enterprise
51759,523,155.04,cancelled,2024-02-24,Enterprise
51760,183,115.64,completed,2024-02-24,Enterprise
51761,237,93.64,completed,2024-02-25,B2C
51762,626,50.6,shipped,2024-02-25,B2C
51763,371,113.81,completed,2024-02-25,B2B
51764,215,77.58,completed,2024-02-25,SMB
51765,884,132.0,completed,2024-02-25,B2B
51766,90,183.68,completed,2024-02-25,B2C
51767,527,165.49,completed,2024-02-25,B2C
51768,190,108.12,completed,2024-02-25,B2B
51769,735,136.81,completed,2024-02-25,B2C
51770,382,65.29,completed,2024-02-25,B2C
51771,378,18.68,completed,2024-02-25,B2B
51772,256,162.13,completed,2024-02-25,B2C
51773,147,58.67,pending,2024-02-25,B2C
51774,860,180.82,completed,2024-02-25,B2B
51775,520,221.16,pending,2024-02-25,B2B
51776,738,386.41,completed,2024-02-25,SMB
51777,415,490.95,completed,2024-02-25,B2C
51778,853,16.59,completed,2024-02-25,B2B
51779,395,711.5,completed,2024-02-25,B2C
51780,179,187.34,completed,2024-02-25,Enterprise
51781,730,169.72,completed,2024-02-25,B2B
51782,496,17.3,completed,2024-02-25,B2C
51783,245,311.24,completed,2024-02-25,B2B
51784,53,38.58,completed,2024-02-25,Enterprise
51785,312,287.4,cancelled,2024-02-25,B2B
51786,787,17.35,completed,2024-02-25,B2C
51787,741,170.75,shipped,2024-02-25,B2C
51788,326,100.59,shipped,2024-02-25,SMB
51789,354,48.62,completed,2024-02-25,B2B
51790,350,32.07,pending,2024-02-25,B2C
51791,638,102.01,cancelled,2024-02-25,B2B
51792,686,34.74,completed,2024-02-25,B2C
51793,400,114.96,completed,2024-02-26,SMB
51794,779,162.21,completed,2024-02-26,SMB
51795,64,278.5,completed,2024-02-26,B2C
51796,863,185.28,completed,2024-02-26,B2C
51797,213,25.11,pending,2024-02-26,B2C
51798,71,70.1,shipped,2024-02-26,SMB
51799,891,65.95,completed,2024-02-26,SMB
51800,582,384.82,completed,2024-02-26,Enterprise
51801,540,318.5,pending,2024-02-26,B2B
51802,11,84.34,completed,2024-02-26,B2B
51803,195,26.07,completed,2024-02-26,B2C
51804,189,351.8,completed,2024-02-26,B2C
51805,436,343.64,completed,2024-02-26,SMB
51806,560,304.39,completed,2024-02-26,B2C
51807,258,294.73,completed,2024-02-26,B2C
51808,183,113.16,completed,2024-02-26,Enterprise
51809,384,44.3,completed,2024-02-26,SMB
51810,446,112.37,completed,2024-02-26,Enterprise
51811,646,117.36,completed,2024-02-26,SMB
51812,252,115.98,shipped,2024-02-26,B2C
51813,760,131.08,completed,2024-02-26,SMB
51814,401,59.69,completed,2024-02-26,B2B
51815,148,83.41,completed,2024-02-26,B2C
51816,209,100.42,completed,2024-02-26,B2B
51817,474,36.08,cancelled,2024-02-26,SMB
51818,140,106.15,completed,2024-02-26,Enterprise
51819,185,264.48,completed,2024-02-26,B2C
51820,111,279.09,shipped,2024-02-26,B2C
51821,594,94.54,completed,2024-02-26,B2C
51822,895,124.72,completed,2024-02-26,B2C
51823,739,20.13,completed,2024-02-26,B2C
51824,540,183.33,shipped,2024-02-26,B2B
51825,388,92.78,completed,2024-02-27,B2B
51826,605,103.45,pending,2024-02-27,B2B
51827,529,325.33,completed,2024-02-27,B2B
51828,628,107.94,completed,2024-02-27,SMB
51829,148,18.21,cancelled,2024-02-27,B2C
51830,444,53.72,completed,2024-02-27,B2C
51831,442,111.83,shipped,2024-02-27,Enterprise
51832,644,97.85,shipped,2024-02-27,B2C
51833,463,310.31,pending,2024-02-27,SMB
51834,826,132.18,completed,2024-02-27,Enterprise
51835,29,190.5,completed,2024-02-27,B2C
51836,414,110.04,shipped,2024-02-27,B2C
51837,187,101.88,completed,2024-02-27,SMB
51838,141,103.67,completed,2024-02-27,Enterprise
51839,302,94.38,completed,2024-02-27,B2C
51840,248,131.02,completed,2024-02-27,Enterprise
51841,492,58.24,completed,2024-02-27,B2C
51842,473,347.54,completed,2024-02-27,B2B
51843,530,75.76,completed,2024-02-27,SMB
51844,534,38.94,completed,2024-02-27,B2C
51845,272,30.23,completed,2024-02-27,SMB
51846,395,17.03,shipped,2024-02-27,B2C
51847,738,97.45,shipped,2024-02-27,SMB
51848,589,46.17,completed,2024-02-27,B2B
51849,426,18.28,completed,2024-02-27,B2C
51850,733,125.1,completed,2024-02-27,B2C
51851,226,185.91,completed,2024-02-27,B2B
51852,830,28.45,shipped,2024-02-27,B2C
51853,701,107.68,shipped,2024-02-27,B2C
51854,44,219.17,pending,2024-02-27,Enterprise
51855,380,653.25,completed,2024-02-27,B2C
51856,845,180.03,completed,2024-02-27,B2B
51857,858,57.12,completed,2024-02-28,B2C
51858,91,204.11,completed,2024-02-28,B2B
51859,887,151.67,completed,2024-02-28,B2C
51860,601,50.7,completed,2024-02-28,B2B
51861,620,300.68,completed,2024-02-28,SMB
51862,608,98.64,completed,2024-02-28,B2C
51863,173,505.44,completed,2024-02-28,B2C
51864,516,207.51,completed,2024-02-28,B2B
51865,57,170.16,cancelled,2024-02-28,B2B
51866,245,210.49,completed,2024-02-28,B2B
51867,76,112.54,completed,2024-02-28,SMB
51868,554,120.55,completed,2024-02-28,B2C
51869,666,300.78,pending,2024-02-28,B2B
51870,1,186.35,completed,2024-02-28,B2C
51871,559,356.31,pending,2024-02-28,SMB
51872,499,347.22,completed,2024-02-28,Enterprise
51873,117,577.55,shipped,2024-02-28,SMB
51874,709,195.7,completed,2024-02-28,B2C
51875,532,119.66,completed,2024-02-28,Enterprise
51876,543,42.28,completed,2024-02-28,B2B
51877,273,198.31,completed,2024-02-28,SMB
51878,500,66.71,shipped,2024-02-28,Enterprise
51879,457,64.89,completed,2024-02-28,B2B
51880,867,55.83,completed,2024-02-28,B2B
51881,686,327.06,cancelled,2024-02-28,B2C
51882,528,318.7,completed,2024-02-28,B2C
51883,435,164.53,cancelled,2024-02-28,B2B
51884,302,111.08,completed,2024-02-28,B2C
51885,46,182.26,pending,2024-02-28,B2C
51886,369,155.18,completed,2024-02-28,B2B
51887,636,95.61,completed,2024-02-28,B2C
51888,319,86.62,completed,2024-02-28,B2B
51889,205,87.38,completed,2024-02-29,B2C
51890,434,148.42,completed,2024-02-29,B2B
51891,202,171.48,completed,2024-02-29,B2B
51892,325,105.15,cancelled,2024-02-29,Enterprise
51893,745,534.58,cancelled,2024-02-29,B2B
51894,622,28.14,cancelled,2024-02-29,B2B
51895,13,78.94,cancelled,2024-02-29,SMB
51896,423,96.47,shipped,2024-02-29,B2B
51897,423,17.56,cancelled,2024-02-29,B2B
51898,677,83.11,pending,2024-02-29,B2B
51899,467,62.97,completed,2024-02-29,B2C
51900,360,120.79,shipped,2024-02-29,B2C
51901,885,76.51,pending,2024-02-29,SMB
51902,564,209.29,shipped,2024-02-29,B2B
51903,68,121.98,completed,2024-02-29,SMB
51904,588,35.85,completed,2024-02-29,B2B
51905,528,222.98,shipped,2024-02-29,B2C
51906,171,30.68,cancelled,2024-02-29,B2C
51907,646,289.0,completed,2024-02-29,SMB
51908,478,416.97,completed,2024-02-29,B2C
51909,604,73.39,completed,2024-02-29,B2B
51910,4,405.84,completed,2024-02-29,B2C
51911,603,251.26,completed,2024-02-29,B2B
51912,128,398.5,completed,2024-02-29,SMB
51913,1003,179.61,cancelled,2024-02-29,Unknown
51914,151,55.31,completed,2024-02-29,Enterprise
51915,184,352.39,completed,2024-02-29,SMB
51916,188,45.55,pending,2024-02-29,B2C
51917,817,50.94,completed,2024-02-29,B2C
51918,366,62.43,completed,2024-02-29,B2C
51919,171,69.41,completed,2024-02-29,B2C
51920,788,123.38,completed,2024-02-29,B2C
51921,388,202.48,shipped,2024-03-01,B2B
51922,39,405.98,pending,2024-03-01,B2C
51923,853,28.89,completed,2024-03-01,B2B
51924,44,478.08,completed,2024-03-01,Enterprise
51925,109,396.36,completed,2024-03-01,B2B
51926,119,23.33,shipped,2024-03-01,SMB
51927,283,82.02,shipped,2024-03-01,B2C
51928,155,266.61,completed,2024-03-01,Enterprise
51929,751,156.85,completed,2024-03-01,B2B
51930,826,241.5,cancelled,2024-03-01,Enterprise
51931,422,205.43,pending,2024-03-01,SMB
51932,817,118.01,completed,2024-03-01,B2C
51933,236,21.31,shipped,2024-03-01,SMB
51934,278,146.66,completed,2024-03-01,B2C
51935,99,22.47,completed,2024-03-01,B2B
51936,87,153.85,completed,2024-03-01,SMB
51937,331,256.72,completed,2024-03-01,B2C
51938,454,146.92,completed,2024-03-01,Enterprise
51939,520,887.47,completed,2024-03-01,B2B
51940,855,106.28,completed,2024-03-01,B2B
51941,463,222.24,completed,2024-03-01,SMB
51942,373,180.04,completed,2024-03-01,B2B
51943,859,728.95,completed,2024-03-01,B2C
51944,38,202.36,shipped,2024-03-01,B2B
51945,273,41.87,completed,2024-03-01,SMB
51946,761,481.9,completed,2024-03-01,B2B
51947,30,180.29,cancelled,2024-03-01,B2B
51948,561,24.18,completed,2024-03-01,SMB
51949,387,175.75,completed,2024-03-01,B2C
51950,317,336.99,completed,2024-03-01,B2C
51951,424,144.07,pending,2024-03-01,B2C
51952,388,80.55,shipped,2024-03-01,B2B
51953,871,272.98,completed,2024-03-02,B2C
51954,505,243.84,completed,2024-03-02,B2C
51955,96,132.85,completed,2024-03-02,B2C
51956,520,40.15,cancelled,2024-03-02,B2B
51957,666,58.35,completed,2024-03-02,B2B
51958,392,216.19,shipped,2024-03-02,B2C
51959,790,261.05,completed,2024-03-02,Enterprise
51960,533,64.12,completed,2024-03-02,Enterprise
51961,757,83.83,cancelled,2024-03-02,B2C
51962,326,27.12,pending,2024-03-02,SMB
51963,685,202.48,completed,2024-03-02,Enterprise
51964,568,15.54,completed,2024-03-02,B2C
51965,27,22.15,completed,2024-03-02,B2B
51966,616,15.65,completed,2024-03-02,Enterprise
51967,520,170.48,completed,2024-03-02,B2B
51968,745,96.03,completed,2024-03-02,B2B
51969,16,67.98,completed,2024-03-02,B2B
51970,358,380.76,completed,2024-03-02,B2C
51971,96,47.13,completed,2024-03-02,B2C
51972,213,88.99,completed,2024-03-02,B2C
51973,213,437.79,completed,2024-03-02,B2C
51974,463,98.56,shipped,2024-03-02,SMB
51975,712,136.35,completed,2024-03-02,B2C
51976,277,27.56,completed,2024-03-02,SMB
51977,837,249.22,completed,2024-03-02,Enterprise
51978,427,97.42,completed,2024-03-02,B2C
51979,106,256.8,completed,2024-03-02,B2B
51980,825,58.91,completed,2024-03-02,B2C
51981,785,97.35,completed,2024-03-02,B2B
51982,647,246.65,pending,2024-03-02,B2C
51983,362,561.75,cancelled,2024-03-02,B2C
51984,800,24.22,completed,2024-03-02,Enterprise
51985,337,266.06,completed,2024-03-03,SMB
51986,766,68.65,completed,2024-03-03,B2C
51987,386,135.02,completed,2024-03-03,SMB
51988,864,66.39,completed,2024-03-03,B2C
51989,881,157.57,completed,2024-03-03,B2B
51990,884,80.5,completed,2024-03-03,B2B
51991,783,75.88,pending,2024-03-03,B2C
51992,876,20.8,completed,2024-03-03,B2B
51993,45,38.84,completed,2024-03-03,B2C
51994,821,388.48,shipped,2024-03-03,SMB
51995,751,969.59,completed,2024-03-03,B2B
51996,620,242.47,completed,2024-03-03,SMB
51997,298,65.7,completed,2024-03-03,B2B
51998,473,92.24,completed,2024-03-03,B2B
51999,825,216.77,completed,2024-03-03,B2C
52000,541,533.73,completed,2024-03-03,Enterprise
52001,591,106.18,completed,2024-03-03,B2B
52002,1007,280.37,completed,2024-03-03,Unknown
52003,850,568.75,cancelled,2024-03-03,B2C
52004,170,325.1,completed,2024-03-03,B2C
52005,759,53.65,completed,2024-03-03,SMB
52006,704,16.21,cancelled,2024-03-03,B2B
52007,797,116.62,completed,2024-03-03,Enterprise
52008,720,128.69,completed,2024-03-03,SMB
52009,73,48.71,completed,2024-03-03,B2B
52010,674,65.25,completed,2024-03-03,B2C
52011,118,232.32,completed,2024-03-03,B2B
52012,325,110.33,completed,2024-03-03,Enterprise
52013,425,72.27,cancelled,2024-03-03,B2B
52014,613,161.18,completed,2024-03-03,B2C
52015,544,173.66,completed,2024-03-03,B2C
52016,772,235.06,completed,2024-03-03,SMB
52017,514,40.57,completed,2024-03-04,SMB
52018,344,217.94,completed,2024-03-04,B2C
52019,635,152.23,completed,2024-03-04,B2B
52020,125,23.89,completed,2024-03-04,B2B
52021,462,240.39,completed,2024-03-04,B2C
52022,560,87.45,cancelled,2024-03-04,B2C
52023,327,75.16,shipped,2024-03-04,B2C
52024,5,104.15,completed,2024-03-04,B2B
52025,714,78.74,shipped,2024-03-04,B2C
52026,13,76.94,completed,2024-03-04,SMB
52027,606,262.6,shipped,2024-03-04,B2C
52028,599,34.94,completed,2024-03-04,B2B
52029,723,544.01,completed,2024-03-04,B2B
52030,124,136.43,shipped,2024-03-04,B2B
52031,203,45.3,completed,2024-03-04,B2B
52032,875,36.1,shipped,2024-03-04,B2B
52033,886,149.29,completed,2024-03-04,B2B
52034,778,165.36,completed,2024-03-04,SMB
52035,628,23.17,completed,2024-03-04,SMB
52036,787,56.76,pending,2024-03-04,B2C
52037,49,253.05,completed,2024-03-04,B2C
52038,192,22.63,completed,2024-03-04,SMB
52039,403,304.74,shipped,2024-03-04,B2C
52040,13,176.01,pending,2024-03-04,SMB
52041,273,100.49,shipped,2024-03-04,SMB
52042,730,78.8,completed,2024-03-04,B2B
52043,886,17.92,pending,2024-03-04,B2B
52044,214,276.63,shipped,2024-03-04,B2B
52045,416,38.1,shipped,2024-03-04,B2C
52046,571,70.56,completed,2024-03-04,B2C
52047,772,141.28,completed,2024-03-04,SMB
52048,450,57.35,completed,2024-03-04,B2B
52049,1018,118.12,completed,2024-03-05,Unknown
52050,522,263.59,completed,2024-03-05,B2C
52051,37,110.38,completed,2024-03-05,B2C
52052,424,461.32,completed,2024-03-05,B2C
52053,471,297.09,completed,2024-03-05,B2B
52054,547,75.75,completed,2024-03-05,B2B
52055,833,91.61,completed,2024-03-05,B2B
52056,541,97.57,shipped,2024-03-05,Enterprise
52057,852,162.6,completed,2024-03-05,SMB
52058,560,65.7,completed,2024-03-05,B2C
52059,588,537.28,completed,2024-03-05,B2B
52060,106,155.74,completed,2024-03-05,B2B
52061,833,91.47,shipped,2024-03-05,B2B
52062,214,170.35,completed,2024-03-05,B2B
52063,553,90.48,completed,2024-03-05,B2C
52064,15,270.39,completed,2024-03-05,B2B
52065,62,140.84,pending,2024-03-05,B2C
52066,776,21.43,completed,2024-03-05,B2B
52067,49,44.18,completed,2024-03-05,B2C
52068,336,315.37,completed,2024-03-05,B2B
52069,421,139.14,completed,2024-03-05,SMB
52070,549,465.39,completed,2024-03-05,B2C
52071,577,26.28,completed,2024-03-05,B2B
52072,687,67.49,completed,2024-03-05,B2C
52073,515,47.27,completed,2024-03-05,B2B
52074,487,136.06,completed,2024-03-05,B2B
52075,467,87.38,completed,2024-03-05,B2C
52076,269,40.67,completed,2024-03-05,B2C
52077,1,169.4,completed,2024-03-05,B2C
52078,40,130.28,completed,2024-03-05,B2C
52079,476,63.18,shipped,2024-03-05,Enterprise
52080,825,113.02,completed,2024-03-05,B2C
52081,615,220.41,completed,2024-03-06,SMB
52082,422,49.46,completed,2024-03-06,SMB
52083,235,66.99,completed,2024-03-06,B2B
52084,632,78.72,completed,2024-03-06,SMB
52085,559,220.99,completed,2024-03-06,SMB
52086,280,296.52,completed,2024-03-06,SMB
52087,465,85.83,pending,2024-03-06,Enterprise
52088,661,67.78,completed,2024-03-06,B2C
52089,810,345.34,completed,2024-03-06,B2B
52090,443,1119.27,pending,2024-03-06,B2C
52091,854,181.46,completed,2024-03-06,SMB
52092,758,705.49,pending,2024-03-06,B2C
52093,819,176.81,completed,2024-03-06,B2B
52094,595,213.33,completed,2024-03-06,SMB
52095,356,88.81,completed,2024-03-06,B2C
52096,232,100.1,cancelled,2024-03-06,B2C
52097,805,38.35,pending,2024-03-06,B2C
52098,662,274.53,completed,2024-03-06,Enterprise
52099,247,416.18,completed,2024-03-06,B2C
52100,465,161.5,completed,2024-03-06,Enterprise
52101,143,78.16,completed,2024-03-06,B2C
52102,104,40.09,shipped,2024-03-06,B2C
52103,709,61.21,completed,2024-03-06,B2C
52104,897,59.24,completed,2024-03-06,B2C
52105,280,157.6,cancelled,2024-03-06,SMB
52106,333,450.17,pending,2024-03-06,B2B
52107,702,22.42,completed,2024-03-06,B2B
52108,123,15.15,completed,2024-03-06,B2C
52109,569,152.51,cancelled,2024-03-06,Enterprise
52110,693,65.12,completed,2024-03-06,B2C
52111,274,333.73,completed,2024-03-06,Enterprise
52112,524,74.46,completed,2024-03-06,SMB
52113,770,66.32,pending,2024-03-07,SMB
52114,362,62.11,completed,2024-03-07,B2C
52115,204,38.47,completed,2024-03-07,SMB
52116,636,145.67,completed,2024-03-07,B2C
52117,119,42.63,pending,2024-03-07,SMB
52118,699,97.91,shipped,2024-03-07,B2B
52119,599,107.7,shipped,2024-03-07,B2B
52120,761,18.11,completed,2024-03-07,B2B
52121,64,17.54,pending,2024-03-07,B2C
52122,462,125.16,shipped,2024-03-07,B2C
52123,792,193.63,shipped,2024-03-07,B2C
52124,576,442.47,cancelled,2024-03-07,Enterprise
52125,733,44.61,completed,2024-03-07,B2C
52126,502,31.35,completed,2024-03-07,B2C
52127,94,23.02,pending,2024-03-07,B2C
52128,388,100.92,shipped,2024-03-07,B2B
52129,895,161.39,completed,2024-03-07,B2C
52130,290,290.41,completed,2024-03-07,B2C
52131,170,187.16,completed,2024-03-07,B2C
52132,795,50.05,completed,2024-03-07,B2B
52133,857,107.92,completed,2024-03-07,B2B
52134,129,376.77,pending,2024-03-07,B2B
52135,8,74.34,completed,2024-03-07,SMB
52136,763,118.59,completed,2024-03-07,B2B
52137,644,492.55,completed,2024-03-07,B2C
52138,15,214.04,completed,2024-03-07,B2B
52139,582,221.59,completed,2024-03-07,Enterprise
52140,610,58.62,completed,2024-03-07,B2C
52141,555,95.34,completed,2024-03-07,SMB
52142,563,27.89,completed,2024-03-07,B2B
52143,471,154.91,completed,2024-03-07,B2B
52144,355,31.43,completed,2024-03-07,B2B
52145,1016,286.1,completed,2024-03-08,Unknown
52146,716,267.75,completed,2024-03-08,Enterprise
52147,261,129.41,pending,2024-03-08,B2C
52148,865,37.83,completed,2024-03-08,B2C
52149,434,18.89,shipped,2024-03-08,B2B
52150,555,253.97,completed,2024-03-08,SMB
52151,288,152.5,shipped,2024-03-08,B2C
52152,659,201.16,completed,2024-03-08,B2C
52153,227,69.32,completed,2024-03-08,Enterprise
52154,728,121.84,completed,2024-03-08,SMB
52155,457,221.26,completed,2024-03-08,B2B
52156,517,108.14,completed,2024-03-08,B2C
52157,350,152.96,completed,2024-03-08,B2C
52158,672,248.9,pending,2024-03-08,SMB
52159,751,51.35,completed,2024-03-08,B2B
52160,776,25.23,completed,2024-03-08,B2B
52161,813,128.84,completed,2024-03-08,B2B
52162,297,24.62,pending,2024-03-08,SMB
52163,881,233.22,completed,2024-03-08,B2B
52164,849,205.52,completed,2024-03-08,B2C
52165,637,335.2,completed,2024-03-08,B2C
52166,227,168.07,completed,2024-03-08,Enterprise
52167,694,25.43,shipped,2024-03-08,B2B
52168,348,58.78,pending,2024-03-08,B2B
52169,806,262.49,completed,2024-03-08,SMB
52170,327,42.43,completed,2024-03-08,B2C
52171,300,194.84,completed,2024-03-08,B2B
52172,530,242.3,completed,2024-03-08,SMB
52173,154,75.1,completed,2024-03-08,B2C
52174,273,73.36,completed,2024-03-08,SMB
52175,59,137.4,completed,2024-03-08,B2B
52176,560,311.3,shipped,2024-03-08,B2C
52177,728,53.02,completed,2024-03-09,SMB
52178,664,440.19,cancelled,2024-03-09,B2B
52179,351,152.11,shipped,2024-03-09,B2C
52180,339,741.64,shipped,2024-03-09,B2C
52181,550,29.08,completed,2024-03-09,SMB
52182,73,35.3,pending,2024-03-09,B2B
52183,87,277.86,shipped,2024-03-09,SMB
52184,650,315.1,completed,2024-03-09,B2C
52185,728,103.44,completed,2024-03-09,SMB
52186,277,202.8,completed,2024-03-09,SMB
52187,888,318.24,cancelled,2024-03-09,B2B
52188,108,21.61,pending,2024-03-09,SMB
52189,631,142.98,pending,2024-03-09,SMB
52190,28,303.09,shipped,2024-03-09,B2C
52191,721,91.16,completed,2024-03-09,Enterprise
52192,156,69.01,completed,2024-03-09,B2B
52193,378,253.23,completed,2024-03-09,B2B
52194,900,76.37,completed,2024-03-09,B2B
52195,758,15.48,completed,2024-03-09,B2C
52196,105,496.24,pending,2024-03-09,Enterprise
52197,712,149.52,cancelled,2024-03-09,B2C
52198,87,271.82,completed,2024-03-09,SMB
52199,162,276.7,completed,2024-03-09,B2C
52200,679,25.31,completed,2024-03-09,Enterprise
52201,245,43.1,completed,2024-03-09,B2B
52202,675,70.9,completed,2024-03-09,B2C
52203,375,73.0,completed,2024-03-09,B2B
52204,405,176.29,pending,2024-03-09,B2C
52205,716,161.38,shipped,2024-03-09,Enterprise
52206,814,117.36,shipped,2024-03-09,Enterprise
52207,117,50.6,completed,2024-03-09,SMB
52208,386,87.19,completed,2024-03-09,SMB
52209,494,132.66,completed,2024-03-10,B2B
52210,520,109.66,shipped,2024-03-10,B2B
52211,448,35.42,pending,2024-03-10,SMB
52212,822,172.26,completed,2024-03-10,B2B
52213,516,26.38,shipped,2024-03-10,B2B
52214,620,86.27,completed,2024-03-10,SMB
52215,895,200.7,completed,2024-03-10,B2C
52216,153,18.03,shipped,2024-03-10,B2B
52217,824,141.59,shipped,2024-03-10,B2C
52218,646,76.09,completed,2024-03-10,SMB
52219,688,16.33,completed,2024-03-10,B2C
52220,699,46.68,completed,2024-03-10,B2B
52221,731,439.4,completed,2024-03-10,B2B
52222,704,125.45,pending,2024-03-10,B2B
52223,303,898.18,completed,2024-03-10,B2C
52224,112,126.61,completed,2024-03-10,B2B
52225,125,132.77,completed,2024-03-10,B2B
52226,436,89.6,cancelled,2024-03-10,SMB
52227,298,70.67,shipped,2024-03-10,B2B
52228,586,58.46,shipped,2024-03-10,B2B
52229,674,78.11,completed,2024-03-10,B2C
52230,841,107.39,pending,2024-03-10,B2B
52231,469,46.98,completed,2024-03-10,B2B
52232,482,53.21,completed,2024-03-10,B2C
52233,270,62.52,cancelled,2024-03-10,B2C
52234,659,104.47,completed,2024-03-10,B2C
52235,742,173.68,completed,2024-03-10,B2C
52236,96,305.84,completed,2024-03-10,B2C
52237,807,65.77,completed,2024-03-10,Enterprise
52238,345,45.45,completed,2024-03-10,B2C
52239,891,86.43,pending,2024-03-10,SMB
52240,831,352.19,completed,2024-03-10,B2B
52241,833,16.49,completed,2024-03-11,B2B
52242,623,184.92,pending,2024-03-11,B2C
52243,862,112.27,cancelled,2024-03-11,B2C
52244,417,41.34,completed,2024-03-11,B2C
52245,75,73.07,completed,2024-03-11,SMB
52246,738,53.22,completed,2024-03-11,SMB
52247,606,330.35,completed,2024-03-11,B2C
52248,507,113.63,completed,2024-03-11,Enterprise
52249,271,139.21,completed,2024-03-11,SMB
52250,668,150.09,completed,2024-03-11,B2B
52251,418,168.09,completed,2024-03-11,B2C
52252,791,117.64,completed,2024-03-11,B2B
52253,166,17.71,completed,2024-03-11,SMB
52254,144,76.13,completed,2024-03-11,B2C
52255,23,45.48,completed,2024-03-11,B2C
52256,505,185.98,completed,2024-03-11,B2C
52257,713,23.76,completed,2024-03-11,B2C
52258,469,139.45,completed,2024-03-11,B2B
52259,455,50.48,shipped,2024-03-11,B2B
52260,419,460.94,completed,2024-03-11,B2C
52261,396,76.32,completed,2024-03-11,Enterprise
52262,324,74.01,completed,2024-03-11,B2C
52263,12,400.34,completed,2024-03-11,Enterprise
52264,260,96.02,shipped,2024-03-11,B2B
52265,859,508.97,completed,2024-03-11,B2C
52266,636,18.67,completed,2024-03-11,B2C
52267,414,69.87,completed,2024-03-11,B2C
52268,893,179.58,cancelled,2024-03-11,SMB
52269,299,347.26,shipped,2024-03-11,B2C
52270,585,59.44,completed,2024-03-11,B2C
52271,182,414.92,completed,2024-03-11,B2B
52272,510,150.26,cancelled,2024-03-11,SMB
52273,563,257.17,cancelled,2024-03-12,B2B
52274,707,90.93,completed,2024-03-12,B2C
52275,659,50.77,completed,2024-03-12,B2C
52276,6,378.27,completed,2024-03-12,B2B
52277,369,420.76,completed,2024-03-12,B2B
52278,96,118.25,completed,2024-03-12,B2C
52279,868,15.98,completed,2024-03-12,B2B
52280,419,32.44,pending,2024-03-12,B2C
52281,441,142.66,completed,2024-03-12,B2B
52282,759,18.61,shipped,2024-03-12,SMB
52283,624,90.85,completed,2024-03-12,B2C
52284,699,69.23,shipped,2024-03-12,B2B
52285,220,202.95,completed,2024-03-12,SMB
52286,777,23.58,completed,2024-03-12,B2B
52287,601,115.63,completed,2024-03-12,B2B
52288,866,144.81,completed,2024-03-12,B2C
52289,687,159.07,pending,2024-03-12,B2C
52290,370,92.92,completed,2024-03-12,B2B
52291,327,69.44,completed,2024-03-12,B2C
52292,675,187.09,completed,2024-03-12,B2C
52293,544,297.16,pending,2024-03-12,B2C
52294,542,192.44,completed,2024-03-12,B2C
52295,502,418.46,completed,2024-03-12,B2C
52296,128,204.49,completed,2024-03-12,SMB
52297,282,231.98,completed,2024-03-12,B2C
52298,435,42.57,pending,2024-03-12,B2B
52299,761,96.59,completed,2024-03-12,B2B
52300,441,114.55,completed,2024-03-12,B2B
52301,194,59.42,completed,2024-03-12,B2C
52302,394,127.79,completed,2024-03-12,SMB
52303,494,66.54,completed,2024-03-12,B2B
52304,566,189.47,completed,2024-03-12,B2C
52305,570,110.31,completed,2024-03-13,B2C
52306,278,107.1,completed,2024-03-13,B2C
52307,564,631.96,completed,2024-03-13,B2B
52308,183,89.75,completed,2024-03-13,Enterprise
52309,557,82.48,completed,2024-03-13,B2B
52310,237,72.54,shipped,2024-03-13,B2C
52311,499,352.71,shipped,2024-03-13,Enterprise
52312,391,117.99,completed,2024-03-13,Enterprise
52313,881,152.45,completed,2024-03-13,B2B
52314,400,44.92,completed,2024-03-13,SMB
52315,552,131.79,cancelled,2024-03-13,SMB
52316,515,63.16,shipped,2024-03-13,B2B
52317,837,211.75,completed,2024-03-13,Enterprise
52318,667,283.04,completed,2024-03-13,B2B
52319,506,203.19,completed,2024-03-13,B2B
52320,41,211.54,completed,2024-03-13,B2B
52321,665,122.76,shipped,2024-03-13,B2B
52322,795,201.78,completed,2024-03-13,B2B
52323,877,97.41,pending,2024-03-13,SMB
52324,305,173.11,completed,2024-03-13,SMB
52325,435,59.97,completed,2024-03-13,B2B
52326,491,25.85,completed,2024-03-13,B2C
52327,431,95.03,completed,2024-03-13,B2B
52328,631,107.92,pending,2024-03-13,SMB
52329,189,59.44,completed,2024-03-13,B2C
52330,441,210.13,completed,2024-03-13,B2B
52331,135,26.46,completed,2024-03-13,Enterprise
52332,628,52.8,completed,2024-03-13,SMB
52333,838,222.09,completed,2024-03-13,B2C
52334,660,101.2,cancelled,2024-03-13,B2C
52335,703,198.26,completed,2024-03-13,B2C
52336,618,140.72,completed,2024-03-13,B2C
52337,622,466.51,pending,2024-03-14,B2B
52338,299,151.62,completed,2024-03-14,B2C
52339,876,17.25,completed,2024-03-14,B2B
52340,175,80.28,completed,2024-03-14,B2C
52341,130,38.16,completed,2024-03-14,B2C
52342,761,402.81,cancelled,2024-03-14,B2B
52343,173,31.47,completed,2024-03-14,B2C
52344,693,88.58,completed,2024-03-14,B2C
52345,384,53.45,completed,2024-03-14,SMB
52346,848,296.33,completed,2024-03-14,Enterprise
52347,48,70.35,completed,2024-03-14,B2C
52348,785,737.26,completed,2024-03-14,B2B
52349,390,20.91,shipped,2024-03-14,SMB
52350,825,35.59,completed,2024-03-14,B2C
52351,358,53.16,completed,2024-03-14,B2C
52352,303,264.99,completed,2024-03-14,B2C
52353,718,331.2,completed,2024-03-14,Enterprise
52354,655,26.12,completed,2024-03-14,B2C
52355,221,19.95,completed,2024-03-14,B2C
52356,331,219.71,completed,2024-03-14,B2C
52357,453,36.47,completed,2024-03-14,B2C
52358,432,36.41,completed,2024-03-14,SMB
52359,340,18.39,completed,2024-03-14,B2B
52360,283,22.66,completed,2024-03-14,B2C
52361,665,60.91,pending,2024-03-14,B2B
52362,203,25.08,completed,2024-03-14,B2B
52363,225,84.04,pending,2024-03-14,B2C
52364,439,283.26,completed,2024-03-14,SMB
52365,842,74.25,pending,2024-03-14,B2C
52366,506,210.2,completed,2024-03-14,B2B
52367,827,29.79,completed,2024-03-14,B2C
52368,621,176.55,pending,2024-03-14,B2B
52369,721,72.13,completed,2024-03-15,Enterprise
52370,556,222.8,completed,2024-03-15,B2C
52371,112,36.97,shipped,2024-03-15,B2B
52372,731,357.25,completed,2024-03-15,B2B
52373,129,56.68,completed,2024-03-15,B2B
52374,758,80.34,completed,2024-03-15,B2C
52375,66,464.9,completed,2024-03-15,B2C
52376,573,144.58,completed,2024-03-15,B2C
52377,12,83.3,pending,2024-03-15,Enterprise
52378,337,463.17,completed,2024-03-15,SMB
52379,234,74.87,shipped,2024-03-15,B2C
52380,825,29.95,completed,2024-03-15,B2C
52381,679,879.0,pending,2024-03-15,Enterprise
52382,602,61.76,completed,2024-03-15,B2C
52383,337,300.83,pending,2024-03-15,SMB
52384,275,42.15,completed,2024-03-15,B2C
52385,604,212.15,shipped,2024-03-15,B2B
52386,642,126.49,completed,2024-03-15,B2C
52387,195,608.76,completed,2024-03-15,B2C
52388,728,135.72,completed,2024-03-15,SMB
52389,829,18.8,completed,2024-03-15,SMB
52390,197,153.9,completed,2024-03-15,SMB
52391,666,38.55,completed,2024-03-15,B2B
52392,342,255.33,completed,2024-03-15,B2C
52393,670,306.28,completed,2024-03-15,B2C
52394,83,113.69,completed,2024-03-15,B2C
52395,891,244.33,completed,2024-03-15,SMB
52396,532,38.52,shipped,2024-03-15,Enterprise
52397,663,116.61,pending,2024-03-15,B2C
52398,569,90.12,completed,2024-03-15,Enterprise
52399,153,156.75,completed,2024-03-15,B2B
52400,282,21.82,completed,2024-03-15,B2C
52401,181,224.22,shipped,2024-03-16,B2C
52402,440,27.37,completed,2024-03-16,B2B
52403,742,175.27,completed,2024-03-16,B2C
52404,191,17.79,completed,2024-03-16,B2B
52405,622,282.47,shipped,2024-03-16,B2B
52406,766,43.8,completed,2024-03-16,B2C
52407,655,123.69,completed,2024-03-16,B2C
52408,670,60.47,completed,2024-03-16,B2C
52409,8,207.37,completed,2024-03-16,SMB
52410,104,73.15,completed,2024-03-16,B2C
52411,419,208.43,completed,2024-03-16,B2C
52412,663,65.29,cancelled,2024-03-16,B2C
52413,698,224.44,completed,2024-03-16,B2C
52414,325,19.66,cancelled,2024-03-16,Enterprise
52415,377,64.97,completed,2024-03-16,SMB
52416,195,118.56,completed,2024-03-16,B2C
52417,840,21.92,pending,2024-03-16,B2C
52418,329,45.88,completed,2024-03-16,B2C
52419,109,423.94,completed,2024-03-16,B2B
52420,542,579.76,pending,2024-03-16,B2C
52421,700,216.92,completed,2024-03-16,B2C
52422,376,58.59,completed,2024-03-16,B2C
52423,156,60.27,pending,2024-03-16,B2B
52424,516,170.68,completed,2024-03-16,B2B
52425,733,33.77,completed,2024-03-16,B2C
52426,364,459.37,shipped,2024-03-16,B2C
52427,447,53.2,completed,2024-03-16,Enterprise
52428,114,1202.6,completed,2024-03-16,SMB
52429,413,117.7,shipped,2024-03-16,Enterprise
52430,26,236.39,completed,2024-03-16,SMB
52431,27,15.33,shipped,2024-03-16,B2B
52432,111,344.39,pending,2024-03-16,B2C
52433,435,62.21,completed,2024-03-17,B2B
52434,684,180.36,completed,2024-03-17,B2C
52435,247,261.26,completed,2024-03-17,B2C
52436,547,41.9,completed,2024-03-17,B2B
52437,518,102.65,pending,2024-03-17,SMB
52438,294,117.13,completed,2024-03-17,B2C
52439,479,71.12,completed,2024-03-17,Enterprise
52440,601,113.6,completed,2024-03-17,B2B
52441,183,72.31,shipped,2024-03-17,Enterprise
52442,384,82.12,completed,2024-03-17,SMB
52443,439,181.0,shipped,2024-03-17,SMB
52444,644,165.19,completed,2024-03-17,B2C
52445,391,54.65,shipped,2024-03-17,Enterprise
52446,181,356.66,completed,2024-03-17,B2C
52447,295,312.93,completed,2024-03-17,B2B
52448,895,121.72,pending,2024-03-17,B2C
52449,855,100.18,completed,2024-03-17,B2B
52450,18,85.95,completed,2024-03-17,B2C
52451,612,199.27,pending,2024-03-17,SMB
52452,31,182.06,completed,2024-03-17,B2C
52453,660,47.76,completed,2024-03-17,B2C
52454,12,181.96,completed,2024-03-17,Enterprise
52455,355,58.64,pending,2024-03-17,B2B
52456,137,17.81,completed,2024-03-17,B2C
52457,426,195.2,completed,2024-03-17,B2C
52458,199,170.26,completed,2024-03-17,SMB
52459,819,94.35,completed,2024-03-17,B2B
52460,49,126.88,shipped,2024-03-17,B2C
52461,73,456.1,completed,2024-03-17,B2B
52462,354,150.65,completed,2024-03-17,B2B
52463,180,175.89,completed,2024-03-17,B2B
52464,266,24.91,completed,2024-03-17,SMB
52465,137,42.23,cancelled,2024-03-18,B2C
52466,459,68.71,completed,2024-03-18,B2B
52467,804,131.28,completed,2024-03-18,B2C
52468,313,239.81,completed,2024-03-18,B2B
52469,456,73.12,shipped,2024-03-18,B2C
52470,897,81.1,completed,2024-03-18,B2C
52471,836,59.39,completed,2024-03-18,B2C
52472,852,59.08,pending,2024-03-18,SMB
52473,550,460.99,shipped,2024-03-18,SMB
52474,154,166.37,shipped,2024-03-18,B2C
52475,1,40.42,completed,2024-03-18,B2C
52476,889,207.15,pending,2024-03-18,B2B
52477,251,207.03,completed,2024-03-18,B2C
52478,729,179.7,completed,2024-03-18,B2B
52479,735,36.71,completed,2024-03-18,B2C
52480,675,93.64,completed,2024-03-18,B2C
52481,260,31.93,pending,2024-03-18,B2B
52482,589,269.43,completed,2024-03-18,B2B
52483,228,174.71,shipped,2024-03-18,B2C
52484,515,121.15,shipped,2024-03-18,B2B
52485,509,78.01,completed,2024-03-18,Enterprise
52486,791,45.55,shipped,2024-03-18,B2B
52487,121,31.88,completed,2024-03-18,SMB
52488,79,537.23,completed,2024-03-18,B2C
52489,331,48.41,pending,2024-03-18,B2C
52490,604,24.26,completed,2024-03-18,B2B
52491,690,504.22,completed,2024-03-18,B2B
52492,482,134.43,completed,2024-03-18,B2C
52493,8,253.93,pending,2024-03-18,SMB
52494,47,21.71,completed,2024-03-18,B2C
52495,76,140.53,completed,2024-03-18,SMB
52496,800,91.18,completed,2024-03-18,Enterprise
52497,481,236.74,shipped,2024-03-19,B2C
52498,34,20.88,completed,2024-03-19,Enterprise
52499,90,92.05,completed,2024-03-19,B2C
52500,262,255.72,completed,2024-03-19,Enterprise
52501,811,125.94,completed,2024-03-19,Enterprise
52502,321,134.79,completed,2024-03-19,B2C
52503,830,30.33,completed,2024-03-19,B2C
52504,35,36.29,completed,2024-03-19,Enterprise
52505,358,184.52,completed,2024-03-19,B2C
52506,856,183.61,completed,2024-03-19,B2B
52507,145,595.23,completed,2024-03-19,B2C
52508,268,201.69,completed,2024-03-19,SMB
52509,432,116.96,completed,2024-03-19,SMB
52510,66,307.08,completed,2024-03-19,B2C
52511,338,31.55,completed,2024-03-19,SMB
52512,130,104.48,completed,2024-03-19,B2C
52513,724,65.76,completed,2024-03-19,SMB
52514,505,31.58,completed,2024-03-19,B2C
52515,828,231.27,completed,2024-03-19,B2C
52516,630,122.25,cancelled,2024-03-19,B2C
52517,824,137.05,completed,2024-03-19,B2C
52518,700,94.46,pending,2024-03-19,B2C
52519,715,107.52,completed,2024-03-19,B2C
52520,792,33.5,completed,2024-03-19,B2C
52521,268,182.63,shipped,2024-03-19,SMB
52522,523,99.96,completed,2024-03-19,Enterprise
52523,861,269.55,completed,2024-03-19,SMB
52524,32,47.78,cancelled,2024-03-19,B2B
52525,772,49.42,completed,2024-03-19,SMB
52526,596,170.67,completed,2024-03-19,B2C
52527,136,295.62,completed,2024-03-19,B2C
52528,254,110.86,pending,2024-03-19,B2C
52529,532,209.72,pending,2024-03-20,Enterprise
52530,862,1111.22,completed,2024-03-20,B2C
52531,219,709.81,completed,2024-03-20,B2C
52532,758,219.58,shipped,2024-03-20,B2C
52533,269,216.82,completed,2024-03-20,B2C
52534,794,57.68,completed,2024-03-20,B2C
52535,315,283.95,completed,2024-03-20,SMB
52536,425,92.9,completed,2024-03-20,B2B
52537,209,505.5,completed,2024-03-20,B2B
52538,819,27.74,pending,2024-03-20,B2B
52539,278,100.86,shipped,2024-03-20,B2C
52540,360,136.74,completed,2024-03-20,B2C
52541,634,92.92,completed,2024-03-20,B2C
52542,674,50.47,completed,2024-03-20,B2C
52543,301,149.84,completed,2024-03-20,B2B
52544,474,226.54,completed,2024-03-20,SMB
52545,894,170.28,completed,2024-03-20,B2C
52546,197,55.07,completed,2024-03-20,SMB
52547,807,212.3,completed,2024-03-20,Enterprise
52548,41,59.54,completed,2024-03-20,B2B
52549,46,43.89,completed,2024-03-20,B2C
52550,416,191.0,completed,2024-03-20,B2C
52551,384,292.52,completed,2024-03-20,SMB
52552,769,113.53,shipped,2024-03-20,B2C
52553,798,128.7,shipped,2024-03-20,B2C
52554,64,69.09,completed,2024-03-20,B2C
52555,368,117.37,completed,2024-03-20,Enterprise
52556,353,36.23,completed,2024-03-20,B2C
52557,308,482.96,completed,2024-03-20,B2C
52558,211,256.69,completed,2024-03-20,B2C
52559,2,180.38,cancelled,2024-03-20,Enterprise
52560,565,130.89,completed,2024-03-20,B2C
52561,603,250.65,completed,2024-03-21,B2B
52562,210,117.41,completed,2024-03-21,B2B
52563,248,68.5,completed,2024-03-21,Enterprise
52564,237,41.22,completed,2024-03-21,B2C
52565,343,171.44,completed,2024-03-21,B2B
52566,601,412.66,completed,2024-03-21,B2B
52567,887,40.02,completed,2024-03-21,B2C
52568,196,44.77,cancelled,2024-03-21,B2C
52569,493,100.27,completed,2024-03-21,B2C
52570,450,261.68,completed,2024-03-21,B2B
52571,696,67.2,completed,2024-03-21,B2C
52572,563,58.94,completed,2024-03-21,B2B
52573,335,160.12,completed,2024-03-21,B2B
52574,654,130.06,completed,2024-03-21,SMB
52575,651,24.32,completed,2024-03-21,B2B
52576,318,27.75,completed,2024-03-21,B2B
52577,140,169.51,completed,2024-03-21,Enterprise
52578,50,108.86,completed,2024-03-21,B2B
52579,711,545.95,completed,2024-03-21,SMB
52580,799,185.23,completed,2024-03-21,B2C
52581,16,16.52,completed,2024-03-21,B2B
52582,301,113.38,completed,2024-03-21,B2B
52583,126,95.28,completed,2024-03-21,B2C
52584,1003,31.93,completed,2024-03-21,Unknown
52585,345,400.0,cancelled,2024-03-21,B2C
52586,899,260.22,completed,2024-03-21,B2B
52587,341,54.22,cancelled,2024-03-21,B2C
52588,211,59.35,completed,2024-03-21,B2C
52589,196,19.88,completed,2024-03-21,B2C
52590,57,67.8,completed,2024-03-21,B2B
52591,157,146.78,completed,2024-03-21,B2C
52592,122,96.93,completed,2024-03-21,SMB
52593,699,537.31,completed,2024-03-22,B2B
52594,575,23.66,cancelled,2024-03-22,SMB
52595,841,149.26,completed,2024-03-22,B2B
52596,680,308.12,completed,2024-03-22,SMB
52597,79,113.3,shipped,2024-03-22,B2C
52598,438,15.45,shipped,2024-03-22,SMB
52599,699,56.72,completed,2024-03-22,B2B
52600,858,73.68,completed,2024-03-22,B2C
52601,630,522.18,completed,2024-03-22,B2C
52602,207,379.18,completed,2024-03-22,B2B
52603,82,461.89,completed,2024-03-22,B2C
52604,498,277.1,completed,2024-03-22,B2B
52605,269,80.0,completed,2024-03-22,B2C
52606,192,369.47,pending,2024-03-22,SMB
52607,186,615.0,pending,2024-03-22,B2C
52608,665,79.63,completed,2024-03-22,B2B
52609,538,60.28,completed,2024-03-22,B2B
52610,660,133.75,completed,2024-03-22,B2C
52611,65,46.08,completed,2024-03-22,B2C
52612,574,19.98,completed,2024-03-22,B2C
52613,631,452.35,pending,2024-03-22,SMB
52614,343,405.03,completed,2024-03-22,B2B
52615,568,41.63,completed,2024-03-22,B2C
52616,489,93.57,completed,2024-03-22,Enterprise
52617,754,281.71,cancelled,2024-03-22,B2C
52618,890,177.26,pending,2024-03-22,B2B
52619,813,90.33,shipped,2024-03-22,B2B
52620,640,219.49,completed,2024-03-22,B2C
52621,422,356.02,completed,2024-03-22,SMB
52622,463,405.87,completed,2024-03-22,SMB
52623,549,86.43,completed,2024-03-22,B2C
52624,291,43.59,shipped,2024-03-22,B2B
52625,255,381.0,completed,2024-03-23,B2B
52626,797,29.57,completed,2024-03-23,Enterprise
52627,582,206.85,completed,2024-03-23,Enterprise
52628,847,37.71,completed,2024-03-23,B2B
52629,256,88.99,completed,2024-03-23,B2C
52630,102,94.54,completed,2024-03-23,B2C
52631,448,40.93,completed,2024-03-23,SMB
52632,686,398.97,completed,2024-03-23,B2C
52633,558,15.4,pending,2024-03-23,B2B
52634,73,351.38,completed,2024-03-23,B2B
52635,620,337.9,completed,2024-03-23,SMB
52636,148,72.18,completed,2024-03-23,B2C
52637,653,197.75,completed,2024-03-23,B2C
52638,107,58.72,shipped,2024-03-23,B2C
52639,851,228.3,completed,2024-03-23,B2B
52640,281,138.53,completed,2024-03-23,SMB
52641,668,68.55,cancelled,2024-03-23,B2B
52642,732,91.68,shipped,2024-03-23,SMB
52643,398,190.62,completed,2024-03-23,B2C
52644,502,369.82,completed,2024-03-23,B2C
52645,736,36.01,completed,2024-03-23,SMB
52646,171,142.07,shipped,2024-03-23,B2C
52647,842,58.9,completed,2024-03-23,B2C
52648,375,257.45,completed,2024-03-23,B2B
52649,735,25.92,completed,2024-03-23,B2C
52650,49,190.17,completed,2024-03-23,B2C
52651,537,43.85,shipped,2024-03-23,SMB
52652,60,151.09,pending,2024-03-23,B2C
52653,725,285.9,completed,2024-03-23,B2C
52654,859,226.02,completed,2024-03-23,B2C
52655,567,224.72,completed,2024-03-23,B2C
52656,392,124.42,pending,2024-03-23,B2C
52657,822,347.11,shipped,2024-03-24,B2B
52658,859,148.05,cancelled,2024-03-24,B2C
52659,49,389.28,cancelled,2024-03-24,B2C
52660,260,133.62,completed,2024-03-24,B2B
52661,284,120.77,shipped,2024-03-24,B2B
52662,203,52.72,completed,2024-03-24,B2B
52663,621,133.05,completed,2024-03-24,B2B
52664,743,37.73,completed,2024-03-24,SMB
52665,499,320.68,completed,2024-03-24,Enterprise
52666,529,184.0,shipped,2024-03-24,B2B
52667,268,773.55,completed,2024-03-24,SMB
52668,288,29.49,pending,2024-03-24,B2C
52669,822,56.3,completed,2024-03-24,B2B
52670,659,329.53,completed,2024-03-24,B2C
52671,897,90.44,completed,2024-03-24,B2C
52672,276,109.19,completed,2024-03-24,B2C
52673,893,310.62,completed,2024-03-24,SMB
52674,619,125.67,completed,2024-03-24,SMB
52675,694,47.25,shipped,2024-03-24,B2B
52676,820,348.89,completed,2024-03-24,B2C
52677,429,19.73,completed,2024-03-24,B2C
52678,832,353.64,shipped,2024-03-24,B2C
52679,369,22.78,completed,2024-03-24,B2B
52680,886,179.42,completed,2024-03-24,B2B
52681,487,26.16,completed,2024-03-24,B2B
52682,210,198.74,completed,2024-03-24,B2B
52683,385,20.18,completed,2024-03-24,SMB
52684,485,292.21,completed,2024-03-24,B2C
52685,558,109.09,completed,2024-03-24,B2B
52686,892,29.72,completed,2024-03-24,SMB
52687,135,199.04,completed,2024-03-24,Enterprise
52688,810,115.79,completed,2024-03-24,B2B
52689,83,46.78,cancelled,2024-03-25,B2C
52690,39,17.37,completed,2024-03-25,B2C
52691,220,96.19,completed,2024-03-25,SMB
52692,860,28.43,pending,2024-03-25,B2B
52693,406,29.84,shipped,2024-03-25,SMB
52694,443,61.66,shipped,2024-03-25,B2C
52695,781,164.32,cancelled,2024-03-25,B2C
52696,515,128.22,completed,2024-03-25,B2B
52697,588,25.72,completed,2024-03-25,B2B
52698,557,533.34,completed,2024-03-25,B2B
52699,23,342.28,completed,2024-03-25,B2C
52700,315,60.01,completed,2024-03-25,SMB
52701,662,34.57,completed,2024-03-25,Enterprise
52702,220,443.14,shipped,2024-03-25,SMB
52703,138,107.75,completed,2024-03-25,SMB
52704,789,70.91,completed,2024-03-25,B2C
52705,719,116.11,completed,2024-03-25,B2B
52706,20,237.25,completed,2024-03-25,B2C
52707,596,42.66,shipped,2024-03-25,B2C
52708,797,233.83,cancelled,2024-03-25,Enterprise
52709,591,222.61,shipped,2024-03-25,B2B
52710,107,131.27,completed,2024-03-25,B2C
52711,420,316.31,pending,2024-03-25,SMB
52712,187,36.26,completed,2024-03-25,SMB
52713,875,150.76,shipped,2024-03-25,B2B
52714,804,104.5,completed,2024-03-25,B2C
52715,491,97.3,completed,2024-03-25,B2C
52716,6,58.67,cancelled,2024-03-25,B2B
52717,573,84.85,completed,2024-03-25,B2C
52718,630,32.17,shipped,2024-03-25,B2C
52719,70,58.47,completed,2024-03-25,Enterprise
52720,861,62.61,shipped,2024-03-25,SMB
52721,239,206.3,cancelled,2024-03-26,B2C
52722,740,22.47,completed,2024-03-26,B2C
52723,303,172.99,completed,2024-03-26,B2C
52724,443,52.54,completed,2024-03-26,B2C
52725,874,27.81,pending,2024-03-26,B2C
52726,428,68.67,completed,2024-03-26,SMB
52727,504,53.13,completed,2024-03-26,SMB
52728,409,135.46,completed,2024-03-26,Enterprise
52729,499,81.33,completed,2024-03-26,Enterprise
52730,261,522.18,completed,2024-03-26,B2C
52731,116,511.77,completed,2024-03-26,SMB
52732,313,102.97,pending,2024-03-26,B2B
52733,866,252.78,completed,2024-03-26,B2C
52734,608,17.0,completed,2024-03-26,B2C
52735,59,134.05,completed,2024-03-26,B2B
52736,283,218.98,completed,2024-03-26,B2C
52737,203,51.68,pending,2024-03-26,B2B
52738,227,24.47,completed,2024-03-26,Enterprise
52739,65,40.43,completed,2024-03-26,B2C
52740,847,102.47,completed,2024-03-26,B2B
52741,228,120.9,pending,2024-03-26,B2C
52742,630,86.92,cancelled,2024-03-26,B2C
52743,290,101.97,completed,2024-03-26,B2C
52744,768,110.3,completed,2024-03-26,SMB
52745,579,235.08,completed,2024-03-26,B2C
52746,739,31.68,shipped,2024-03-26,B2C
52747,201,234.77,completed,2024-03-26,B2C
52748,300,190.01,cancelled,2024-03-26,B2B
52749,657,218.02,shipped,2024-03-26,B2C
52750,261,213.9,pending,2024-03-26,B2C
52751,399,110.4,completed,2024-03-26,SMB
52752,296,50.62,completed,2024-03-26,B2C
52753,464,130.38,shipped,2024-03-27,B2C
52754,3,490.45,completed,2024-03-27,SMB
52755,607,148.2,completed,2024-03-27,B2B
52756,338,16.67,completed,2024-03-27,SMB
52757,491,24.24,completed,2024-03-27,B2C
52758,730,756.38,completed,2024-03-27,B2B
52759,881,26.2,completed,2024-03-27,B2B
52760,833,22.07,completed,2024-03-27,B2B
52761,58,80.32,completed,2024-03-27,B2B
52762,802,537.61,completed,2024-03-27,B2B
52763,137,72.56,completed,2024-03-27,B2C
52764,164,94.12,completed,2024-03-27,B2C
52765,341,165.8,shipped,2024-03-27,B2C
52766,76,18.66,shipped,2024-03-27,SMB
52767,193,357.07,shipped,2024-03-27,Enterprise
52768,359,124.92,shipped,2024-03-27,Enterprise
52769,720,109.33,completed,2024-03-27,SMB
52770,364,310.7,completed,2024-03-27,B2C
52771,872,473.89,completed,2024-03-27,B2C
52772,825,97.6,completed,2024-03-27,B2C
52773,192,43.39,completed,2024-03-27,SMB
52774,501,268.69,completed,2024-03-27,B2C
52775,129,92.44,pending,2024-03-27,B2B
52776,154,426.27,completed,2024-03-27,B2C
52777,149,464.06,completed,2024-03-27,B2B
52778,229,33.3,cancelled,2024-03-27,SMB
52779,824,485.44,shipped,2024-03-27,B2C
52780,726,83.89,completed,2024-03-27,SMB
52781,840,170.88,pending,2024-03-27,B2C
52782,273,20.31,completed,2024-03-27,SMB
52783,587,344.58,shipped,2024-03-27,B2B
52784,155,168.91,completed,2024-03-27,Enterprise
52785,821,169.74,completed,2024-03-28,SMB
52786,288,363.69,shipped,2024-03-28,B2C
52787,401,121.5,completed,2024-03-28,B2B
52788,810,94.28,completed,2024-03-28,B2B
52789,355,316.63,completed,2024-03-28,B2B
52790,291,218.46,completed,2024-03-28,B2B
52791,233,461.32,cancelled,2024-03-28,B2C
52792,93,437.32,completed,2024-03-28,SMB
52793,1017,87.27,completed,2024-03-28,Unknown
52794,653,103.86,completed,2024-03-28,B2C
52795,853,59.35,completed,2024-03-28,B2B
52796,98,177.11,completed,2024-03-28,B2C
52797,839,83.01,completed,2024-03-28,B2C
52798,313,246.34,cancelled,2024-03-28,B2B
52799,681,34.44,completed,2024-03-28,SMB
52800,492,33.56,completed,2024-03-28,B2C
52801,12,49.31,completed,2024-03-28,Enterprise
52802,771,28.21,completed,2024-03-28,B2B
52803,878,160.15,completed,2024-03-28,B2C
52804,500,38.91,shipped,2024-03-28,Enterprise
52805,695,41.15,cancelled,2024-03-28,B2B
52806,818,17.15,completed,2024-03-28,B2C
52807,218,243.55,completed,2024-03-28,SMB
52808,565,265.93,cancelled,2024-03-28,B2C
52809,849,41.51,completed,2024-03-28,B2C
52810,315,216.79,completed,2024-03-28,SMB
52811,228,100.25,pending,2024-03-28,B2C
52812,1003,56.09,shipped,2024-03-28,Unknown
52813,767,160.69,completed,2024-03-28,SMB
52814,536,44.49,completed,2024-03-28,Enterprise
52815,22,227.13,completed,2024-03-28,B2B
52816,537,22.32,completed,2024-03-28,SMB
52817,395,494.61,shipped,2024-03-29,B2C
52818,9,26.19,completed,2024-03-29,B2C
52819,554,144.93,completed,2024-03-29,B2C
52820,573,363.72,completed,2024-03-29,B2C
52821,179,16.8,completed,2024-03-29,Enterprise
52822,483,118.53,completed,2024-03-29,B2C
52823,358,79.62,shipped,2024-03-29,B2C
52824,805,145.24,completed,2024-03-29,B2C
52825,271,53.32,completed,2024-03-29,SMB
52826,256,25.07,completed,2024-03-29,B2C
52827,583,162.5,shipped,2024-03-29,B2C
52828,164,95.9,completed,2024-03-29,B2C
52829,478,161.12,completed,2024-03-29,B2C
52830,455,50.46,completed,2024-03-29,B2B
52831,887,77.04,completed,2024-03-29,B2C
52832,291,138.72,shipped,2024-03-29,B2B
52833,541,149.88,completed,2024-03-29,Enterprise
52834,349,84.86,shipped,2024-03-29,B2C
52835,331,64.29,pending,2024-03-29,B2C
52836,279,62.97,cancelled,2024-03-29,SMB
52837,119,43.8,completed,2024-03-29,SMB
52838,357,74.05,completed,2024-03-29,B2B
52839,135,48.37,completed,2024-03-29,Enterprise
52840,824,165.69,completed,2024-03-29,B2C
52841,481,141.27,shipped,2024-03-29,B2C
52842,216,87.33,pending,2024-03-29,B2B
52843,613,74.14,completed,2024-03-29,B2C
52844,883,55.7,completed,2024-03-29,B2B
52845,13,130.01,completed,2024-03-29,SMB
52846,856,391.82,completed,2024-03-29,B2B
52847,882,188.61,shipped,2024-03-29,B2C
52848,202,219.63,completed,2024-03-29,B2B
52849,621,284.71,completed,2024-03-30,B2B
52850,63,80.0,completed,2024-03-30,SMB
52851,575,24.74,cancelled,2024-03-30,SMB
52852,73,161.15,completed,2024-03-30,B2B
52853,304,46.36,pending,2024-03-30,B2C
52854,416,141.26,shipped,2024-03-30,B2C
52855,330,216.78,completed,2024-03-30,B2B
52856,615,244.62,completed,2024-03-30,SMB
52857,294,68.9,completed,2024-03-30,B2C
52858,778,122.75,completed,2024-03-30,SMB
52859,405,160.52,pending,2024-03-30,B2C
52860,44,271.79,completed,2024-03-30,Enterprise
52861,302,229.94,completed,2024-03-30,B2C
52862,555,678.12,completed,2024-03-30,SMB
52863,857,16.22,completed,2024-03-30,B2B
52864,432,101.3,completed,2024-03-30,SMB
52865,129,59.37,completed,2024-03-30,B2B
52866,340,34.16,completed,2024-03-30,B2B
52867,660,378.74,completed,2024-03-30,B2C
52868,72,944.37,completed,2024-03-30,B2B
52869,239,44.88,completed,2024-03-30,B2C
52870,319,20.88,completed,2024-03-30,B2B
52871,156,63.25,pending,2024-03-30,B2B
52872,211,285.15,completed,2024-03-30,B2C
52873,695,67.2,completed,2024-03-30,B2B
52874,496,23.79,completed,2024-03-30,B2C
52875,385,23.09,completed,2024-03-30,SMB
52876,143,98.64,completed,2024-03-30,B2C
52877,333,417.85,cancelled,2024-03-30,B2B
52878,559,65.51,completed,2024-03-30,SMB
52879,191,98.57,completed,2024-03-30,B2B
52880,508,31.13,completed,2024-03-30,SMB
52881,90,117.06,completed,2024-03-31,B2C
52882,831,193.88,completed,2024-03-31,B2B
52883,863,62.44,completed,2024-03-31,B2C
52884,578,67.8,cancelled,2024-03-31,Enterprise
52885,614,291.75,completed,2024-03-31,B2B
52886,201,16.56,completed,2024-03-31,B2C
52887,160,166.78,pending,2024-03-31,SMB
52888,746,90.1,shipped,2024-03-31,SMB
52889,194,68.15,cancelled,2024-03-31,B2C
52890,279,175.76,completed,2024-03-31,SMB
52891,303,284.97,completed,2024-03-31,B2C
52892,400,137.6,shipped,2024-03-31,SMB
52893,195,19.74,completed,2024-03-31,B2C
52894,340,107.82,completed,2024-03-31,B2B
52895,266,108.2,shipped,2024-03-31,SMB
52896,276,132.72,completed,2024-03-31,B2C
52897,265,181.74,pending,2024-03-31,SMB
52898,792,17.93,cancelled,2024-03-31,B2C
52899,111,119.58,pending,2024-03-31,B2C
52900,495,148.12,completed,2024-03-31,B2C
52901,846,78.09,completed,2024-03-31,B2C
52902,403,180.56,shipped,2024-03-31,B2C
52903,672,53.85,cancelled,2024-03-31,SMB
52904,659,72.27,completed,2024-03-31,B2C
52905,563,508.54,completed,2024-03-31,B2B
52906,886,79.17,pending,2024-03-31,B2B
52907,663,78.81,completed,2024-03-31,B2C
52908,651,150.83,completed,2024-03-31,B2B
52909,613,545.94,completed,2024-03-31,B2C
52910,790,626.89,completed,2024-03-31,Enterprise
52911,709,145.0,shipped,2024-03-31,B2C
52912,100,15.16,completed,2024-03-31,B2B
52913,1001,361.38,completed,2024-04-01,Unknown
52914,399,141.68,completed,2024-04-01,SMB
52915,726,83.36,completed,2024-04-01,SMB
52916,498,280.09,completed,2024-04-01,B2B
52917,324,91.58,shipped,2024-04-01,B2C
52918,114,20.2,completed,2024-04-01,SMB
52919,477,273.12,completed,2024-04-01,B2B
52920,830,133.4,completed,2024-04-01,B2C
52921,95,76.91,completed,2024-04-01,SMB
52922,193,58.33,completed,2024-04-01,Enterprise
52923,424,150.14,completed,2024-04-01,B2C
52924,54,49.99,completed,2024-04-01,SMB
52925,276,73.7,completed,2024-04-01,B2C
52926,822,166.81,completed,2024-04-01,B2B
52927,651,334.98,pending,2024-04-01,B2B
52928,26,129.18,shipped,2024-04-01,SMB
52929,677,228.51,completed,2024-04-01,B2B
52930,202,230.99,completed,2024-04-01,B2B
52931,849,178.75,pending,2024-04-01,B2C
52932,272,57.32,completed,2024-04-01,SMB
52933,206,317.37,shipped,2024-04-01,B2B
52934,428,100.98,completed,2024-04-01,SMB
52935,766,21.78,completed,2024-04-01,B2C
52936,554,57.08,pending,2024-04-01,B2C
52937,528,232.58,completed,2024-04-01,B2C
52938,870,25.75,completed,2024-04-01,Enterprise
52939,726,38.91,pending,2024-04-01,SMB
52940,19,192.74,shipped,2024-04-01,B2C
52941,762,349.68,completed,2024-04-01,B2C
52942,5,165.66,completed,2024-04-01,B2B
52943,853,52.71,completed,2024-04-01,B2B
52944,527,23.23,shipped,2024-04-01,B2C
52945,804,158.23,cancelled,2024-04-02,B2C
52946,725,22.28,shipped,2024-04-02,B2C
52947,229,157.29,shipped,2024-04-02,SMB
52948,869,53.35,completed,2024-04-02,SMB
52949,259,367.54,shipped,2024-04-02,B2C
52950,751,111.68,shipped,2024-04-02,B2B
52951,672,53.03,shipped,2024-04-02,SMB
52952,43,302.75,completed,2024-04-02,B2B
52953,99,58.96,pending,2024-04-02,B2B
52954,191,69.92,completed,2024-04-02,B2B
52955,651,284.62,completed,2024-04-02,B2B
52956,540,70.4,completed,2024-04-02,B2B
52957,103,94.19,completed,2024-04-02,B2C
52958,323,79.08,completed,2024-04-02,B2C
52959,75,33.56,shipped,2024-04-02,SMB
52960,380,20.95,completed,2024-04-02,B2C
52961,619,208.4,completed,2024-04-02,SMB
52962,237,170.4,completed,2024-04-02,B2C
52963,863,64.77,pending,2024-04-02,B2C
52964,452,67.56,completed,2024-04-02,B2C
52965,626,450.08,completed,2024-04-02,B2C
52966,743,674.37,completed,2024-04-02,SMB
52967,509,111.21,completed,2024-04-02,Enterprise
52968,633,258.27,shipped,2024-04-02,B2C
52969,468,215.16,pending,2024-04-02,SMB
52970,620,67.93,shipped,2024-04-02,SMB
52971,540,24.05,completed,2024-04-02,B2B
52972,492,38.07,completed,2024-04-02,B2C
52973,857,288.3,completed,2024-04-02,B2B
52974,214,212.08,completed,2024-04-02,B2B
52975,648,178.75,completed,2024-04-02,B2C
52976,114,36.0,completed,2024-04-02,SMB
52977,525,168.22,completed,2024-04-03,SMB
52978,205,236.86,cancelled,2024-04-03,B2C
52979,800,310.56,shipped,2024-04-03,Enterprise
52980,618,17.0,completed,2024-04-03,B2C
52981,374,188.03,completed,2024-04-03,B2C
52982,443,17.89,cancelled,2024-04-03,B2C
52983,75,199.07,completed,2024-04-03,SMB
52984,675,166.43,shipped,2024-04-03,B2C
52985,495,39.09,completed,2024-04-03,B2C
52986,789,232.94,pending,2024-04-03,B2C
52987,79,25.62,shipped,2024-04-03,B2C
52988,548,277.65,completed,2024-04-03,B2C
52989,426,60.56,completed,2024-04-03,B2C
52990,596,190.12,completed,2024-04-03,B2C
52991,665,400.94,pending,2024-04-03,B2B
52992,795,77.29,completed,2024-04-03,B2B
52993,524,119.84,completed,2024-04-03,SMB
52994,87,108.3,completed,2024-04-03,SMB
52995,833,40.73,pending,2024-04-03,B2B
52996,106,148.85,shipped,2024-04-03,B2B
52997,845,218.8,completed,2024-04-03,B2B
52998,287,388.11,completed,2024-04-03,B2C
52999,715,300.37,completed,2024-04-03,B2C
53000,900,122.01,completed,2024-04-03,B2B
53001,336,205.42,completed,2024-04-03,B2B
53002,332,257.0,completed,2024-04-03,SMB
53003,500,117.03,cancelled,2024-04-03,Enterprise
53004,405,33.4,completed,2024-04-03,B2C
53005,883,101.42,shipped,2024-04-03,B2B
53006,494,292.23,completed,2024-04-03,B2B
53007,404,151.19,completed,2024-04-03,SMB
53008,552,208.35,completed,2024-04-03,SMB
53009,284,45.73,completed,2024-04-04,B2B
53010,449,515.05,completed,2024-04-04,B2C
53011,662,92.65,pending,2024-04-04,Enterprise
53012,889,174.04,completed,2024-04-04,B2B
53013,248,17.86,completed,2024-04-04,Enterprise
53014,618,35.43,pending,2024-04-04,B2C
53015,299,243.51,completed,2024-04-04,B2C
53016,100,531.16,completed,2024-04-04,B2B
53017,1020,72.86,completed,2024-04-04,Unknown
53018,428,20.68,shipped,2024-04-04,SMB
53019,7,82.15,shipped,2024-04-04,B2B
53020,883,17.64,completed,2024-04-04,B2B
53021,217,47.05,completed,2024-04-04,B2C
53022,7,224.43,shipped,2024-04-04,B2B
53023,212,429.9,pending,2024-04-04,B2C
53024,429,28.73,completed,2024-04-04,B2C
53025,858,137.43,pending,2024-04-04,B2C
53026,673,58.93,completed,2024-04-04,B2B
53027,1018,37.46,completed,2024-04-04,Unknown
53028,41,52.07,completed,2024-04-04,B2B
53029,598,144.33,completed,2024-04-04,B2B
53030,42,25.1,completed,2024-04-04,B2C
53031,497,100.43,pending,2024-04-04,B2C
53032,805,36.79,completed,2024-04-04,B2C
53033,450,62.76,completed,2024-04-04,B2B
53034,411,46.75,completed,2024-04-04,B2C
53035,25,336.81,shipped,2024-04-04,B2C
53036,803,199.66,pending,2024-04-04,B2C
53037,726,319.27,completed,2024-04-04,SMB
53038,736,87.55,completed,2024-04-04,SMB
53039,68,71.4,completed,2024-04-04,SMB
53040,58,86.85,completed,2024-04-04,B2B
53041,124,17.81,completed,2024-04-05,B2B
53042,740,208.49,completed,2024-04-05,B2C
53043,181,79.56,shipped,2024-04-05,B2C
53044,882,71.38,completed,2024-04-05,B2C
53045,29,151.75,completed,2024-04-05,B2C
53046,788,100.97,completed,2024-04-05,B2C
53047,161,608.27,completed,2024-04-05,B2C
53048,360,81.07,completed,2024-04-05,B2C
53049,527,157.75,completed,2024-04-05,B2C
53050,270,71.02,shipped,2024-04-05,B2C
53051,257,714.98,completed,2024-04-05,Enterprise
53052,499,103.35,completed,2024-04-05,Enterprise
53053,52,165.82,completed,2024-04-05,SMB
53054,611,35.33,cancelled,2024-04-05,B2B
53055,449,213.09,completed,2024-04-05,B2C
53056,163,62.04,pending,2024-04-05,B2C
53057,253,104.3,completed,2024-04-05,SMB
53058,137,337.01,completed,2024-04-05,B2C
53059,313,543.77,shipped,2024-04-05,B2B
53060,141,97.9,completed,2024-04-05,Enterprise
53061,187,285.09,completed,2024-04-05,SMB
53062,846,23.22,completed,2024-04-05,B2C
53063,25,297.16,pending,2024-04-05,B2C
53064,172,163.94,completed,2024-04-05,B2B
53065,260,115.62,completed,2024-04-05,B2B
53066,755,346.04,completed,2024-04-05,B2B
53067,593,294.98,completed,2024-04-05,B2B
53068,289,67.85,completed,2024-04-05,B2C
53069,294,250.16,completed,2024-04-05,B2C
53070,283,30.72,completed,2024-04-05,B2C
53071,117,274.54,completed,2024-04-05,SMB
53072,245,183.8,completed,2024-04-05,B2B
53073,761,28.8,completed,2024-04-06,B2B
53074,854,187.37,completed,2024-04-06,SMB
53075,884,145.31,cancelled,2024-04-06,B2B
53076,850,150.41,shipped,2024-04-06,B2C
53077,387,66.56,completed,2024-04-06,B2C
53078,265,61.49,shipped,2024-04-06,SMB
53079,81,230.66,pending,2024-04-06,SMB
53080,138,59.52,completed,2024-04-06,SMB
53081,156,103.66,completed,2024-04-06,B2B
53082,849,193.01,completed,2024-04-06,B2C
53083,724,27.44,pending,2024-04-06,SMB
53084,444,150.41,completed,2024-04-06,B2C
53085,1013,148.51,completed,2024-04-06,Unknown
53086,590,187.91,completed,2024-04-06,B2B
53087,556,84.29,shipped,2024-04-06,B2C
53088,770,104.4,completed,2024-04-06,SMB
53089,655,75.06,shipped,2024-04-06,B2C
53090,245,262.67,shipped,2024-04-06,B2B
53091,726,35.99,completed,2024-04-06,SMB
53092,620,509.34,completed,2024-04-06,SMB
53093,580,166.11,completed,2024-04-06,B2C
53094,23,341.93,pending,2024-04-06,B2C
53095,322,98.33,shipped,2024-04-06,SMB
53096,889,75.58,pending,2024-04-06,B2B
53097,276,361.48,completed,2024-04-06,B2C
53098,188,30.62,completed,2024-04-06,B2C
53099,444,33.68,completed,2024-04-06,B2C
53100,596,68.36,completed,2024-04-06,B2C
53101,360,496.99,pending,2024-04-06,B2C
53102,832,165.39,completed,2024-04-06,B2C
53103,533,136.18,completed,2024-04-06,Enterprise
53104,144,198.3,completed,2024-04-06,B2C
53105,260,96.06,completed,2024-04-07,B2B
53106,14,227.87,completed,2024-04-07,B2B
53107,182,89.94,completed,2024-04-07,B2B
53108,893,277.62,shipped,2024-04-07,SMB
53109,511,61.65,completed,2024-04-07,B2C
53110,337,63.77,completed,2024-04-07,SMB
53111,188,125.84,completed,2024-04-07,B2C
53112,243,99.52,shipped,2024-04-07,Enterprise
53113,768,171.67,completed,2024-04-07,SMB
53114,782,82.95,pending,2024-04-07,B2C
53115,760,54.31,completed,2024-04-07,SMB
53116,885,110.18,completed,2024-04-07,SMB
53117,130,138.47,completed,2024-04-07,B2C
53118,83,38.08,completed,2024-04-07,B2C
53119,661,137.03,shipped,2024-04-07,B2C
53120,212,72.69,completed,2024-04-07,B2C
53121,209,89.75,completed,2024-04-07,B2B
53122,214,64.13,completed,2024-04-07,B2B
53123,482,416.94,pending,2024-04-07,B2C
53124,677,187.49,pending,2024-04-07,B2B
53125,505,60.67,completed,2024-04-07,B2C
53126,444,170.36,completed,2024-04-07,B2C
53127,175,298.15,shipped,2024-04-07,B2C
53128,606,92.03,shipped,2024-04-07,B2C
53129,647,280.76,completed,2024-04-07,B2C
53130,267,40.16,completed,2024-04-07,B2C
53131,191,274.56,shipped,2024-04-07,B2B
53132,72,131.58,completed,2024-04-07,B2B
53133,311,52.84,completed,2024-04-07,B2C
53134,896,93.42,shipped,2024-04-07,B2B
53135,166,678.34,completed,2024-04-07,SMB
53136,49,244.56,pending,2024-04-07,B2C
53137,452,143.38,completed,2024-04-08,B2C
53138,798,33.35,pending,2024-04-08,B2C
53139,507,96.14,completed,2024-04-08,Enterprise
53140,343,60.79,shipped,2024-04-08,B2B
53141,45,26.05,completed,2024-04-08,B2C
53142,828,132.2,completed,2024-04-08,B2C
53143,318,344.98,completed,2024-04-08,B2B
53144,254,183.87,shipped,2024-04-08,B2C
53145,182,58.09,completed,2024-04-08,B2B
53146,283,142.85,completed,2024-04-08,B2C
53147,6,445.32,completed,2024-04-08,B2B
53148,381,207.51,completed,2024-04-08,B2B
53149,566,190.42,completed,2024-04-08,B2C
53150,676,532.05,cancelled,2024-04-08,Enterprise
53151,79,255.57,completed,2024-04-08,B2C
53152,352,37.04,completed,2024-04-08,SMB
53153,478,79.07,cancelled,2024-04-08,B2C
53154,617,518.47,completed,2024-04-08,B2B
53155,619,115.92,completed,2024-04-08,SMB
53156,606,32.76,completed,2024-04-08,B2C
53157,695,107.04,completed,2024-04-08,B2B
53158,242,194.1,completed,2024-04-08,Enterprise
53159,658,916.64,completed,2024-04-08,B2C
53160,682,73.71,shipped,2024-04-08,B2C
53161,210,123.26,completed,2024-04-08,B2B
53162,465,332.64,completed,2024-04-08,Enterprise
53163,111,80.84,pending,2024-04-08,B2C
53164,271,32.36,completed,2024-04-08,SMB
53165,800,461.2,pending,2024-04-08,Enterprise
53166,802,115.54,completed,2024-04-08,B2B
53167,88,119.81,completed,2024-04-08,B2C
53168,163,160.61,completed,2024-04-08,B2C
53169,1006,15.53,completed,2024-04-09,Unknown
53170,412,416.33,completed,2024-04-09,Enterprise
53171,449,82.28,completed,2024-04-09,B2C
53172,152,90.86,completed,2024-04-09,B2B
53173,873,43.69,completed,2024-04-09,B2C
53174,586,86.26,completed,2024-04-09,B2B
53175,111,259.4,completed,2024-04-09,B2C
53176,15,256.41,completed,2024-04-09,B2B
53177,423,426.86,completed,2024-04-09,B2B
53178,421,92.43,completed,2024-04-09,SMB
53179,587,200.02,completed,2024-04-09,B2B
53180,571,121.16,completed,2024-04-09,B2C
53181,890,259.46,completed,2024-04-09,B2B
53182,104,202.0,completed,2024-04-09,B2C
53183,893,83.81,cancelled,2024-04-09,SMB
53184,399,76.57,completed,2024-04-09,SMB
53185,679,58.64,completed,2024-04-09,Enterprise
53186,758,143.89,pending,2024-04-09,B2C
53187,302,512.98,pending,2024-04-09,B2C
53188,174,48.48,pending,2024-04-09,B2B
53189,355,30.01,completed,2024-04-09,B2B
53190,873,34.07,completed,2024-04-09,B2C
53191,263,244.25,shipped,2024-04-09,B2B
53192,526,79.64,shipped,2024-04-09,B2C
53193,134,53.11,completed,2024-04-09,B2C
53194,371,80.28,completed,2024-04-09,B2B
53195,207,170.49,cancelled,2024-04-09,B2B
53196,476,133.71,completed,2024-04-09,Enterprise
53197,491,219.15,completed,2024-04-09,B2C
53198,268,77.12,completed,2024-04-09,SMB
53199,59,105.23,completed,2024-04-09,B2B
53200,533,31.13,completed,2024-04-09,Enterprise
53201,663,26.38,completed,2024-04-10,B2C
53202,891,108.06,cancelled,2024-04-10,SMB
53203,450,68.84,completed,2024-04-10,B2B
53204,566,157.32,completed,2024-04-10,B2C
53205,807,21.59,shipped,2024-04-10,Enterprise
53206,855,34.48,completed,2024-04-10,B2B
53207,211,315.58,completed,2024-04-10,B2C
53208,639,140.31,completed,2024-04-10,B2C
53209,405,201.75,completed,2024-04-10,B2C
53210,313,291.75,completed,2024-04-10,B2B
53211,73,108.5,completed,2024-04-10,B2B
53212,366,229.73,pending,2024-04-10,B2C
53213,670,126.54,shipped,2024-04-10,B2C
53214,124,52.8,completed,2024-04-10,B2B
53215,228,76.8,completed,2024-04-10,B2C
53216,428,116.1,completed,2024-04-10,SMB
53217,427,72.16,completed,2024-04-10,B2C
53218,678,76.31,completed,2024-04-10,B2C
53219,540,76.74,pending,2024-04-10,B2B
53220,737,34.66,completed,2024-04-10,B2C
53221,492,28.27,completed,2024-04-10,B2C
53222,381,22.14,completed,2024-04-10,B2B
53223,370,32.64,completed,2024-04-10,B2B
53224,233,78.17,shipped,2024-04-10,B2C
53225,785,150.16,pending,2024-04-10,B2B
53226,791,46.27,completed,2024-04-10,B2B
53227,806,343.4,completed,2024-04-10,SMB
53228,592,262.84,cancelled,2024-04-10,B2C
53229,671,125.26,shipped,2024-04-10,B2B
53230,523,208.22,cancelled,2024-04-10,Enterprise
53231,780,83.43,completed,2024-04-10,B2C
53232,750,20.62,completed,2024-04-10,B2C
53233,246,367.03,completed,2024-04-11,Enterprise
53234,166,35.51,completed,2024-04-11,SMB
53235,637,458.3,shipped,2024-04-11,B2C
53236,405,142.25,completed,2024-04-11,B2C
53237,163,69.7,completed,2024-04-11,B2C
53238,85,117.64,completed,2024-04-11,B2C
53239,776,119.46,shipped,2024-04-11,B2B
53240,132,18.53,completed,2024-04-11,B2B
53241,654,80.88,completed,2024-04-11,SMB
53242,468,216.98,completed,2024-04-11,SMB
53243,803,122.02,completed,2024-04-11,B2C
53244,853,57.0,completed,2024-04-11,B2B
53245,343,76.22,completed,2024-04-11,B2B
53246,729,313.23,pending,2024-04-11,B2B
53247,763,126.84,completed,2024-04-11,B2B
53248,480,127.73,completed,2024-04-11,B2C
53249,658,503.44,cancelled,2024-04-11,B2C
53250,822,73.04,cancelled,2024-04-11,B2B
53251,587,112.96,completed,2024-04-11,B2B
53252,214,265.47,completed,2024-04-11,B2B
53253,109,228.39,completed,2024-04-11,B2B
53254,803,61.35,completed,2024-04-11,B2C
53255,823,39.57,cancelled,2024-04-11,B2C
53256,48,195.95,shipped,2024-04-11,B2C
53257,776,59.69,completed,2024-04-11,B2B
53258,652,398.96,completed,2024-04-11,B2C
53259,187,35.76,completed,2024-04-11,SMB
53260,596,72.48,completed,2024-04-11,B2C
53261,762,23.45,completed,2024-04-11,B2C
53262,855,197.26,completed,2024-04-11,B2B
53263,580,347.82,completed,2024-04-11,B2C
53264,476,166.54,completed,2024-04-11,Enterprise
53265,850,431.5,completed,2024-04-12,B2C
53266,116,35.63,completed,2024-04-12,SMB
53267,88,28.77,completed,2024-04-12,B2C
53268,550,288.41,pending,2024-04-12,SMB
53269,807,305.18,completed,2024-04-12,Enterprise
53270,141,281.71,completed,2024-04-12,Enterprise
53271,664,255.64,completed,2024-04-12,B2B
53272,445,82.47,completed,2024-04-12,SMB
53273,328,51.78,completed,2024-04-12,B2C
53274,476,411.35,completed,2024-04-12,Enterprise
53275,149,70.01,completed,2024-04-12,B2B
53276,429,91.23,completed,2024-04-12,B2C
53277,641,195.38,completed,2024-04-12,B2B
53278,390,67.08,completed,2024-04-12,SMB
53279,422,271.5,shipped,2024-04-12,SMB
53280,446,25.89,completed,2024-04-12,Enterprise
53281,519,249.94,completed,2024-04-12,Enterprise
53282,487,153.14,completed,2024-04-12,B2B
53283,260,142.64,completed,2024-04-12,B2B
53284,385,106.98,completed,2024-04-12,SMB
53285,630,63.66,completed,2024-04-12,B2C
53286,586,108.56,pending,2024-04-12,B2B
53287,806,104.68,completed,2024-04-12,SMB
53288,452,146.47,completed,2024-04-12,B2C
53289,501,64.6,completed,2024-04-12,B2C
53290,551,27.12,completed,2024-04-12,B2C
53291,542,38.51,completed,2024-04-12,B2C
53292,755,195.19,cancelled,2024-04-12,B2B
53293,606,18.41,completed,2024-04-12,B2C
53294,557,306.15,shipped,2024-04-12,B2B
53295,233,192.82,completed,2024-04-12,B2C
53296,869,234.21,shipped,2024-04-12,SMB
53297,462,286.17,pending,2024-04-13,B2C
53298,782,34.64,shipped,2024-04-13,B2C
53299,101,274.28,pending,2024-04-13,B2B
53300,146,120.37,completed,2024-04-13,B2B
53301,421,340.11,completed,2024-04-13,SMB
53302,486,341.51,completed,2024-04-13,Enterprise
53303,825,18.67,completed,2024-04-13,B2C
53304,721,87.4,pending,2024-04-13,Enterprise
53305,88,127.11,completed,2024-04-13,B2C
53306,584,185.15,completed,2024-04-13,B2C
53307,345,65.57,completed,2024-04-13,B2C
53308,608,58.58,pending,2024-04-13,B2C
53309,787,87.01,pending,2024-04-13,B2C
53310,414,119.25,completed,2024-04-13,B2C
53311,338,467.84,completed,2024-04-13,SMB
53312,477,230.39,completed,2024-04-13,B2B
53313,763,99.14,completed,2024-04-13,B2B
53314,35,23.38,completed,2024-04-13,Enterprise
53315,202,42.68,completed,2024-04-13,B2B
53316,620,106.3,completed,2024-04-13,SMB
53317,168,267.16,completed,2024-04-13,B2B
53318,658,86.87,completed,2024-04-13,B2C
53319,477,130.99,shipped,2024-04-13,B2B
53320,834,348.57,shipped,2024-04-13,B2B
53321,644,382.66,completed,2024-04-13,B2C
53322,393,51.46,shipped,2024-04-13,B2C
53323,676,21.69,completed,2024-04-13,Enterprise
53324,44,69.67,completed,2024-04-13,Enterprise
53325,457,193.51,completed,2024-04-13,B2B
53326,28,467.73,shipped,2024-04-13,B2C
53327,333,27.02,completed,2024-04-13,B2B
53328,817,19.33,completed,2024-04-13,B2C
53329,270,338.32,completed,2024-04-14,B2C
53330,429,221.84,shipped,2024-04-14,B2C
53331,537,743.98,shipped,2024-04-14,SMB
53332,689,90.82,completed,2024-04-14,SMB
53333,69,95.69,shipped,2024-04-14,B2B
53334,890,43.37,completed,2024-04-14,B2B
53335,431,33.47,cancelled,2024-04-14,B2B
53336,559,144.67,shipped,2024-04-14,SMB
53337,502,82.95,completed,2024-04-14,B2C
53338,8,27.56,shipped,2024-04-14,SMB
53339,571,342.04,completed,2024-04-14,B2C
53340,412,48.16,cancelled,2024-04-14,Enterprise
53341,614,222.1,shipped,2024-04-14,B2B
53342,12,64.74,completed,2024-04-14,Enterprise
53343,422,266.42,completed,2024-04-14,SMB
53344,325,33.9,completed,2024-04-14,Enterprise
53345,13,226.63,shipped,2024-04-14,SMB
53346,151,30.49,shipped,2024-04-14,Enterprise
53347,864,103.84,completed,2024-04-14,B2C
53348,509,213.64,completed,2024-04-14,Enterprise
53349,546,43.53,completed,2024-04-14,B2C
53350,352,65.46,completed,2024-04-14,SMB
53351,764,315.11,completed,2024-04-14,SMB
53352,368,339.58,completed,2024-04-14,Enterprise
53353,454,21.9,completed,2024-04-14,Enterprise
53354,492,42.6,completed,2024-04-14,B2C
53355,858,33.74,completed,2024-04-14,B2C
53356,681,44.71,pending,2024-04-14,SMB
53357,289,541.93,completed,2024-04-14,B2C
53358,44,135.33,completed,2024-04-14,Enterprise
53359,414,109.7,completed,2024-04-14,B2C
53360,784,639.72,completed,2024-04-14,B2C
53361,193,137.11,completed,2024-04-15,Enterprise
53362,632,177.32,completed,2024-04-15,SMB
53363,409,75.69,completed,2024-04-15,Enterprise
53364,53,87.22,shipped,2024-04-15,Enterprise
53365,314,150.36,completed,2024-04-15,Enterprise
53366,465,25.85,completed,2024-04-15,Enterprise
53367,390,59.33,completed,2024-04-15,SMB
53368,876,47.87,completed,2024-04-15,B2B
53369,794,17.4,shipped,2024-04-15,B2C
53370,406,130.47,shipped,2024-04-15,SMB
53371,869,138.51,completed,2024-04-15,SMB
53372,631,87.66,completed,2024-04-15,SMB
53373,520,61.95,pending,2024-04-15,B2B
53374,200,173.36,completed,2024-04-15,SMB
53375,273,36.69,completed,2024-04-15,SMB
53376,403,124.66,completed,2024-04-15,B2C
53377,348,234.2,completed,2024-04-15,B2B
53378,104,41.92,shipped,2024-04-15,B2C
53379,401,224.91,completed,2024-04-15,B2B
53380,43,229.56,completed,2024-04-15,B2B
53381,785,24.27,completed,2024-04-15,B2B
53382,396,17.84,pending,2024-04-15,Enterprise
53383,736,562.08,completed,2024-04-15,SMB
53384,127,47.24,shipped,2024-04-15,SMB
53385,607,274.01,completed,2024-04-15,B2B
53386,718,138.78,shipped,2024-04-15,Enterprise
53387,111,61.08,completed,2024-04-15,B2C
53388,216,35.88,completed,2024-04-15,B2B
53389,267,117.98,completed,2024-04-15,B2C
53390,234,93.47,pending,2024-04-15,B2C
53391,813,195.04,completed,2024-04-15,B2B
53392,562,366.77,completed,2024-04-15,B2B
53393,379,260.4,completed,2024-04-16,SMB
53394,569,63.12,completed,2024-04-16,Enterprise
53395,32,331.71,shipped,2024-04-16,B2B
53396,587,283.82,completed,2024-04-16,B2B
53397,413,412.05,shipped,2024-04-16,Enterprise
53398,19,107.06,completed,2024-04-16,B2C
53399,499,234.53,cancelled,2024-04-16,Enterprise
53400,635,149.35,completed,2024-04-16,B2B
53401,271,70.77,completed,2024-04-16,SMB
53402,390,793.58,completed,2024-04-16,SMB
53403,219,20.86,shipped,2024-04-16,B2C
53404,864,41.56,completed,2024-04-16,B2C
53405,884,349.6,completed,2024-04-16,B2B
53406,267,24.37,pending,2024-04-16,B2C
53407,711,341.82,pending,2024-04-16,SMB
53408,222,203.41,shipped,2024-04-16,B2C
53409,817,20.61,completed,2024-04-16,B2C
53410,771,99.14,completed,2024-04-16,B2B
53411,369,225.65,shipped,2024-04-16,B2B
53412,573,146.24,completed,2024-04-16,B2C
53413,637,427.03,completed,2024-04-16,B2C
53414,549,318.34,completed,2024-04-16,B2C
53415,638,75.67,cancelled,2024-04-16,B2B
53416,184,28.26,completed,2024-04-16,SMB
53417,247,448.05,shipped,2024-04-16,B2C
53418,632,124.25,completed,2024-04-16,SMB
53419,343,26.6,shipped,2024-04-16,B2B
53420,232,269.39,completed,2024-04-16,B2C
53421,226,319.32,completed,2024-04-16,B2B
53422,113,168.01,completed,2024-04-16,Enterprise
53423,225,104.0,shipped,2024-04-16,B2C
53424,757,177.78,completed,2024-04-16,B2C
53425,38,198.98,shipped,2024-04-17,B2B
53426,33,350.28,completed,2024-04-17,B2B
53427,277,483.06,completed,2024-04-17,SMB
53428,785,123.33,completed,2024-04-17,B2B
53429,175,255.29,completed,2024-04-17,B2C
53430,440,515.77,shipped,2024-04-17,B2B
53431,465,39.6,completed,2024-04-17,Enterprise
53432,237,17.77,cancelled,2024-04-17,B2C
53433,434,319.84,cancelled,2024-04-17,B2B
53434,569,47.59,completed,2024-04-17,Enterprise
53435,173,21.51,completed,2024-04-17,B2C
53436,500,41.17,completed,2024-04-17,Enterprise
53437,763,87.7,cancelled,2024-04-17,B2B
53438,544,52.13,completed,2024-04-17,B2C
53439,154,69.63,completed,2024-04-17,B2C
53440,640,570.11,shipped,2024-04-17,B2C
53441,354,197.82,completed,2024-04-17,B2B
53442,381,201.82,completed,2024-04-17,B2B
53443,194,29.92,completed,2024-04-17,B2C
53444,658,212.57,completed,2024-04-17,B2C
53445,69,216.68,completed,2024-04-17,B2B
53446,237,176.71,completed,2024-04-17,B2C
53447,367,53.9,pending,2024-04-17,Enterprise
53448,431,97.5,completed,2024-04-17,B2B
53449,491,295.89,completed,2024-04-17,B2C
53450,682,181.39,completed,2024-04-17,B2C
53451,653,212.95,completed,2024-04-17,B2C
53452,710,147.78,completed,2024-04-17,B2C
53453,544,104.56,completed,2024-04-17,B2C
53454,313,228.48,completed,2024-04-17,B2B
53455,850,25.55,completed,2024-04-17,B2C
53456,404,182.74,completed,2024-04-17,SMB
53457,533,896.96,completed,2024-04-18,Enterprise
53458,596,242.25,completed,2024-04-18,B2C
53459,127,66.49,completed,2024-04-18,SMB
53460,366,63.82,completed,2024-04-18,B2C
53461,722,180.04,completed,2024-04-18,B2B
53462,686,354.29,completed,2024-04-18,B2C
53463,651,144.39,completed,2024-04-18,B2B
53464,765,127.43,shipped,2024-04-18,B2B
53465,533,41.22,completed,2024-04-18,Enterprise
53466,66,203.53,completed,2024-04-18,B2C
53467,894,196.75,completed,2024-04-18,B2C
53468,501,526.47,pending,2024-04-18,B2C
53469,655,68.54,completed,2024-04-18,B2C
53470,223,226.86,shipped,2024-04-18,B2B
53471,602,100.39,shipped,2024-04-18,B2C
53472,645,137.63,completed,2024-04-18,B2B
53473,663,269.29,completed,2024-04-18,B2C
53474,549,52.65,completed,2024-04-18,B2C
53475,249,77.98,completed,2024-04-18,Enterprise
53476,773,237.62,completed,2024-04-18,B2B
53477,277,141.76,shipped,2024-04-18,SMB
53478,783,29.55,completed,2024-04-18,B2C
53479,108,99.37,completed,2024-04-18,SMB
53480,301,147.51,shipped,2024-04-18,B2B
53481,536,375.39,completed,2024-04-18,Enterprise
53482,507,46.33,cancelled,2024-04-18,Enterprise
53483,441,260.95,completed,2024-04-18,B2B
53484,611,36.0,completed,2024-04-18,B2B
53485,504,56.61,completed,2024-04-18,SMB
53486,727,56.83,shipped,2024-04-18,B2B
53487,1008,329.92,completed,2024-04-18,Unknown
53488,818,48.29,pending,2024-04-18,B2C
53489,401,246.94,completed,2024-04-19,B2B
53490,111,107.93,pending,2024-04-19,B2C
53491,720,1065.44,shipped,2024-04-19,SMB
53492,305,289.04,pending,2024-04-19,SMB
53493,66,216.89,completed,2024-04-19,B2C
53494,111,321.87,completed,2024-04-19,B2C
53495,618,165.78,completed,2024-04-19,B2C
53496,830,293.35,completed,2024-04-19,B2C
53497,529,60.39,completed,2024-04-19,B2B
53498,614,30.42,shipped,2024-04-19,B2B
53499,657,158.54,completed,2024-04-19,B2C
53500,880,100.56,pending,2024-04-19,B2B
53501,504,98.38,completed,2024-04-19,SMB
53502,653,127.22,completed,2024-04-19,B2C
53503,113,82.27,completed,2024-04-19,Enterprise
53504,891,162.55,shipped,2024-04-19,SMB
53505,485,19.66,completed,2024-04-19,B2C
53506,649,540.44,pending,2024-04-19,SMB
53507,58,402.96,completed,2024-04-19,B2B
53508,787,425.63,pending,2024-04-19,B2C
53509,137,83.12,completed,2024-04-19,B2C
53510,250,128.86,completed,2024-04-19,SMB
53511,813,477.29,completed,2024-04-19,B2B
53512,742,363.95,shipped,2024-04-19,B2C
53513,699,249.27,completed,2024-04-19,B2B
53514,852,93.47,pending,2024-04-19,SMB
53515,280,139.63,completed,2024-04-19,SMB
53516,311,251.19,shipped,2024-04-19,B2C
53517,191,62.83,completed,2024-04-19,B2B
53518,424,162.71,completed,2024-04-19,B2C
53519,97,278.98,completed,2024-04-19,B2C
53520,363,199.37,pending,2024-04-19,B2C
53521,331,112.94,cancelled,2024-04-20,B2C
53522,892,146.78,completed,2024-04-20,SMB
53523,593,687.12,pending,2024-04-20,B2B
53524,610,153.19,completed,2024-04-20,B2C
53525,808,246.0,shipped,2024-04-20,Enterprise
53526,460,209.53,completed,2024-04-20,B2B
53527,802,196.34,completed,2024-04-20,B2B
53528,113,204.01,completed,2024-04-20,Enterprise
53529,199,105.88,completed,2024-04-20,SMB
53530,868,111.41,completed,2024-04-20,B2B
53531,285,109.63,shipped,2024-04-20,B2C
53532,347,20.07,completed,2024-04-20,B2C
53533,252,56.38,pending,2024-04-20,B2C
53534,111,40.19,shipped,2024-04-20,B2C
53535,568,341.32,completed,2024-04-20,B2C
53536,69,63.23,completed,2024-04-20,B2B
53537,602,37.35,completed,2024-04-20,B2C
53538,226,34.14,pending,2024-04-20,B2B
53539,329,195.59,cancelled,2024-04-20,B2C
53540,843,15.92,shipped,2024-04-20,B2B
53541,707,110.6,completed,2024-04-20,B2C
53542,65,33.98,shipped,2024-04-20,B2C
53543,767,299.23,completed,2024-04-20,SMB
53544,664,492.13,completed,2024-04-20,B2B
53545,321,493.23,completed,2024-04-20,B2C
53546,156,102.5,pending,2024-04-20,B2B
53547,725,170.14,cancelled,2024-04-20,B2C
53548,278,152.33,completed,2024-04-20,B2C
53549,784,79.63,shipped,2024-04-20,B2C
53550,367,103.07,pending,2024-04-20,Enterprise
53551,649,24.97,completed,2024-04-20,SMB
53552,425,253.22,completed,2024-04-20,B2B
53553,778,56.32,completed,2024-04-21,SMB
53554,798,107.57,completed,2024-04-21,B2C
53555,303,113.27,completed,2024-04-21,B2C
53556,383,138.39,completed,2024-04-21,B2C
53557,1019,270.46,shipped,2024-04-21,Unknown
53558,597,191.59,completed,2024-04-21,B2C
53559,748,178.18,completed,2024-04-21,B2C
53560,193,127.22,completed,2024-04-21,Enterprise
53561,40,30.13,completed,2024-04-21,B2C
53562,308,92.13,cancelled,2024-04-21,B2C
53563,102,488.09,completed,2024-04-21,B2C
53564,488,827.16,completed,2024-04-21,B2C
53565,109,211.68,pending,2024-04-21,B2B
53566,698,53.72,completed,2024-04-21,B2C
53567,182,31.12,shipped,2024-04-21,B2B
53568,332,95.36,completed,2024-04-21,SMB
53569,430,306.29,completed,2024-04-21,B2B
53570,800,206.95,pending,2024-04-21,Enterprise
53571,497,337.99,completed,2024-04-21,B2C
53572,708,158.48,completed,2024-04-21,SMB
53573,221,35.95,completed,2024-04-21,B2C
53574,489,33.29,completed,2024-04-21,Enterprise
53575,604,22.38,pending,2024-04-21,B2B
53576,360,140.58,shipped,2024-04-21,B2C
53577,48,56.74,completed,2024-04-21,B2C
53578,700,213.86,completed,2024-04-21,B2C
53579,360,188.87,shipped,2024-04-21,B2C
53580,188,72.43,pending,2024-04-21,B2C
53581,561,44.18,completed,2024-04-21,SMB
53582,164,31.2,pending,2024-04-21,B2C
53583,534,215.52,completed,2024-04-21,B2C
53584,75,104.8,completed,2024-04-21,SMB
53585,190,73.63,cancelled,2024-04-22,B2B
53586,383,306.37,completed,2024-04-22,B2C
53587,65,150.07,completed,2024-04-22,B2C
53588,700,124.47,completed,2024-04-22,B2C
53589,265,219.02,completed,2024-04-22,SMB
53590,76,268.58,completed,2024-04-22,SMB
53591,443,188.79,shipped,2024-04-22,B2C
53592,155,101.97,completed,2024-04-22,Enterprise
53593,319,86.54,completed,2024-04-22,B2B
53594,702,236.54,completed,2024-04-22,B2B
53595,567,124.44,completed,2024-04-22,B2C
53596,500,197.81,completed,2024-04-22,Enterprise
53597,720,346.64,completed,2024-04-22,SMB
53598,296,386.35,completed,2024-04-22,B2C
53599,495,63.8,cancelled,2024-04-22,B2C
53600,125,46.22,completed,2024-04-22,B2B
53601,362,60.43,pending,2024-04-22,B2C
53602,182,223.77,completed,2024-04-22,B2B
53603,827,84.32,shipped,2024-04-22,B2C
53604,93,43.56,completed,2024-04-22,SMB
53605,846,30.54,shipped,2024-04-22,B2C
53606,438,74.47,completed,2024-04-22,SMB
53607,258,36.95,cancelled,2024-04-22,B2C
53608,835,40.51,completed,2024-04-22,B2C
53609,1,187.75,shipped,2024-04-22,B2C
53610,841,17.99,pending,2024-04-22,B2B
53611,206,33.76,shipped,2024-04-22,B2B
53612,670,294.04,completed,2024-04-22,B2C
53613,225,294.57,completed,2024-04-22,B2C
53614,131,74.9,pending,2024-04-22,B2C
53615,1014,28.81,completed,2024-04-22,Unknown
53616,547,198.1,completed,2024-04-22,B2B
53617,122,81.97,completed,2024-04-23,SMB
53618,321,21.98,completed,2024-04-23,B2C
53619,471,40.77,completed,2024-04-23,B2B
53620,714,37.14,completed,2024-04-23,B2C
53621,205,148.42,completed,2024-04-23,B2C
53622,290,357.59,completed,2024-04-23,B2C
53623,660,251.31,completed,2024-04-23,B2C
53624,138,133.62,shipped,2024-04-23,SMB
53625,704,97.27,completed,2024-04-23,B2B
53626,540,159.62,completed,2024-04-23,B2B
53627,329,103.0,completed,2024-04-23,B2C
53628,613,57.37,cancelled,2024-04-23,B2C
53629,656,185.54,completed,2024-04-23,B2B
53630,528,324.82,completed,2024-04-23,B2C
53631,61,84.99,completed,2024-04-23,B2C
53632,452,291.34,completed,2024-04-23,B2C
53633,248,99.6,completed,2024-04-23,Enterprise
53634,74,91.96,shipped,2024-04-23,SMB
53635,171,19.31,completed,2024-04-23,B2C
53636,63,193.25,completed,2024-04-23,SMB
53637,22,262.15,completed,2024-04-23,B2B
53638,365,178.4,pending,2024-04-23,Enterprise
53639,572,39.62,completed,2024-04-23,SMB
53640,74,31.35,completed,2024-04-23,SMB
53641,77,142.6,completed,2024-04-23,SMB
53642,25,92.0,completed,2024-04-23,B2C
53643,375,99.08,shipped,2024-04-23,B2B
53644,33,530.37,completed,2024-04-23,B2B
53645,872,208.06,completed,2024-04-23,B2C
53646,17,94.6,completed,2024-04-23,B2C
53647,307,17.89,completed,2024-04-23,B2C
53648,332,20.2,completed,2024-04-23,SMB
53649,629,188.18,pending,2024-04-24,B2B
53650,407,287.78,completed,2024-04-24,B2C
53651,78,199.5,completed,2024-04-24,B2B
53652,144,93.1,completed,2024-04-24,B2C
53653,425,19.74,shipped,2024-04-24,B2B
53654,179,528.52,completed,2024-04-24,Enterprise
53655,240,658.95,cancelled,2024-04-24,B2B
53656,94,134.56,completed,2024-04-24,B2C
53657,383,25.99,completed,2024-04-24,B2C
53658,630,131.8,completed,2024-04-24,B2C
53659,833,349.31,completed,2024-04-24,B2B
53660,10,185.91,completed,2024-04-24,SMB
53661,25,205.94,completed,2024-04-24,B2C
53662,363,28.32,completed,2024-04-24,B2C
53663,406,31.89,completed,2024-04-24,SMB
53664,339,35.43,completed,2024-04-24,B2C
53665,372,367.1,completed,2024-04-24,B2B
53666,890,126.93,shipped,2024-04-24,B2B
53667,813,250.23,completed,2024-04-24,B2B
53668,856,33.37,shipped,2024-04-24,B2B
53669,1007,408.92,completed,2024-04-24,Unknown
53670,229,273.17,completed,2024-04-24,SMB
53671,303,53.19,cancelled,2024-04-24,B2C
53672,324,325.94,completed,2024-04-24,B2C
53673,19,60.87,completed,2024-04-24,B2C
53674,339,49.48,completed,2024-04-24,B2C
53675,262,61.03,completed,2024-04-24,Enterprise
53676,195,376.12,shipped,2024-04-24,B2C
53677,475,385.81,pending,2024-04-24,B2C
53678,833,74.85,completed,2024-04-24,B2B
53679,734,198.34,completed,2024-04-24,B2C
53680,1,183.93,shipped,2024-04-24,B2C
53681,669,261.42,completed,2024-04-25,B2B
53682,56,67.76,completed,2024-04-25,Enterprise
53683,113,122.04,completed,2024-04-25,Enterprise
53684,68,180.25,completed,2024-04-25,SMB
53685,189,18.99,shipped,2024-04-25,B2C
53686,118,85.92,completed,2024-04-25,B2B
53687,262,193.55,completed,2024-04-25,Enterprise
53688,69,58.67,completed,2024-04-25,B2B
53689,140,489.46,shipped,2024-04-25,Enterprise
53690,702,19.59,completed,2024-04-25,B2B
53691,195,490.82,shipped,2024-04-25,B2C
53692,771,51.65,shipped,2024-04-25,B2B
53693,756,22.51,completed,2024-04-25,SMB
53694,544,66.9,completed,2024-04-25,B2C
53695,139,246.46,completed,2024-04-25,B2C
53696,395,224.42,shipped,2024-04-25,B2C
53697,512,50.14,pending,2024-04-25,B2C
53698,591,47.87,completed,2024-04-25,B2B
53699,292,169.33,completed,2024-04-25,B2B
53700,551,106.9,completed,2024-04-25,B2C
53701,384,250.74,shipped,2024-04-25,SMB
53702,343,18.66,completed,2024-04-25,B2B
53703,618,156.4,completed,2024-04-25,B2C
53704,799,211.77,completed,2024-04-25,B2C
53705,720,767.79,completed,2024-04-25,SMB
53706,30,185.35,completed,2024-04-25,B2B
53707,649,54.56,completed,2024-04-25,SMB
53708,574,32.17,completed,2024-04-25,B2C
53709,387,168.63,completed,2024-04-25,B2C
53710,641,126.09,pending,2024-04-25,B2B
53711,293,359.11,completed,2024-04-25,SMB
53712,43,209.53,completed,2024-04-25,B2B
53713,847,121.92,completed,2024-04-26,B2B
53714,239,92.52,completed,2024-04-26,B2C
53715,259,92.72,completed,2024-04-26,B2C
53716,327,53.49,cancelled,2024-04-26,B2C
53717,173,17.62,completed,2024-04-26,B2C
53718,84,143.32,completed,2024-04-26,B2B
53719,540,50.82,completed,2024-04-26,B2B
53720,511,50.04,completed,2024-04-26,B2C
53721,567,35.1,completed,2024-04-26,B2C
53722,768,46.53,pending,2024-04-26,SMB
53723,261,19.85,completed,2024-04-26,B2C
53724,412,183.24,completed,2024-04-26,Enterprise
53725,790,91.97,cancelled,2024-04-26,Enterprise
53726,361,138.67,completed,2024-04-26,B2C
53727,120,166.99,completed,2024-04-26,B2C
53728,226,553.95,completed,2024-04-26,B2B
53729,728,25.61,completed,2024-04-26,SMB
53730,421,96.17,completed,2024-04-26,SMB
53731,207,57.33,shipped,2024-04-26,B2B
53732,417,112.14,shipped,2024-04-26,B2C
53733,747,394.75,shipped,2024-04-26,B2C
53734,772,208.09,completed,2024-04-26,SMB
53735,1005,177.68,shipped,2024-04-26,Unknown
53736,586,102.31,completed,2024-04-26,B2B
53737,1,181.81,completed,2024-04-26,B2C
53738,277,19.94,completed,2024-04-26,SMB
53739,728,147.37,completed,2024-04-26,SMB
53740,66,136.04,pending,2024-04-26,B2C
53741,443,78.84,completed,2024-04-26,B2C
53742,866,48.76,shipped,2024-04-26,B2C
53743,495,262.19,completed,2024-04-26,B2C
53744,1016,23.31,completed,2024-04-26,Unknown
53745,330,25.83,completed,2024-04-27,B2B
53746,871,102.11,completed,2024-04-27,B2C
53747,791,58.66,shipped,2024-04-27,B2B
53748,505,220.24,completed,2024-04-27,B2C
53749,654,165.85,cancelled,2024-04-27,SMB
53750,559,237.11,completed,2024-04-27,SMB
53751,144,73.89,completed,2024-04-27,B2C
53752,582,217.36,completed,2024-04-27,Enterprise
53753,836,312.41,shipped,2024-04-27,B2C
53754,300,78.53,completed,2024-04-27,B2B
53755,590,77.3,completed,2024-04-27,B2B
53756,156,360.31,completed,2024-04-27,B2B
53757,797,22.66,completed,2024-04-27,Enterprise
53758,359,79.66,completed,2024-04-27,Enterprise
53759,74,33.95,completed,2024-04-27,SMB
53760,313,19.41,completed,2024-04-27,B2B
53761,310,32.96,completed,2024-04-27,B2C
53762,742,99.65,completed,2024-04-27,B2C
53763,553,189.21,completed,2024-04-27,B2C
53764,807,66.22,completed,2024-04-27,Enterprise
53765,28,299.24,completed,2024-04-27,B2C
53766,537,101.34,completed,2024-04-27,SMB
53767,434,532.38,completed,2024-04-27,B2B
53768,868,477.38,completed,2024-04-27,B2B
53769,756,237.6,completed,2024-04-27,SMB
53770,579,419.13,completed,2024-04-27,B2C
53771,455,199.19,completed,2024-04-27,B2B
53772,849,353.9,completed,2024-04-27,B2C
53773,298,55.47,shipped,2024-04-27,B2B
53774,784,78.56,completed,2024-04-27,B2C
53775,844,224.71,completed,2024-04-27,Enterprise
53776,614,97.89,completed,2024-04-27,B2B
53777,683,287.4,completed,2024-04-28,B2B
53778,720,330.12,completed,2024-04-28,SMB
53779,50,68.44,shipped,2024-04-28,B2B
53780,515,275.12,completed,2024-04-28,B2B
53781,629,40.13,cancelled,2024-04-28,B2B
53782,182,76.01,completed,2024-04-28,B2B
53783,230,124.46,shipped,2024-04-28,B2C
53784,588,53.51,shipped,2024-04-28,B2B
53785,467,144.86,completed,2024-04-28,B2C
53786,353,144.66,completed,2024-04-28,B2C
53787,141,49.77,completed,2024-04-28,Enterprise
53788,407,253.18,pending,2024-04-28,B2C
53789,563,164.81,completed,2024-04-28,B2B
53790,795,72.36,completed,2024-04-28,B2B
53791,596,54.63,completed,2024-04-28,B2C
53792,867,331.49,completed,2024-04-28,B2B
53793,1006,285.95,pending,2024-04-28,Unknown
53794,683,54.16,completed,2024-04-28,B2B
53795,442,20.44,completed,2024-04-28,Enterprise
53796,547,259.85,completed,2024-04-28,B2B
53797,472,158.38,completed,2024-04-28,Enterprise
53798,372,30.95,shipped,2024-04-28,B2B
53799,769,147.78,pending,2024-04-28,B2C
53800,190,105.27,completed,2024-04-28,B2B
53801,83,238.45,completed,2024-04-28,B2C
53802,325,50.18,pending,2024-04-28,Enterprise
53803,524,105.54,completed,2024-04-28,SMB
53804,781,40.48,completed,2024-04-28,B2C
53805,210,488.83,completed,2024-04-28,B2B
53806,851,241.26,completed,2024-04-28,B2B
53807,368,215.18,completed,2024-04-28,Enterprise
53808,318,190.78,cancelled,2024-04-28,B2B
53809,776,97.57,completed,2024-04-29,B2B
53810,427,400.14,completed,2024-04-29,B2C
53811,172,26.36,completed,2024-04-29,B2B
53812,241,258.88,shipped,2024-04-29,Enterprise
53813,686,51.36,completed,2024-04-29,B2C
53814,885,73.74,completed,2024-04-29,SMB
53815,75,124.92,completed,2024-04-29,SMB
53816,793,243.94,shipped,2024-04-29,B2C
53817,204,288.52,completed,2024-04-29,SMB
53818,804,146.46,completed,2024-04-29,B2C
53819,851,92.38,completed,2024-04-29,B2B
53820,355,454.22,completed,2024-04-29,B2B
53821,429,57.46,cancelled,2024-04-29,B2C
53822,379,258.75,completed,2024-04-29,SMB
53823,779,157.03,completed,2024-04-29,SMB
53824,20,85.96,completed,2024-04-29,B2C
53825,785,15.21,completed,2024-04-29,B2B
53826,709,103.75,completed,2024-04-29,B2C
53827,206,63.59,shipped,2024-04-29,B2B
53828,304,31.53,completed,2024-04-29,B2C
53829,548,26.72,completed,2024-04-29,B2C
53830,302,79.06,cancelled,2024-04-29,B2C
53831,7,158.08,completed,2024-04-29,B2B
53832,243,287.58,completed,2024-04-29,Enterprise
53833,138,45.42,completed,2024-04-29,SMB
53834,143,97.91,shipped,2024-04-29,B2C
53835,131,89.63,completed,2024-04-29,B2C
53836,519,123.05,completed,2024-04-29,Enterprise
53837,104,263.78,completed,2024-04-29,B2C
53838,177,136.0,completed,2024-04-29,B2C
53839,536,296.26,completed,2024-04-29,Enterprise
53840,329,124.64,completed,2024-04-29,B2C
53841,701,153.89,completed,2024-04-30,B2C
53842,313,101.27,completed,2024-04-30,B2B
53843,734,274.82,pending,2024-04-30,B2C
53844,749,401.21,completed,2024-04-30,Enterprise
53845,69,167.89,completed,2024-04-30,B2B
53846,474,272.87,completed,2024-04-30,SMB
53847,10,24.12,completed,2024-04-30,SMB
53848,436,369.85,completed,2024-04-30,SMB
53849,340,46.41,completed,2024-04-30,B2B
53850,791,59.46,completed,2024-04-30,B2B
53851,598,23.22,completed,2024-04-30,B2B
53852,865,519.59,completed,2024-04-30,B2C
53853,436,301.59,completed,2024-04-30,SMB
53854,362,381.6,completed,2024-04-30,B2C
53855,889,296.81,completed,2024-04-30,B2B
53856,852,112.95,completed,2024-04-30,SMB
53857,36,401.72,pending,2024-04-30,SMB
53858,612,538.37,pending,2024-04-30,SMB
53859,150,119.74,completed,2024-04-30,B2C
53860,734,43.97,completed,2024-04-30,B2C
53861,480,176.21,completed,2024-04-30,B2C
53862,149,570.98,completed,2024-04-30,B2B
53863,60,323.53,cancelled,2024-04-30,B2C
53864,673,311.87,completed,2024-04-30,B2B
53865,371,422.3,completed,2024-04-30,B2B
53866,391,351.58,pending,2024-04-30,Enterprise
53867,145,239.61,completed,2024-04-30,B2C
53868,333,205.02,completed,2024-04-30,B2B
53869,756,61.14,completed,2024-04-30,SMB
53870,268,160.67,completed,2024-04-30,SMB
53871,113,125.56,completed,2024-04-30,Enterprise
53872,192,312.01,shipped,2024-04-30,SMB
53873,162,116.51,completed,2024-05-01,B2C
53874,1008,35.5,completed,2024-05-01,Unknown
53875,662,15.75,pending,2024-05-01,Enterprise
53876,127,184.92,completed,2024-05-01,SMB
53877,789,134.75,completed,2024-05-01,B2C
53878,116,75.29,completed,2024-05-01,SMB
53879,729,42.76,completed,2024-05-01,B2B
53880,460,109.3,completed,2024-05-01,B2B
53881,568,30.85,shipped,2024-05-01,B2C
53882,383,76.45,completed,2024-05-01,B2C
53883,774,86.51,completed,2024-05-01,B2C
53884,506,109.0,completed,2024-05-01,B2B
53885,210,109.28,pending,2024-05-01,B2B
53886,213,59.56,completed,2024-05-01,B2C
53887,899,299.78,pending,2024-05-01,B2B
53888,345,80.9,completed,2024-05-01,B2C
53889,330,54.12,shipped,2024-05-01,B2B
53890,245,44.0,pending,2024-05-01,B2B
53891,573,73.42,shipped,2024-05-01,B2C
53892,104,25.49,completed,2024-05-01,B2C
53893,623,20.02,completed,2024-05-01,B2C
53894,820,154.38,completed,2024-05-01,B2C
53895,127,159.8,completed,2024-05-01,SMB
53896,77,128.12,shipped,2024-05-01,SMB
53897,814,230.5,completed,2024-05-01,Enterprise
53898,729,20.99,completed,2024-05-01,B2B
53899,223,427.27,completed,2024-05-01,B2B
53900,245,29.98,completed,2024-05-01,B2B
53901,79,183.14,completed,2024-05-01,B2C
53902,638,36.48,completed,2024-05-01,B2B
53903,602,332.92,shipped,2024-05-01,B2C
53904,496,122.22,completed,2024-05-01,B2C
53905,650,27.88,completed,2024-05-02,B2C
53906,379,158.85,completed,2024-05-02,SMB
53907,330,16.37,pending,2024-05-02,B2B
53908,206,239.43,completed,2024-05-02,B2B
53909,345,172.72,completed,2024-05-02,B2C
53910,314,50.86,completed,2024-05-02,Enterprise
53911,721,85.44,completed,2024-05-02,Enterprise
53912,3,16.18,completed,2024-05-02,SMB
53913,58,192.47,shipped,2024-05-02,B2B
53914,220,73.44,completed,2024-05-02,SMB
53915,308,142.15,completed,2024-05-02,B2C
53916,746,486.04,completed,2024-05-02,SMB
53917,1016,68.39,completed,2024-05-02,Unknown
53918,235,709.39,completed,2024-05-02,B2B
53919,391,165.25,shipped,2024-05-02,Enterprise
53920,757,56.58,completed,2024-05-02,B2C
53921,821,101.11,completed,2024-05-02,SMB
53922,631,217.32,completed,2024-05-02,SMB
53923,82,103.72,shipped,2024-05-02,B2C
53924,142,25.65,completed,2024-05-02,B2C
53925,831,42.7,completed,2024-05-02,B2B
53926,278,250.03,completed,2024-05-02,B2C
53927,868,171.78,cancelled,2024-05-02,B2B
53928,877,141.53,completed,2024-05-02,SMB
53929,65,42.52,completed,2024-05-02,B2C
53930,485,287.8,shipped,2024-05-02,B2C
53931,180,500.63,completed,2024-05-02,B2B
53932,499,21.26,completed,2024-05-02,Enterprise
53933,550,27.19,completed,2024-05-02,SMB
53934,327,339.06,completed,2024-05-02,B2C
53935,401,268.56,completed,2024-05-02,B2B
53936,710,159.32,cancelled,2024-05-02,B2C
53937,836,449.97,shipped,2024-05-03,B2C
53938,645,170.95,shipped,2024-05-03,B2B
53939,458,51.5,completed,2024-05-03,B2C
53940,658,210.65,completed,2024-05-03,B2C
53941,895,170.65,completed,2024-05-03,B2C
53942,887,652.59,completed,2024-05-03,B2C
53943,744,51.1,completed,2024-05-03,B2C
53944,89,151.65,completed,2024-05-03,SMB
53945,495,242.23,completed,2024-05-03,B2C
53946,611,77.1,completed,2024-05-03,B2B
53947,190,86.63,cancelled,2024-05-03,B2B
53948,584,343.26,completed,2024-05-03,B2C
53949,356,92.68,completed,2024-05-03,B2C
53950,858,162.02,completed,2024-05-03,B2C
53951,164,345.06,completed,2024-05-03,B2C
53952,557,50.33,completed,2024-05-03,B2B
53953,602,616.59,completed,2024-05-03,B2C
53954,381,196.58,completed,2024-05-03,B2B
53955,82,117.81,completed,2024-05-03,B2C
53956,70,99.56,shipped,2024-05-03,Enterprise
53957,433,478.06,completed,2024-05-03,B2C
53958,880,49.55,completed,2024-05-03,B2B
53959,408,71.03,completed,2024-05-03,B2B
53960,514,70.18,completed,2024-05-03,SMB
53961,842,66.16,shipped,2024-05-03,B2C
53962,672,109.82,completed,2024-05-03,SMB
53963,416,693.94,completed,2024-05-03,B2C
53964,238,344.45,completed,2024-05-03,B2B
53965,486,74.61,shipped,2024-05-03,Enterprise
53966,104,97.45,completed,2024-05-03,B2C
53967,722,181.06,pending,2024-05-03,B2B
53968,815,17.6,completed,2024-05-03,SMB
53969,403,272.35,shipped,2024-05-04,B2C
53970,168,332.79,pending,2024-05-04,B2B
53971,118,306.95,completed,2024-05-04,B2B
53972,472,85.51,completed,2024-05-04,Enterprise
53973,339,107.98,completed,2024-05-04,B2C
53974,824,16.87,completed,2024-05-04,B2C
53975,338,91.47,completed,2024-05-04,SMB
53976,21,107.55,completed,2024-05-04,B2C
53977,355,371.23,completed,2024-05-04,B2B
53978,252,351.63,completed,2024-05-04,B2C
53979,887,522.64,completed,2024-05-04,B2C
53980,20,339.56,completed,2024-05-04,B2C
53981,201,16.24,completed,2024-05-04,B2C
53982,433,168.86,shipped,2024-05-04,B2C
53983,627,25.6,pending,2024-05-04,B2C
53984,621,62.74,pending,2024-05-04,B2B
53985,278,144.52,completed,2024-05-04,B2C
53986,528,195.9,completed,2024-05-04,B2C
53987,835,174.47,completed,2024-05-04,B2C
53988,252,22.55,completed,2024-05-04,B2C
53989,93,31.41,completed,2024-05-04,SMB
53990,530,35.65,completed,2024-05-04,SMB
53991,31,29.38,shipped,2024-05-04,B2C
53992,696,44.45,completed,2024-05-04,B2C
53993,852,189.95,completed,2024-05-04,SMB
53994,820,281.53,shipped,2024-05-04,B2C
53995,880,93.84,completed,2024-05-04,B2B
53996,414,192.03,completed,2024-05-04,B2C
53997,160,48.47,completed,2024-05-04,SMB
53998,488,558.35,shipped,2024-05-04,B2C
53999,188,79.62,completed,2024-05-04,B2C
54000,445,295.49,completed,2024-05-04,SMB
54001,624,451.07,completed,2024-05-05,B2C
54002,191,315.05,completed,2024-05-05,B2B
54003,623,25.41,completed,2024-05-05,B2C
54004,314,172.61,completed,2024-05-05,Enterprise
54005,179,34.19,completed,2024-05-05,Enterprise
54006,588,15.85,completed,2024-05-05,B2B
54007,12,22.98,completed,2024-05-05,Enterprise
54008,22,386.81,completed,2024-05-05,B2B
54009,247,373.65,completed,2024-05-05,B2C
54010,207,53.39,completed,2024-05-05,B2B
54011,703,133.8,completed,2024-05-05,B2C
54012,588,480.26,completed,2024-05-05,B2B
54013,688,117.99,completed,2024-05-05,B2C
54014,584,90.03,pending,2024-05-05,B2C
54015,404,114.03,shipped,2024-05-05,SMB
54016,820,249.25,completed,2024-05-05,B2C
54017,331,112.31,shipped,2024-05-05,B2C
54018,461,244.37,completed,2024-05-05,B2B
54019,535,99.77,shipped,2024-05-05,SMB
54020,486,58.55,completed,2024-05-05,Enterprise
54021,352,74.28,completed,2024-05-05,SMB
54022,175,27.15,completed,2024-05-05,B2C
54023,675,118.19,completed,2024-05-05,B2C
54024,415,39.04,completed,2024-05-05,B2C
54025,875,265.34,completed,2024-05-05,B2B
54026,39,96.86,completed,2024-05-05,B2C
54027,111,232.23,shipped,2024-05-05,B2C
54028,297,478.38,completed,2024-05-05,SMB
54029,354,299.05,completed,2024-05-05,B2B
54030,291,468.82,shipped,2024-05-05,B2B
54031,317,140.88,completed,2024-05-05,B2C
54032,685,42.11,shipped,2024-05-05,Enterprise
54033,285,425.92,completed,2024-05-06,B2C
54034,437,319.32,completed,2024-05-06,B2B
54035,786,314.72,completed,2024-05-06,Enterprise
54036,656,192.27,completed,2024-05-06,B2B
54037,554,162.09,completed,2024-05-06,B2C
54038,390,17.23,completed,2024-05-06,SMB
54039,129,221.78,completed,2024-05-06,B2B
54040,687,29.4,completed,2024-05-06,B2C
54041,880,60.12,completed,2024-05-06,B2B
54042,230,135.27,completed,2024-05-06,B2C
54043,178,105.15,shipped,2024-05-06,B2C
54044,661,17.39,completed,2024-05-06,B2C
54045,551,275.58,shipped,2024-05-06,B2C
54046,343,331.55,completed,2024-05-06,B2B
54047,511,186.8,shipped,2024-05-06,B2C
54048,437,131.83,completed,2024-05-06,B2B
54049,76,500.62,completed,2024-05-06,SMB
54050,487,34.17,completed,2024-05-06,B2B
54051,864,215.86,completed,2024-05-06,B2C
54052,498,35.61,completed,2024-05-06,B2B
54053,45,87.15,completed,2024-05-06,B2C
54054,363,147.1,completed,2024-05-06,B2C
54055,772,215.39,completed,2024-05-06,SMB
54056,406,15.56,completed,2024-05-06,SMB
54057,139,60.29,completed,2024-05-06,B2C
54058,171,130.89,completed,2024-05-06,B2C
54059,537,129.17,cancelled,2024-05-06,SMB
54060,685,167.26,completed,2024-05-06,Enterprise
54061,237,69.33,completed,2024-05-06,B2C
54062,387,131.65,completed,2024-05-06,B2C
54063,354,46.57,completed,2024-05-06,B2B
54064,864,46.03,completed,2024-05-06,B2C
54065,536,143.9,completed,2024-05-07,Enterprise
54066,108,188.5,pending,2024-05-07,SMB
54067,679,34.24,completed,2024-05-07,Enterprise
54068,19,34.65,completed,2024-05-07,B2C
54069,879,139.97,completed,2024-05-07,B2B
54070,774,62.23,completed,2024-05-07,B2C
54071,685,89.74,completed,2024-05-07,Enterprise
54072,254,91.81,completed,2024-05-07,B2C
54073,879,44.5,completed,2024-05-07,B2B
54074,698,15.2,completed,2024-05-07,B2C
54075,740,302.75,completed,2024-05-07,B2C
54076,367,203.29,cancelled,2024-05-07,Enterprise
54077,692,190.94,completed,2024-05-07,B2C
54078,756,133.62,completed,2024-05-07,SMB
54079,327,196.08,completed,2024-05-07,B2C
54080,674,426.6,completed,2024-05-07,B2C
54081,82,179.35,pending,2024-05-07,B2C
54082,335,61.2,shipped,2024-05-07,B2B
54083,105,141.79,completed,2024-05-07,Enterprise
54084,762,102.6,completed,2024-05-07,B2C
54085,558,136.93,completed,2024-05-07,B2B
54086,63,124.35,shipped,2024-05-07,SMB
54087,154,308.61,completed,2024-05-07,B2C
54088,520,173.25,shipped,2024-05-07,B2B
54089,566,46.38,completed,2024-05-07,B2C
54090,129,24.76,completed,2024-05-07,B2B
54091,75,97.84,pending,2024-05-07,SMB
54092,317,17.36,cancelled,2024-05-07,B2C
54093,453,72.47,completed,2024-05-07,B2C
54094,148,83.83,shipped,2024-05-07,B2C
54095,825,85.64,shipped,2024-05-07,B2C
54096,727,597.01,shipped,2024-05-07,B2B
54097,196,69.34,cancelled,2024-05-08,B2C
54098,445,61.23,completed,2024-05-08,SMB
54099,101,35.78,completed,2024-05-08,B2B
54100,455,122.31,shipped,2024-05-08,B2B
54101,87,40.03,completed,2024-05-08,SMB
54102,305,158.68,completed,2024-05-08,SMB
54103,412,40.29,completed,2024-05-08,Enterprise
54104,314,143.94,shipped,2024-05-08,Enterprise
54105,735,277.54,completed,2024-05-08,B2C
54106,480,21.52,completed,2024-05-08,B2C
54107,382,96.64,completed,2024-05-08,B2C
54108,750,107.72,completed,2024-05-08,B2C
54109,366,249.86,completed,2024-05-08,B2C
54110,191,109.64,completed,2024-05-08,B2B
54111,193,140.74,completed,2024-05-08,Enterprise
54112,295,249.96,shipped,2024-05-08,B2B
54113,571,138.06,completed,2024-05-08,B2C
54114,99,81.55,pending,2024-05-08,B2B
54115,347,28.46,completed,2024-05-08,B2C
54116,438,211.35,cancelled,2024-05-08,SMB
54117,472,322.35,completed,2024-05-08,Enterprise
54118,634,541.31,completed,2024-05-08,B2C
54119,731,406.77,completed,2024-05-08,B2B
54120,72,254.49,completed,2024-05-08,B2B
54121,752,169.7,completed,2024-05-08,Enterprise
54122,547,243.12,completed,2024-05-08,B2B
54123,140,99.87,shipped,2024-05-08,Enterprise
54124,73,150.5,completed,2024-05-08,B2B
54125,594,79.32,cancelled,2024-05-08,B2C
54126,682,74.34,completed,2024-05-08,B2C
54127,407,227.01,cancelled,2024-05-08,B2C
54128,348,105.75,completed,2024-05-08,B2B
54129,103,50.77,completed,2024-05-09,B2C
54130,505,48.84,completed,2024-05-09,B2C
54131,410,309.03,pending,2024-05-09,B2B
54132,22,184.87,completed,2024-05-09,B2B
54133,573,133.46,completed,2024-05-09,B2C
54134,766,91.86,completed,2024-05-09,B2C
54135,376,99.53,completed,2024-05-09,B2C
54136,50,23.87,completed,2024-05-09,B2B
54137,579,106.02,completed,2024-05-09,B2C
54138,654,253.05,shipped,2024-05-09,SMB
54139,793,88.65,completed,2024-05-09,B2C
54140,865,87.57,pending,2024-05-09,B2C
54141,680,17.38,completed,2024-05-09,SMB
54142,128,106.83,completed,2024-05-09,SMB
54143,266,18.85,cancelled,2024-05-09,SMB
54144,434,141.72,completed,2024-05-09,B2B
54145,245,121.02,completed,2024-05-09,B2B
54146,293,289.9,shipped,2024-05-09,SMB
54147,136,145.76,completed,2024-05-09,B2C
54148,888,73.61,completed,2024-05-09,B2B
54149,722,123.92,completed,2024-05-09,B2B
54150,251,195.45,completed,2024-05-09,B2C
54151,529,29.8,completed,2024-05-09,B2B
54152,142,160.56,completed,2024-05-09,B2C
54153,497,387.66,completed,2024-05-09,B2C
54154,753,68.31,shipped,2024-05-09,B2C
54155,8,162.78,completed,2024-05-09,SMB
54156,131,273.33,completed,2024-05-09,B2C
54157,871,122.56,completed,2024-05-09,B2C
54158,612,204.87,shipped,2024-05-09,SMB
54159,175,70.88,pending,2024-05-09,B2C
54160,865,69.81,shipped,2024-05-09,B2C
54161,489,180.21,shipped,2024-05-10,Enterprise
54162,111,198.33,completed,2024-05-10,B2C
54163,351,429.72,completed,2024-05-10,B2C
54164,761,53.2,completed,2024-05-10,B2B
54165,609,109.73,completed,2024-05-10,B2C
54166,576,58.26,completed,2024-05-10,Enterprise
54167,519,27.52,completed,2024-05-10,Enterprise
54168,119,92.43,completed,2024-05-10,SMB
54169,731,85.28,pending,2024-05-10,B2B
54170,71,62.3,completed,2024-05-10,SMB
54171,736,67.86,completed,2024-05-10,SMB
54172,134,82.04,completed,2024-05-10,B2C
54173,712,689.28,completed,2024-05-10,B2C
54174,385,244.15,completed,2024-05-10,SMB
54175,451,26.11,completed,2024-05-10,SMB
54176,731,323.84,completed,2024-05-10,B2B
54177,364,165.48,completed,2024-05-10,B2C
54178,621,346.9,completed,2024-05-10,B2B
54179,207,77.72,completed,2024-05-10,B2B
54180,286,108.69,completed,2024-05-10,B2B
54181,167,354.83,completed,2024-05-10,B2C
54182,803,62.74,completed,2024-05-10,B2C
54183,343,385.65,shipped,2024-05-10,B2B
54184,187,279.48,completed,2024-05-10,SMB
54185,397,606.05,shipped,2024-05-10,SMB
54186,207,73.79,cancelled,2024-05-10,B2B
54187,528,55.33,pending,2024-05-10,B2C
54188,829,75.27,shipped,2024-05-10,SMB
54189,605,479.0,shipped,2024-05-10,B2B
54190,815,75.76,completed,2024-05-10,SMB
54191,399,139.93,completed,2024-05-10,SMB
54192,1009,92.55,completed,2024-05-10,Unknown
54193,274,90.68,completed,2024-05-11,Enterprise
54194,392,47.24,completed,2024-05-11,B2C
54195,408,130.53,completed,2024-05-11,B2B
54196,39,298.97,cancelled,2024-05-11,B2C
54197,195,22.61,completed,2024-05-11,B2C
54198,184,345.04,completed,2024-05-11,SMB
54199,827,179.26,completed,2024-05-11,B2C
54200,458,158.86,completed,2024-05-11,B2C
54201,699,162.48,completed,2024-05-11,B2B
54202,896,67.7,completed,2024-05-11,B2B
54203,638,95.46,completed,2024-05-11,B2B
54204,900,255.88,completed,2024-05-11,B2B
54205,825,69.87,completed,2024-05-11,B2C
54206,149,110.24,completed,2024-05-11,B2B
54207,54,17.97,completed,2024-05-11,SMB
54208,104,213.39,completed,2024-05-11,B2C
54209,73,96.12,completed,2024-05-11,B2B
54210,234,126.78,completed,2024-05-11,B2C
54211,171,33.27,completed,2024-05-11,B2C
54212,894,733.98,completed,2024-05-11,B2C
54213,177,69.03,completed,2024-05-11,B2C
54214,178,166.17,shipped,2024-05-11,B2C
54215,16,145.57,completed,2024-05-11,B2B
54216,424,245.63,shipped,2024-05-11,B2C
54217,212,67.19,completed,2024-05-11,B2C
54218,58,226.54,completed,2024-05-11,B2B
54219,558,87.31,shipped,2024-05-11,B2B
54220,159,94.44,pending,2024-05-11,B2B
54221,198,182.54,pending,2024-05-11,SMB
54222,283,245.07,completed,2024-05-11,B2C
54223,504,179.88,completed,2024-05-11,SMB
54224,737,360.21,pending,2024-05-11,B2C
54225,61,65.35,completed,2024-05-12,B2C
54226,112,361.32,shipped,2024-05-12,B2B
54227,316,36.04,completed,2024-05-12,B2C
54228,25,176.61,pending,2024-05-12,B2C
54229,756,133.99,pending,2024-05-12,SMB
54230,828,117.37,completed,2024-05-12,B2C
54231,376,70.86,completed,2024-05-12,B2C
54232,859,120.1,completed,2024-05-12,B2C
54233,366,41.47,completed,2024-05-12,B2C
54234,336,84.14,completed,2024-05-12,B2B
54235,747,30.58,completed,2024-05-12,B2C
54236,118,142.24,shipped,2024-05-12,B2B
54237,295,30.1,cancelled,2024-05-12,B2B
54238,78,41.21,completed,2024-05-12,B2B
54239,327,28.4,completed,2024-05-12,B2C
54240,407,87.02,shipped,2024-05-12,B2C
54241,185,291.73,pending,2024-05-12,B2C
54242,726,371.11,shipped,2024-05-12,SMB
54243,680,26.19,completed,2024-05-12,SMB
54244,354,165.99,pending,2024-05-12,B2B
54245,584,187.99,completed,2024-05-12,B2C
54246,560,129.46,pending,2024-05-12,B2C
54247,408,179.94,pending,2024-05-12,B2B
54248,194,54.93,pending,2024-05-12,B2C
54249,834,115.9,completed,2024-05-12,B2B
54250,470,89.36,pending,2024-05-12,Enterprise
54251,22,29.1,completed,2024-05-12,B2B
54252,235,162.35,completed,2024-05-12,B2B
54253,284,117.54,shipped,2024-05-12,B2B
54254,287,63.27,completed,2024-05-12,B2C
54255,468,111.28,completed,2024-05-12,SMB
54256,870,238.95,shipped,2024-05-12,Enterprise
54257,481,257.66,shipped,2024-05-13,B2C
54258,54,172.27,shipped,2024-05-13,SMB
54259,572,109.6,completed,2024-05-13,SMB
54260,681,143.61,shipped,2024-05-13,SMB
54261,456,87.92,completed,2024-05-13,B2C
54262,217,35.3,shipped,2024-05-13,B2C
54263,44,88.07,completed,2024-05-13,Enterprise
54264,109,128.36,shipped,2024-05-13,B2B
54265,764,152.01,completed,2024-05-13,SMB
54266,206,426.87,cancelled,2024-05-13,B2B
54267,378,240.31,completed,2024-05-13,B2B
54268,771,39.73,completed,2024-05-13,B2B
54269,658,43.71,completed,2024-05-13,B2C
54270,129,30.89,shipped,2024-05-13,B2B
54271,20,216.02,completed,2024-05-13,B2C
54272,226,198.69,completed,2024-05-13,B2B
54273,560,659.24,completed,2024-05-13,B2C
54274,474,125.73,shipped,2024-05-13,SMB
54275,718,277.66,completed,2024-05-13,Enterprise
54276,900,143.86,completed,2024-05-13,B2B
54277,115,325.82,completed,2024-05-13,B2C
54278,224,206.49,shipped,2024-05-13,B2C
54279,185,169.45,completed,2024-05-13,B2C
54280,363,139.9,pending,2024-05-13,B2C
54281,593,207.54,pending,2024-05-13,B2B
54282,687,96.62,completed,2024-05-13,B2C
54283,322,30.23,completed,2024-05-13,SMB
54284,247,21.12,shipped,2024-05-13,B2C
54285,893,112.81,cancelled,2024-05-13,SMB
54286,356,152.18,shipped,2024-05-13,B2C
54287,650,27.32,completed,2024-05-13,B2C
54288,388,65.72,completed,2024-05-13,B2B
54289,551,73.3,completed,2024-05-14,B2C
54290,54,139.1,completed,2024-05-14,SMB
54291,214,63.96,completed,2024-05-14,B2B
54292,201,30.08,completed,2024-05-14,B2C
54293,781,42.02,completed,2024-05-14,B2C
54294,830,43.66,completed,2024-05-14,B2C
54295,642,292.44,completed,2024-05-14,B2C
54296,302,65.18,completed,2024-05-14,B2C
54297,228,203.13,pending,2024-05-14,B2C
54298,669,140.84,completed,2024-05-14,B2B
54299,101,581.09,completed,2024-05-14,B2B
54300,484,62.79,completed,2024-05-14,B2C
54301,607,40.86,completed,2024-05-14,B2B
54302,681,23.02,completed,2024-05-14,SMB
54303,435,56.36,completed,2024-05-14,B2B
54304,110,187.84,completed,2024-05-14,B2B
54305,783,28.37,pending,2024-05-14,B2C
54306,790,57.1,completed,2024-05-14,Enterprise
54307,85,304.97,completed,2024-05-14,B2C
54308,524,146.18,shipped,2024-05-14,SMB
54309,253,25.81,completed,2024-05-14,SMB
54310,364,22.33,shipped,2024-05-14,B2C
54311,494,24.46,completed,2024-05-14,B2B
54312,753,441.77,completed,2024-05-14,B2C
54313,177,299.44,completed,2024-05-14,B2C
54314,641,294.59,cancelled,2024-05-14,B2B
54315,442,401.98,completed,2024-05-14,Enterprise
54316,199,120.56,completed,2024-05-14,SMB
54317,690,57.62,completed,2024-05-14,B2B
54318,826,91.96,completed,2024-05-14,Enterprise
54319,650,205.34,pending,2024-05-14,B2C
54320,272,328.16,completed,2024-05-14,SMB
54321,703,100.66,pending,2024-05-15,B2C
54322,412,129.98,completed,2024-05-15,Enterprise
54323,334,417.76,pending,2024-05-15,B2B
54324,589,32.06,completed,2024-05-15,B2B
54325,283,312.4,pending,2024-05-15,B2C
54326,725,41.03,completed,2024-05-15,B2C
54327,159,114.21,shipped,2024-05-15,B2B
54328,607,51.97,completed,2024-05-15,B2B
54329,858,153.55,completed,2024-05-15,B2C
54330,375,137.66,shipped,2024-05-15,B2B
54331,533,86.71,completed,2024-05-15,Enterprise
54332,286,313.5,pending,2024-05-15,B2B
54333,36,176.74,completed,2024-05-15,SMB
54334,888,206.59,completed,2024-05-15,B2B
54335,693,39.49,pending,2024-05-15,B2C
54336,306,337.05,completed,2024-05-15,Enterprise
54337,877,42.42,completed,2024-05-15,SMB
54338,187,52.81,cancelled,2024-05-15,SMB
54339,336,35.55,completed,2024-05-15,B2B
54340,204,102.07,completed,2024-05-15,SMB
54341,833,343.0,completed,2024-05-15,B2B
54342,246,58.64,pending,2024-05-15,Enterprise
54343,584,85.2,cancelled,2024-05-15,B2C
54344,683,295.69,cancelled,2024-05-15,B2B
54345,387,159.28,completed,2024-05-15,B2C
54346,341,223.92,completed,2024-05-15,B2C
54347,57,51.12,completed,2024-05-15,B2B
54348,474,204.08,completed,2024-05-15,SMB
54349,141,53.74,completed,2024-05-15,Enterprise
54350,382,670.09,completed,2024-05-15,B2C
54351,821,138.11,pending,2024-05-15,SMB
54352,481,193.43,shipped,2024-05-15,B2C
54353,348,33.9,completed,2024-05-16,B2B
54354,853,58.28,cancelled,2024-05-16,B2B
54355,420,37.58,cancelled,2024-05-16,SMB
54356,165,89.19,completed,2024-05-16,B2B
54357,467,65.14,completed,2024-05-16,B2C
54358,248,213.03,completed,2024-05-16,Enterprise
54359,583,32.26,completed,2024-05-16,B2C
54360,383,224.18,completed,2024-05-16,B2C
54361,468,22.02,completed,2024-05-16,SMB
54362,557,48.85,pending,2024-05-16,B2B
54363,345,250.51,completed,2024-05-16,B2C
54364,429,218.67,completed,2024-05-16,B2C
54365,282,112.03,completed,2024-05-16,B2C
54366,485,22.69,completed,2024-05-16,B2C
54367,247,156.2,completed,2024-05-16,B2C
54368,384,93.31,completed,2024-05-16,SMB
54369,873,72.09,cancelled,2024-05-16,B2C
54370,753,168.42,completed,2024-05-16,B2C
54371,685,101.07,shipped,2024-05-16,Enterprise
54372,211,29.55,completed,2024-05-16,B2C
54373,530,386.45,completed,2024-05-16,SMB
54374,428,241.1,completed,2024-05-16,SMB
54375,444,23.7,shipped,2024-05-16,B2C
54376,66,126.69,pending,2024-05-16,B2C
54377,613,28.06,completed,2024-05-16,B2C
54378,289,287.37,completed,2024-05-16,B2C
54379,401,157.4,completed,2024-05-16,B2B
54380,452,43.39,shipped,2024-05-16,B2C
54381,610,18.14,completed,2024-05-16,B2C
54382,378,19.81,completed,2024-05-16,B2B
54383,500,121.2,completed,2024-05-16,Enterprise
54384,490,213.85,completed,2024-05-16,SMB
54385,73,34.32,pending,2024-05-17,B2B
54386,438,52.52,completed,2024-05-17,SMB
54387,295,74.46,completed,2024-05-17,B2B
54388,260,51.9,completed,2024-05-17,B2B
54389,876,89.47,completed,2024-05-17,B2B
54390,587,138.02,completed,2024-05-17,B2B
54391,283,188.25,shipped,2024-05-17,B2C
54392,274,512.7,completed,2024-05-17,Enterprise
54393,783,415.71,completed,2024-05-17,B2C
54394,708,141.64,completed,2024-05-17,SMB
54395,220,213.72,shipped,2024-05-17,SMB
54396,715,467.0,completed,2024-05-17,B2C
54397,1003,28.07,shipped,2024-05-17,Unknown
54398,528,15.85,completed,2024-05-17,B2C
54399,567,19.54,shipped,2024-05-17,B2C
54400,529,139.29,completed,2024-05-17,B2B
54401,109,230.85,completed,2024-05-17,B2B
54402,165,83.61,completed,2024-05-17,B2B
54403,817,133.2,pending,2024-05-17,B2C
54404,534,123.96,pending,2024-05-17,B2C
54405,892,29.94,shipped,2024-05-17,SMB
54406,649,73.2,shipped,2024-05-17,SMB
54407,14,17.94,completed,2024-05-17,B2B
54408,832,32.6,completed,2024-05-17,B2C
54409,715,265.58,cancelled,2024-05-17,B2C
54410,653,280.28,pending,2024-05-17,B2C
54411,713,257.88,completed,2024-05-17,B2C
54412,10,209.64,completed,2024-05-17,SMB
54413,665,251.48,completed,2024-05-17,B2B
54414,447,181.75,completed,2024-05-17,Enterprise
54415,187,181.22,completed,2024-05-17,SMB
54416,314,180.1,completed,2024-05-17,Enterprise
54417,70,123.25,completed,2024-05-18,Enterprise
54418,88,82.73,shipped,2024-05-18,B2C
54419,855,211.51,shipped,2024-05-18,B2B
54420,856,68.21,shipped,2024-05-18,B2B
54421,601,132.43,shipped,2024-05-18,B2B
54422,279,100.2,completed,2024-05-18,SMB
54423,728,63.57,shipped,2024-05-18,SMB
54424,344,566.48,completed,2024-05-18,B2C
54425,770,59.91,cancelled,2024-05-18,SMB
54426,698,70.51,completed,2024-05-18,B2C
54427,678,41.44,pending,2024-05-18,B2C
54428,62,274.72,completed,2024-05-18,B2C
54429,616,147.5,completed,2024-05-18,Enterprise
54430,728,157.41,completed,2024-05-18,SMB
54431,459,272.69,completed,2024-05-18,B2B
54432,622,77.99,completed,2024-05-18,B2B
54433,408,47.28,completed,2024-05-18,B2B
54434,337,48.17,shipped,2024-05-18,SMB
54435,25,212.86,completed,2024-05-18,B2C
54436,234,157.83,completed,2024-05-18,B2C
54437,795,49.66,completed,2024-05-18,B2B
54438,899,38.51,completed,2024-05-18,B2B
54439,525,34.29,completed,2024-05-18,SMB
54440,749,163.25,completed,2024-05-18,Enterprise
54441,887,15.02,cancelled,2024-05-18,B2C
54442,515,17.77,completed,2024-05-18,B2B
54443,558,89.03,shipped,2024-05-18,B2B
54444,834,191.33,shipped,2024-05-18,B2B
54445,421,193.14,pending,2024-05-18,SMB
54446,89,99.35,completed,2024-05-18,SMB
54447,862,191.2,completed,2024-05-18,B2C
54448,276,125.44,completed,2024-05-18,B2C
54449,802,580.39,pending,2024-05-19,B2B
54450,786,41.59,completed,2024-05-19,Enterprise
54451,638,152.69,cancelled,2024-05-19,B2B
54452,893,116.37,completed,2024-05-19,SMB
54453,251,47.44,completed,2024-05-19,B2C
54454,619,222.94,completed,2024-05-19,SMB
54455,526,63.34,completed,2024-05-19,B2C
54456,607,87.12,pending,2024-05-19,B2B
54457,559,85.46,completed,2024-05-19,SMB
54458,309,57.0,completed,2024-05-19,SMB
54459,71,99.5,completed,2024-05-19,SMB
54460,648,111.18,completed,2024-05-19,B2C
54461,674,219.52,completed,2024-05-19,B2C
54462,743,232.27,completed,2024-05-19,SMB
54463,93,40.9,completed,2024-05-19,SMB
54464,159,149.76,completed,2024-05-19,B2B
54465,192,354.79,completed,2024-05-19,SMB
54466,194,32.28,completed,2024-05-19,B2C
54467,193,111.06,completed,2024-05-19,Enterprise
54468,694,223.16,shipped,2024-05-19,B2B
54469,799,156.82,pending,2024-05-19,B2C
54470,233,30.9,shipped,2024-05-19,B2C
54471,375,90.78,cancelled,2024-05-19,B2B
54472,345,121.16,completed,2024-05-19,B2C
54473,200,837.54,completed,2024-05-19,SMB
54474,508,44.51,completed,2024-05-19,SMB
54475,189,621.18,completed,2024-05-19,B2C
54476,796,85.78,completed,2024-05-19,SMB
54477,569,48.53,shipped,2024-05-19,Enterprise
54478,339,95.19,completed,2024-05-19,B2C
54479,808,157.79,completed,2024-05-19,Enterprise
54480,188,51.02,completed,2024-05-19,B2C
54481,420,66.68,completed,2024-05-20,SMB
54482,643,304.18,completed,2024-05-20,B2B
54483,371,1052.59,shipped,2024-05-20,B2B
54484,309,72.45,completed,2024-05-20,SMB
54485,670,39.18,pending,2024-05-20,B2C
54486,776,251.38,cancelled,2024-05-20,B2B
54487,733,152.61,completed,2024-05-20,B2C
54488,866,30.87,completed,2024-05-20,B2C
54489,345,454.97,shipped,2024-05-20,B2C
54490,111,27.19,completed,2024-05-20,B2C
54491,425,162.27,completed,2024-05-20,B2B
54492,885,97.73,pending,2024-05-20,SMB
54493,660,137.0,completed,2024-05-20,B2C
54494,884,50.97,completed,2024-05-20,B2B
54495,348,189.77,completed,2024-05-20,B2B
54496,840,496.78,completed,2024-05-20,B2C
54497,644,106.99,completed,2024-05-20,B2C
54498,898,126.02,completed,2024-05-20,SMB
54499,571,56.13,completed,2024-05-20,B2C
54500,112,348.66,completed,2024-05-20,B2B
54501,551,546.97,cancelled,2024-05-20,B2C
54502,598,246.48,pending,2024-05-20,B2B
54503,783,132.39,completed,2024-05-20,B2C
54504,349,486.28,completed,2024-05-20,B2C
54505,836,40.06,completed,2024-05-20,B2C
54506,132,112.65,completed,2024-05-20,B2B
54507,186,130.7,pending,2024-05-20,B2C
54508,327,116.57,completed,2024-05-20,B2C
54509,799,258.24,completed,2024-05-20,B2C
54510,408,181.48,completed,2024-05-20,B2B
54511,165,35.31,shipped,2024-05-20,B2B
54512,420,78.8,pending,2024-05-20,SMB
54513,435,77.12,completed,2024-05-21,B2B
54514,47,140.08,completed,2024-05-21,B2C
54515,584,66.68,completed,2024-05-21,B2C
54516,310,33.71,completed,2024-05-21,B2C
54517,320,174.06,completed,2024-05-21,B2C
54518,378,300.61,pending,2024-05-21,B2B
54519,445,417.38,completed,2024-05-21,SMB
54520,521,554.46,pending,2024-05-21,B2C
54521,270,242.88,cancelled,2024-05-21,B2C
54522,490,37.57,completed,2024-05-21,SMB
54523,169,302.71,completed,2024-05-21,B2B
54524,558,91.61,pending,2024-05-21,B2B
54525,405,211.35,completed,2024-05-21,B2C
54526,564,128.66,completed,2024-05-21,B2B
54527,220,279.57,completed,2024-05-21,SMB
54528,876,98.14,completed,2024-05-21,B2B
54529,668,24.57,completed,2024-05-21,B2B
54530,29,137.07,completed,2024-05-21,B2C
54531,320,43.18,completed,2024-05-21,B2C
54532,387,520.1,completed,2024-05-21,B2C
54533,439,127.29,completed,2024-05-21,SMB
54534,238,135.97,completed,2024-05-21,B2B
54535,858,371.7,completed,2024-05-21,B2C
54536,86,161.96,completed,2024-05-21,B2C
54537,123,69.09,completed,2024-05-21,B2C
54538,83,67.67,shipped,2024-05-21,B2C
54539,515,119.45,shipped,2024-05-21,B2B
54540,722,317.17,shipped,2024-05-21,B2B
54541,676,252.51,pending,2024-05-21,Enterprise
54542,690,508.48,completed,2024-05-21,B2B
54543,749,26.19,completed,2024-05-21,Enterprise
54544,379,61.86,completed,2024-05-21,SMB
54545,595,27.54,pending,2024-05-22,SMB
54546,815,223.59,shipped,2024-05-22,SMB
54547,63,37.77,completed,2024-05-22,SMB
54548,816,30.79,completed,2024-05-22,B2C
54549,256,138.72,completed,2024-05-22,B2C
54550,863,94.52,completed,2024-05-22,B2C
54551,832,203.34,completed,2024-05-22,B2C
54552,726,115.13,pending,2024-05-22,SMB
54553,732,98.1,completed,2024-05-22,SMB
54554,137,98.14,pending,2024-05-22,B2C
54555,164,323.21,completed,2024-05-22,B2C
54556,1011,90.43,completed,2024-05-22,Unknown
54557,622,75.83,pending,2024-05-22,B2B
54558,791,76.99,completed,2024-05-22,B2B
54559,625,47.84,completed,2024-05-22,B2C
54560,96,310.66,shipped,2024-05-22,B2C
54561,41,38.78,pending,2024-05-22,B2B
54562,505,373.89,completed,2024-05-22,B2C
54563,778,65.0,completed,2024-05-22,SMB
54564,622,359.53,completed,2024-05-22,B2B
54565,837,249.68,pending,2024-05-22,Enterprise
54566,414,145.84,cancelled,2024-05-22,B2C
54567,93,181.06,completed,2024-05-22,SMB
54568,340,74.14,completed,2024-05-22,B2B
54569,142,143.08,pending,2024-05-22,B2C
54570,804,66.88,completed,2024-05-22,B2C
54571,190,92.19,completed,2024-05-22,B2B
54572,239,232.01,completed,2024-05-22,B2C
54573,465,56.94,completed,2024-05-22,Enterprise
54574,332,288.81,completed,2024-05-22,SMB
54575,181,85.71,completed,2024-05-22,B2C
54576,781,128.95,completed,2024-05-22,B2C
54577,182,441.99,pending,2024-05-23,B2B
54578,615,186.5,completed,2024-05-23,SMB
54579,289,170.6,completed,2024-05-23,B2C
54580,828,201.52,pending,2024-05-23,B2C
54581,454,390.36,shipped,2024-05-23,Enterprise
54582,230,57.86,completed,2024-05-23,B2C
54583,754,157.49,completed,2024-05-23,B2C
54584,238,91.72,completed,2024-05-23,B2B
54585,616,16.79,completed,2024-05-23,Enterprise
54586,98,35.08,completed,2024-05-23,B2C
54587,602,73.95,completed,2024-05-23,B2C
54588,147,139.86,completed,2024-05-23,B2C
54589,450,334.89,shipped,2024-05-23,B2B
54590,90,249.9,completed,2024-05-23,B2C
54591,787,135.89,completed,2024-05-23,B2C
54592,807,26.51,completed,2024-05-23,Enterprise
54593,432,65.51,completed,2024-05-23,SMB
54594,871,83.52,completed,2024-05-23,B2C
54595,41,160.82,shipped,2024-05-23,B2B
54596,288,25.07,shipped,2024-05-23,B2C
54597,646,128.32,shipped,2024-05-23,SMB
54598,272,362.6,completed,2024-05-23,SMB
54599,503,198.34,completed,2024-05-23,B2C
54600,639,254.24,completed,2024-05-23,B2C
54601,215,186.7,completed,2024-05-23,SMB
54602,781,49.71,shipped,2024-05-23,B2C
54603,402,32.56,pending,2024-05-23,Enterprise
54604,327,280.34,shipped,2024-05-23,B2C
54605,136,193.36,shipped,2024-05-23,B2C
54606,174,143.37,cancelled,2024-05-23,B2B
54607,179,46.48,completed,2024-05-23,Enterprise
54608,137,153.7,cancelled,2024-05-23,B2C
54609,846,19.77,completed,2024-05-24,B2C
54610,32,33.98,shipped,2024-05-24,B2B
54611,26,71.07,completed,2024-05-24,SMB
54612,116,102.98,completed,2024-05-24,SMB
54613,679,34.27,shipped,2024-05-24,Enterprise
54614,424,34.16,completed,2024-05-24,B2C
54615,109,209.14,pending,2024-05-24,B2B
54616,351,141.5,completed,2024-05-24,B2C
54617,661,129.45,completed,2024-05-24,B2C
54618,742,105.34,completed,2024-05-24,B2C
54619,356,577.89,completed,2024-05-24,B2C
54620,50,22.66,completed,2024-05-24,B2B
54621,232,44.88,completed,2024-05-24,B2C
54622,211,171.41,completed,2024-05-24,B2C
54623,768,36.99,completed,2024-05-24,SMB
54624,149,148.51,completed,2024-05-24,B2B
54625,235,140.82,completed,2024-05-24,B2B
54626,30,546.1,cancelled,2024-05-24,B2B
54627,141,337.33,completed,2024-05-24,Enterprise
54628,872,451.58,completed,2024-05-24,B2C
54629,542,33.09,completed,2024-05-24,B2C
54630,652,318.91,completed,2024-05-24,B2C
54631,869,35.73,completed,2024-05-24,SMB
54632,55,165.33,completed,2024-05-24,B2C
54633,85,205.99,completed,2024-05-24,B2C
54634,436,41.31,completed,2024-05-24,SMB
54635,204,165.22,completed,2024-05-24,SMB
54636,509,23.08,shipped,2024-05-24,Enterprise
54637,406,67.07,completed,2024-05-24,SMB
54638,446,396.05,completed,2024-05-24,Enterprise
54639,487,43.26,completed,2024-05-24,B2B
54640,775,25.12,completed,2024-05-24,SMB
54641,273,102.96,completed,2024-05-25,SMB
54642,177,300.19,completed,2024-05-25,B2C
54643,250,26.97,completed,2024-05-25,SMB
54644,525,80.9,completed,2024-05-25,SMB
54645,401,360.05,completed,2024-05-25,B2B
54646,694,33.86,completed,2024-05-25,B2B
54647,520,70.8,completed,2024-05-25,B2B
54648,590,241.05,completed,2024-05-25,B2B
54649,264,132.53,completed,2024-05-25,B2C
54650,856,282.87,completed,2024-05-25,B2B
54651,303,32.75,shipped,2024-05-25,B2C
54652,544,394.9,shipped,2024-05-25,B2C
54653,233,424.8,completed,2024-05-25,B2C
54654,313,40.32,pending,2024-05-25,B2B
54655,1009,20.17,completed,2024-05-25,Unknown
54656,188,703.41,completed,2024-05-25,B2C
54657,571,113.74,completed,2024-05-25,B2C
54658,481,142.32,completed,2024-05-25,B2C
54659,232,158.53,completed,2024-05-25,B2C
54660,18,248.86,completed,2024-05-25,B2C
54661,369,265.69,completed,2024-05-25,B2B
54662,308,47.34,pending,2024-05-25,B2C
54663,92,55.5,completed,2024-05-25,SMB
54664,58,329.13,cancelled,2024-05-25,B2B
54665,471,271.82,completed,2024-05-25,B2B
54666,466,159.2,completed,2024-05-25,B2C
54667,485,800.98,completed,2024-05-25,B2C
54668,499,214.31,completed,2024-05-25,Enterprise
54669,864,51.47,completed,2024-05-25,B2C
54670,123,296.25,completed,2024-05-25,B2C
54671,650,95.35,completed,2024-05-25,B2C
54672,325,20.52,completed,2024-05-25,Enterprise
54673,457,73.16,completed,2024-05-26,B2B
54674,503,231.3,completed,2024-05-26,B2C
54675,162,498.61,cancelled,2024-05-26,B2C
54676,47,63.47,completed,2024-05-26,B2C
54677,592,57.46,pending,2024-05-26,B2C
54678,307,139.39,completed,2024-05-26,B2C
54679,125,265.45,completed,2024-05-26,B2B
54680,375,220.87,completed,2024-05-26,B2B
54681,381,138.13,completed,2024-05-26,B2B
54682,1004,164.7,cancelled,2024-05-26,Unknown
54683,35,56.58,completed,2024-05-26,Enterprise
54684,508,100.0,pending,2024-05-26,SMB
54685,255,59.23,shipped,2024-05-26,B2B
54686,210,338.67,completed,2024-05-26,B2B
54687,709,32.91,completed,2024-05-26,B2C
54688,407,185.79,completed,2024-05-26,B2C
54689,517,60.22,completed,2024-05-26,B2C
54690,780,111.82,completed,2024-05-26,B2C
54691,538,68.38,completed,2024-05-26,B2B
54692,1012,73.57,completed,2024-05-26,Unknown
54693,419,60.25,completed,2024-05-26,B2C
54694,88,224.63,completed,2024-05-26,B2C
54695,565,83.29,pending,2024-05-26,B2C
54696,177,209.39,completed,2024-05-26,B2C
54697,713,106.34,completed,2024-05-26,B2C
54698,461,133.86,completed,2024-05-26,B2B
54699,449,132.56,shipped,2024-05-26,B2C
54700,453,573.53,completed,2024-05-26,B2C
54701,22,83.61,cancelled,2024-05-26,B2B
54702,792,49.92,cancelled,2024-05-26,B2C
54703,848,379.21,pending,2024-05-26,Enterprise
54704,846,43.83,completed,2024-05-26,B2C
54705,241,284.75,completed,2024-05-27,Enterprise
54706,878,39.42,pending,2024-05-27,B2C
54707,493,176.26,shipped,2024-05-27,B2C
54708,397,39.47,pending,2024-05-27,SMB
54709,889,399.76,completed,2024-05-27,B2B
54710,607,139.86,completed,2024-05-27,B2B
54711,19,74.91,completed,2024-05-27,B2C
54712,485,37.68,shipped,2024-05-27,B2C
54713,437,84.59,shipped,2024-05-27,B2B
54714,668,198.13,completed,2024-05-27,B2B
54715,179,87.91,completed,2024-05-27,Enterprise
54716,629,57.37,completed,2024-05-27,B2B
54717,797,144.2,completed,2024-05-27,Enterprise
54718,573,96.15,completed,2024-05-27,B2C
54719,211,42.19,completed,2024-05-27,B2C
54720,573,40.08,completed,2024-05-27,B2C
54721,416,199.37,completed,2024-05-27,B2C
54722,322,566.38,pending,2024-05-27,SMB
54723,509,54.81,shipped,2024-05-27,Enterprise
54724,1007,237.52,shipped,2024-05-27,Unknown
54725,349,28.75,shipped,2024-05-27,B2C
54726,881,87.09,completed,2024-05-27,B2B
54727,88,120.99,shipped,2024-05-27,B2C
54728,722,61.95,cancelled,2024-05-27,B2B
54729,832,128.12,completed,2024-05-27,B2C
54730,691,336.34,completed,2024-05-27,B2C
54731,83,448.54,shipped,2024-05-27,B2C
54732,474,30.9,pending,2024-05-27,SMB
54733,830,62.59,completed,2024-05-27,B2C
54734,175,595.44,completed,2024-05-27,B2C
54735,295,62.29,pending,2024-05-27,B2B
54736,772,191.99,pending,2024-05-27,SMB
54737,821,58.84,completed,2024-05-28,SMB
54738,241,81.09,completed,2024-05-28,Enterprise
54739,296,46.85,completed,2024-05-28,B2C
54740,457,306.0,completed,2024-05-28,B2B
54741,458,336.39,pending,2024-05-28,B2C
54742,575,67.84,completed,2024-05-28,SMB
54743,604,275.24,completed,2024-05-28,B2B
54744,647,81.53,pending,2024-05-28,B2C
54745,235,30.64,completed,2024-05-28,B2B
54746,68,227.87,shipped,2024-05-28,SMB
54747,483,151.12,completed,2024-05-28,B2C
54748,429,63.11,shipped,2024-05-28,B2C
54749,288,58.75,cancelled,2024-05-28,B2C
54750,704,572.12,completed,2024-05-28,B2B
54751,454,312.62,shipped,2024-05-28,Enterprise
54752,508,263.95,cancelled,2024-05-28,SMB
54753,146,35.55,cancelled,2024-05-28,B2B
54754,144,226.09,completed,2024-05-28,B2C
54755,596,51.22,completed,2024-05-28,B2C
54756,837,583.4,completed,2024-05-28,Enterprise
54757,639,23.02,completed,2024-05-28,B2C
54758,883,80.11,completed,2024-05-28,B2B
54759,1016,98.96,completed,2024-05-28,Unknown
54760,124,275.76,shipped,2024-05-28,B2B
54761,576,233.01,completed,2024-05-28,Enterprise
54762,132,85.5,pending,2024-05-28,B2B
54763,658,140.05,shipped,2024-05-28,B2C
54764,11,285.81,completed,2024-05-28,B2B
54765,734,17.76,completed,2024-05-28,B2C
54766,433,258.06,shipped,2024-05-28,B2C
54767,870,455.33,completed,2024-05-28,Enterprise
54768,582,19.89,completed,2024-05-28,Enterprise
54769,190,22.0,pending,2024-05-29,B2B
54770,646,78.36,completed,2024-05-29,SMB
54771,40,28.78,pending,2024-05-29,B2C
54772,399,112.88,pending,2024-05-29,SMB
54773,185,210.69,completed,2024-05-29,B2C
54774,43,140.52,shipped,2024-05-29,B2B
54775,239,47.8,completed,2024-05-29,B2C
54776,316,174.55,pending,2024-05-29,B2C
54777,490,188.21,shipped,2024-05-29,SMB
54778,1001,419.22,completed,2024-05-29,Unknown
54779,814,38.81,completed,2024-05-29,Enterprise
54780,375,191.81,completed,2024-05-29,B2B
54781,122,378.59,completed,2024-05-29,SMB
54782,481,119.44,cancelled,2024-05-29,B2C
54783,733,82.37,completed,2024-05-29,B2C
54784,810,43.08,completed,2024-05-29,B2B
54785,480,317.37,completed,2024-05-29,B2C
54786,491,90.19,completed,2024-05-29,B2C
54787,175,403.31,shipped,2024-05-29,B2C
54788,227,297.34,completed,2024-05-29,Enterprise
54789,305,85.89,shipped,2024-05-29,SMB
54790,443,142.97,shipped,2024-05-29,B2C
54791,129,19.13,completed,2024-05-29,B2B
54792,574,60.82,completed,2024-05-29,B2C
54793,104,200.82,completed,2024-05-29,B2C
54794,664,184.94,completed,2024-05-29,B2B
54795,806,80.4,completed,2024-05-29,SMB
54796,649,263.01,pending,2024-05-29,SMB
54797,433,55.35,cancelled,2024-05-29,B2C
54798,486,107.78,completed,2024-05-29,Enterprise
54799,549,110.95,completed,2024-05-29,B2C
54800,407,77.51,completed,2024-05-29,B2C
54801,845,479.06,shipped,2024-05-30,B2B
54802,175,193.95,completed,2024-05-30,B2C
54803,178,131.22,completed,2024-05-30,B2C
54804,238,122.16,completed,2024-05-30,B2B
54805,722,41.03,shipped,2024-05-30,B2B
54806,154,84.83,completed,2024-05-30,B2C
54807,368,182.57,completed,2024-05-30,Enterprise
54808,122,402.68,completed,2024-05-30,SMB
54809,661,269.3,completed,2024-05-30,B2C
54810,662,68.58,pending,2024-05-30,Enterprise
54811,63,100.36,completed,2024-05-30,SMB
54812,802,27.98,completed,2024-05-30,B2B
54813,721,31.17,pending,2024-05-30,Enterprise
54814,466,110.3,completed,2024-05-30,B2C
54815,50,128.32,completed,2024-05-30,B2B
54816,653,60.98,pending,2024-05-30,B2C
54817,49,169.41,shipped,2024-05-30,B2C
54818,50,197.3,completed,2024-05-30,B2B
54819,749,68.31,shipped,2024-05-30,Enterprise
54820,421,228.09,shipped,2024-05-30,SMB
54821,890,49.53,completed,2024-05-30,B2B
54822,268,132.87,completed,2024-05-30,SMB
54823,334,259.66,completed,2024-05-30,B2B
54824,306,130.51,cancelled,2024-05-30,Enterprise
54825,109,372.83,cancelled,2024-05-30,B2B
54826,382,24.04,completed,2024-05-30,B2C
54827,608,148.12,completed,2024-05-30,B2C
54828,855,138.75,completed,2024-05-30,B2B
54829,31,176.98,completed,2024-05-30,B2C
54830,360,283.83,completed,2024-05-30,B2C
54831,532,209.11,completed,2024-05-30,Enterprise
54832,500,249.3,completed,2024-05-30,Enterprise
54833,822,66.12,completed,2024-05-31,B2B
54834,362,88.53,shipped,2024-05-31,B2C
54835,680,162.84,shipped,2024-05-31,SMB
54836,514,135.93,shipped,2024-05-31,SMB
54837,209,502.03,completed,2024-05-31,B2B
54838,475,46.02,shipped,2024-05-31,B2C
54839,712,79.91,pending,2024-05-31,B2C
54840,546,142.56,completed,2024-05-31,B2C
54841,147,318.7,completed,2024-05-31,B2C
54842,522,412.5,cancelled,2024-05-31,B2C
54843,648,76.43,completed,2024-05-31,B2C
54844,854,25.42,completed,2024-05-31,SMB
54845,731,97.13,completed,2024-05-31,B2B
54846,289,90.22,completed,2024-05-31,B2C
54847,197,660.62,completed,2024-05-31,SMB
54848,414,99.6,completed,2024-05-31,B2C
54849,544,69.73,completed,2024-05-31,B2C
54850,530,83.21,completed,2024-05-31,SMB
54851,17,90.86,shipped,2024-05-31,B2C
54852,535,273.51,cancelled,2024-05-31,SMB
54853,726,27.67,completed,2024-05-31,SMB
54854,635,72.08,completed,2024-05-31,B2B
54855,25,523.62,completed,2024-05-31,B2C
54856,274,39.93,completed,2024-05-31,Enterprise
54857,503,218.57,cancelled,2024-05-31,B2C
54858,526,81.1,completed,2024-05-31,B2C
54859,649,145.76,completed,2024-05-31,SMB
54860,369,30.73,completed,2024-05-31,B2B
54861,384,69.88,completed,2024-05-31,SMB
54862,528,119.23,completed,2024-05-31,B2C
54863,1020,54.54,completed,2024-05-31,Unknown
54864,324,132.09,shipped,2024-05-31,B2C
54865,639,52.22,completed,2024-06-01,B2C
54866,770,172.52,completed,2024-06-01,SMB
54867,688,367.07,completed,2024-06-01,B2C
54868,752,28.4,completed,2024-06-01,Enterprise
54869,850,51.62,completed,2024-06-01,B2C
54870,428,294.09,completed,2024-06-01,SMB
54871,578,164.77,shipped,2024-06-01,Enterprise
54872,871,27.3,completed,2024-06-01,B2C
54873,737,114.93,completed,2024-06-01,B2C
54874,451,50.31,completed,2024-06-01,SMB
54875,1006,48.3,completed,2024-06-01,Unknown
54876,628,438.63,completed,2024-06-01,SMB
54877,54,230.03,completed,2024-06-01,SMB
54878,315,193.72,completed,2024-06-01,SMB
54879,317,55.95,completed,2024-06-01,B2C
54880,41,33.93,completed,2024-06-01,B2B
54881,638,322.0,completed,2024-06-01,B2B
54882,184,15.88,completed,2024-06-01,SMB
54883,876,88.68,completed,2024-06-01,B2B
54884,205,63.78,completed,2024-06-01,B2C
54885,138,141.73,completed,2024-06-01,SMB
54886,221,58.25,completed,2024-06-01,B2C
54887,874,70.92,completed,2024-06-01,B2C
54888,269,299.61,completed,2024-06-01,B2C
54889,889,153.64,shipped,2024-06-01,B2B
54890,541,38.62,cancelled,2024-06-01,Enterprise
54891,514,209.45,completed,2024-06-01,SMB
54892,114,49.88,completed,2024-06-01,SMB
54893,597,100.11,completed,2024-06-01,B2C
54894,533,171.03,completed,2024-06-01,Enterprise
54895,517,62.6,completed,2024-06-01,B2C
54896,655,87.7,pending,2024-06-01,B2C
54897,871,213.72,completed,2024-06-02,B2C
54898,127,431.88,cancelled,2024-06-02,SMB
54899,581,128.01,completed,2024-06-02,B2C
54900,523,16.5,completed,2024-06-02,Enterprise
54901,831,76.98,shipped,2024-06-02,B2B
54902,807,91.28,pending,2024-06-02,Enterprise
54903,132,77.14,shipped,2024-06-02,B2B
54904,631,100.98,shipped,2024-06-02,SMB
54905,616,165.22,completed,2024-06-02,Enterprise
54906,844,34.37,completed,2024-06-02,Enterprise
54907,625,62.75,completed,2024-06-02,B2C
54908,171,121.28,completed,2024-06-02,B2C
54909,888,71.88,cancelled,2024-06-02,B2B
54910,582,723.01,shipped,2024-06-02,Enterprise
54911,750,99.7,shipped,2024-06-02,B2C
54912,771,320.8,completed,2024-06-02,B2B
54913,244,355.24,completed,2024-06-02,B2C
54914,108,286.19,pending,2024-06-02,SMB
54915,165,22.21,completed,2024-06-02,B2B
54916,33,457.75,completed,2024-06-02,B2B
54917,575,35.67,shipped,2024-06-02,SMB
54918,583,20.25,completed,2024-06-02,B2C
54919,541,95.26,cancelled,2024-06-02,Enterprise
54920,659,47.47,completed,2024-06-02,B2C
54921,573,45.54,completed,2024-06-02,B2C
54922,229,65.91,completed,2024-06-02,SMB
54923,215,57.83,completed,2024-06-02,SMB
54924,227,188.18,completed,2024-06-02,Enterprise
54925,633,46.01,completed,2024-06-02,B2C
54926,881,132.5,pending,2024-06-02,B2B
54927,619,659.95,pending,2024-06-02,SMB
54928,610,99.95,completed,2024-06-02,B2C
54929,645,169.03,completed,2024-06-03,B2B
54930,795,537.87,completed,2024-06-03,B2B
54931,850,37.21,shipped,2024-06-03,B2C
54932,376,96.35,completed,2024-06-03,B2C
54933,175,299.76,completed,2024-06-03,B2C
54934,400,418.91,completed,2024-06-03,SMB
54935,733,152.91,completed,2024-06-03,B2C
54936,536,38.22,completed,2024-06-03,Enterprise
54937,177,362.61,shipped,2024-06-03,B2C
54938,523,43.76,cancelled,2024-06-03,Enterprise
54939,315,80.28,completed,2024-06-03,SMB
54940,102,85.62,completed,2024-06-03,B2C
54941,763,103.94,completed,2024-06-03,B2B
54942,751,249.22,completed,2024-06-03,B2B
54943,380,258.03,completed,2024-06-03,B2C
54944,898,205.76,completed,2024-06-03,SMB
54945,247,18.36,shipped,2024-06-03,B2C
54946,752,139.81,completed,2024-06-03,Enterprise
54947,481,221.45,completed,2024-06-03,B2C
54948,490,103.22,completed,2024-06-03,SMB
54949,703,449.89,completed,2024-06-03,B2C
54950,153,275.43,completed,2024-06-03,B2B
54951,827,167.48,completed,2024-06-03,B2C
54952,898,24.67,completed,2024-06-03,SMB
54953,785,173.48,pending,2024-06-03,B2B
54954,440,378.85,completed,2024-06-03,B2B
54955,485,86.57,completed,2024-06-03,B2C
54956,335,288.15,completed,2024-06-03,B2B
54957,541,71.35,completed,2024-06-03,Enterprise
54958,845,141.63,completed,2024-06-03,B2B
54959,836,171.8,shipped,2024-06-03,B2C
54960,265,184.98,completed,2024-06-03,SMB
54961,561,336.26,completed,2024-06-04,SMB
54962,732,55.11,completed,2024-06-04,SMB
54963,557,60.65,completed,2024-06-04,B2B
54964,814,197.63,completed,2024-06-04,Enterprise
54965,778,44.26,pending,2024-06-04,SMB
54966,793,108.62,completed,2024-06-04,B2C
54967,551,18.04,shipped,2024-06-04,B2C
54968,289,37.79,completed,2024-06-04,B2C
54969,125,185.38,completed,2024-06-04,B2B
54970,602,221.43,completed,2024-06-04,B2C
54971,549,33.38,completed,2024-06-04,B2C
54972,111,53.76,completed,2024-06-04,B2C
54973,559,30.62,shipped,2024-06-04,SMB
54974,364,100.22,completed,2024-06-04,B2C
54975,521,35.22,completed,2024-06-04,B2C
54976,221,101.25,shipped,2024-06-04,B2C
54977,57,212.57,completed,2024-06-04,B2B
54978,566,187.51,shipped,2024-06-04,B2C
54979,93,64.37,completed,2024-06-04,SMB
54980,260,183.02,completed,2024-06-04,B2B
54981,84,409.06,completed,2024-06-04,B2B
54982,873,79.05,completed,2024-06-04,B2C
54983,224,74.87,shipped,2024-06-04,B2C
54984,557,142.1,pending,2024-06-04,B2B
54985,166,57.26,completed,2024-06-04,SMB
54986,611,173.15,completed,2024-06-04,B2B
54987,638,282.8,completed,2024-06-04,B2B
54988,488,107.24,completed,2024-06-04,B2C
54989,526,185.68,completed,2024-06-04,B2C
54990,191,173.28,completed,2024-06-04,B2B
54991,440,20.91,shipped,2024-06-04,B2B
54992,890,45.39,completed,2024-06-04,B2B
54993,655,350.98,cancelled,2024-06-05,B2C
54994,35,434.27,completed,2024-06-05,Enterprise
54995,188,242.42,cancelled,2024-06-05,B2C
54996,614,396.22,completed,2024-06-05,B2B
54997,878,69.82,completed,2024-06-05,B2C
54998,664,57.7,shipped,2024-06-05,B2B
54999,222,87.75,shipped,2024-06-05,B2C
55000,476,23.54,shipped,2024-06-05,Enterprise
