order_id,customer_id,segment,region,order_amount,order_status,order_date,churn_risk
50001,269,Starter,East,19.06,shipped,2024-01-01,High
50002,72,Mid-Market,South,16.88,cancelled,2024-01-01,High
50003,797,Enterprise,Central,332.8,shipped,2024-01-01,High
50004,126,Starter,South,21.92,completed,2024-01-01,High
50005,696,Starter,South,212.08,completed,2024-01-01,High
50006,823,Starter,West,323.34,completed,2024-01-01,High
50007,681,SMB,North,30.48,completed,2024-01-01,High
50008,513,Enterprise,North,100.99,completed,2024-01-01,High
50009,268,SMB,North,506.73,completed,2024-01-01,High
50010,891,SMB,West,284.49,pending,2024-01-01,High
50011,344,Starter,North,115.91,pending,2024-01-01,High
50012,355,Mid-Market,South,230.68,completed,2024-01-01,High
50013,734,Starter,Central,283.8,completed,2024-01-01,High
50014,720,SMB,South,79.16,completed,2024-01-01,High
50015,896,Mid-Market,West,349.06,completed,2024-01-01,High
50016,10,SMB,East,110.37,shipped,2024-01-01,High
50017,365,Enterprise,West,127.56,completed,2024-01-01,High
50018,571,Starter,South,1235.63,completed,2024-01-01,High
50019,225,Starter,East,293.02,completed,2024-01-01,High
50020,102,Starter,North,82.36,completed,2024-01-01,High
50021,618,Starter,Central,16.56,pending,2024-01-01,High
50022,267,Starter,West,162.59,completed,2024-01-01,High
50023,153,Mid-Market,South,197.57,pending,2024-01-01,High
50024,837,Enterprise,West,172.82,completed,2024-01-01,High
50025,201,Starter,East,530.66,shipped,2024-01-01,High
50026,263,Mid-Market,South,313.13,completed,2024-01-01,High
50027,113,Enterprise,South,104.36,completed,2024-01-01,High
50028,727,Mid-Market,North,24.74,completed,2024-01-01,High
50029,559,SMB,Central,111.96,completed,2024-01-01,High
50030,321,Starter,West,190.31,shipped,2024-01-01,High
50031,559,SMB,Central,155.36,completed,2024-01-01,High
50032,53,Enterprise,South,130.87,pending,2024-01-01,High
50033,738,SMB,South,109.9,completed,2024-01-02,High
50034,505,Starter,West,67.17,shipped,2024-01-02,High
50035,726,SMB,Central,63.72,completed,2024-01-02,High
50036,676,Enterprise,South,119.04,shipped,2024-01-02,High
50037,511,Starter,West,41.26,pending,2024-01-02,High
50038,700,Starter,West,77.48,completed,2024-01-02,High
50039,779,SMB,South,73.73,completed,2024-01-02,High
50040,398,Starter,South,147.69,completed,2024-01-02,High
50041,591,Mid-Market,Central,25.35,completed,2024-01-02,High
50042,706,Enterprise,North,280.5,completed,2024-01-02,High
50043,694,Mid-Market,West,138.96,completed,2024-01-02,High
50044,91,Mid-Market,West,181.68,pending,2024-01-02,High
50045,760,SMB,West,197.15,pending,2024-01-02,High
50046,826,Enterprise,Central,66.69,shipped,2024-01-02,High
50047,376,Starter,Central,110.34,completed,2024-01-02,High
50048,98,Starter,West,484.38,shipped,2024-01-02,High
50049,316,Starter,West,233.32,completed,2024-01-02,High
50050,772,SMB,West,538.78,completed,2024-01-02,High
50051,456,Starter,West,220.71,completed,2024-01-02,High
50052,45,Starter,Central,43.96,pending,2024-01-02,High
50053,546,Starter,South,25.01,shipped,2024-01-02,High
50054,1006,,,144.29,completed,2024-01-02,High
50055,10,SMB,East,81.43,shipped,2024-01-02,High
50056,140,Enterprise,North,63.33,completed,2024-01-02,High
50057,548,Starter,North,261.92,shipped,2024-01-02,High
50058,822,Mid-Market,Central,83.59,completed,2024-01-02,High
50059,617,Mid-Market,West,72.19,completed,2024-01-02,High
50060,401,Mid-Market,Central,299.56,completed,2024-01-02,High
50061,314,Enterprise,East,295.9,completed,2024-01-02,High
50062,673,Mid-Market,South,81.09,completed,2024-01-02,High
50063,657,Starter,West,283.01,completed,2024-01-02,High
50064,758,Starter,South,300.35,completed,2024-01-02,High
50065,610,Starter,North,97.73,shipped,2024-01-03,High
50066,45,Starter,Central,25.32,pending,2024-01-03,High
50067,516,Mid-Market,West,15.24,completed,2024-01-03,High
50068,863,Starter,South,126.13,cancelled,2024-01-03,High
50069,694,Mid-Market,West,78.26,completed,2024-01-03,High
50070,125,Mid-Market,West,893.12,shipped,2024-01-03,High
50071,147,Starter,East,237.03,completed,2024-01-03,High
50072,685,Enterprise,Central,229.87,completed,2024-01-03,High
50073,217,Starter,Central,480.98,completed,2024-01-03,High
50074,166,SMB,South,343.02,shipped,2024-01-03,High
50075,881,Mid-Market,Central,72.45,completed,2024-01-03,High
50076,120,Starter,Central,42.23,shipped,2024-01-03,High
50077,427,Starter,West,220.5,completed,2024-01-03,High
50078,183,Enterprise,Central,86.29,completed,2024-01-03,High
50079,615,SMB,Central,111.13,completed,2024-01-03,High
50080,129,Mid-Market,East,164.3,shipped,2024-01-03,High
50081,681,SMB,North,372.69,completed,2024-01-03,High
50082,753,Starter,East,96.47,shipped,2024-01-03,High
50083,303,Starter,South,244.4,completed,2024-01-03,High
50084,118,Mid-Market,South,61.87,shipped,2024-01-03,High
50085,598,Mid-Market,South,194.59,completed,2024-01-03,High
50086,575,SMB,North,15.24,completed,2024-01-03,High
50087,105,Enterprise,East,322.78,completed,2024-01-03,High
50088,508,SMB,East,19.63,completed,2024-01-03,High
50089,846,Starter,South,202.11,completed,2024-01-03,High
50090,331,Starter,Central,22.1,pending,2024-01-03,High
50091,246,Enterprise,East,61.44,completed,2024-01-03,High
50092,625,Starter,South,118.14,completed,2024-01-03,High
50093,266,SMB,Central,96.69,completed,2024-01-03,High
50094,151,Enterprise,East,46.95,completed,2024-01-03,High
50095,56,Enterprise,South,75.93,completed,2024-01-03,High
50096,577,Mid-Market,North,210.13,completed,2024-01-03,High
50097,457,Mid-Market,East,180.96,shipped,2024-01-04,High
50098,188,Starter,East,26.18,completed,2024-01-04,High
50099,9,Starter,West,221.34,shipped,2024-01-04,High
50100,307,Starter,North,23.18,completed,2024-01-04,High
50101,208,Starter,East,132.44,completed,2024-01-04,High
50102,540,Mid-Market,Central,60.18,completed,2024-01-04,High
50103,651,Mid-Market,Central,147.9,shipped,2024-01-04,High
50104,249,Enterprise,Central,60.44,completed,2024-01-04,High
50105,388,Mid-Market,East,644.54,shipped,2024-01-04,High
50106,452,Starter,East,70.6,completed,2024-01-04,High
50107,517,Starter,West,56.55,shipped,2024-01-04,High
50108,60,Starter,South,63.96,completed,2024-01-04,High
50109,101,Mid-Market,South,355.19,completed,2024-01-04,High
50110,47,Starter,Central,166.68,completed,2024-01-04,High
50111,83,Starter,Central,211.78,completed,2024-01-04,High
50112,308,Starter,North,390.17,completed,2024-01-04,High
50113,87,SMB,North,379.35,completed,2024-01-04,High
50114,19,Starter,South,216.45,shipped,2024-01-04,High
50115,161,Starter,South,48.06,completed,2024-01-04,High
50116,161,Starter,South,293.08,completed,2024-01-04,High
50117,759,SMB,Central,49.18,completed,2024-01-04,High
50118,60,Starter,South,218.74,completed,2024-01-04,High
50119,172,Mid-Market,Central,188.56,completed,2024-01-04,High
50120,471,Mid-Market,North,228.37,completed,2024-01-04,High
50121,875,Mid-Market,West,129.11,shipped,2024-01-04,High
50122,283,Starter,West,167.72,completed,2024-01-04,High
50123,439,SMB,South,474.67,completed,2024-01-04,High
50124,125,Mid-Market,West,30.99,completed,2024-01-04,High
50125,23,Starter,South,70.41,completed,2024-01-04,High
50126,726,SMB,Central,156.76,completed,2024-01-04,High
50127,292,Mid-Market,East,513.86,completed,2024-01-04,High
50128,703,Starter,North,30.07,completed,2024-01-04,High
50129,315,SMB,Central,18.42,completed,2024-01-05,High
50130,815,SMB,West,23.6,cancelled,2024-01-05,High
50131,235,Mid-Market,West,23.07,completed,2024-01-05,High
50132,572,SMB,North,372.6,completed,2024-01-05,High
50133,1011,,,206.62,completed,2024-01-05,High
50134,605,Mid-Market,North,184.56,completed,2024-01-05,High
50135,218,SMB,East,125.9,pending,2024-01-05,High
50136,56,Enterprise,South,243.46,completed,2024-01-05,High
50137,365,Enterprise,West,40.38,completed,2024-01-05,High
50138,877,SMB,East,89.62,shipped,2024-01-05,High
50139,581,Starter,Central,116.0,completed,2024-01-05,High
50140,540,Mid-Market,Central,32.55,cancelled,2024-01-05,High
50141,324,Starter,West,96.58,pending,2024-01-05,High
50142,290,Starter,North,72.08,completed,2024-01-05,High
50143,3,SMB,Central,20.43,completed,2024-01-05,High
50144,141,Enterprise,West,37.06,completed,2024-01-05,High
50145,218,SMB,East,231.61,completed,2024-01-05,High
50146,464,Starter,West,17.73,completed,2024-01-05,High
50147,850,Starter,South,423.29,completed,2024-01-05,High
50148,533,Enterprise,Central,28.56,pending,2024-01-05,High
50149,446,Enterprise,South,255.85,completed,2024-01-05,High
50150,188,Starter,East,358.33,completed,2024-01-05,High
50151,660,Starter,West,439.88,completed,2024-01-05,High
50152,869,SMB,North,318.15,pending,2024-01-05,High
50153,14,Mid-Market,South,65.86,completed,2024-01-05,High
50154,1004,,,75.76,completed,2024-01-05,High
50155,755,Mid-Market,East,98.41,shipped,2024-01-05,High
50156,235,Mid-Market,West,37.5,shipped,2024-01-05,High
50157,20,Starter,Central,18.38,pending,2024-01-05,High
50158,467,Starter,South,320.02,shipped,2024-01-05,High
50159,748,Starter,East,136.16,completed,2024-01-05,High
50160,393,Starter,East,155.75,completed,2024-01-05,High
50161,275,Starter,West,407.57,completed,2024-01-06,High
50162,390,SMB,West,179.1,completed,2024-01-06,High
50163,656,Mid-Market,North,191.09,completed,2024-01-06,High
50164,716,Enterprise,West,246.95,completed,2024-01-06,High
50165,201,Starter,East,33.55,pending,2024-01-06,High
50166,304,Starter,West,81.98,completed,2024-01-06,High
50167,134,Starter,North,532.28,completed,2024-01-06,High
50168,753,Starter,East,399.46,completed,2024-01-06,High
50169,891,SMB,West,338.22,pending,2024-01-06,High
50170,471,Mid-Market,North,105.25,completed,2024-01-06,High
50171,233,Starter,Central,306.94,completed,2024-01-06,High
50172,689,SMB,South,22.44,completed,2024-01-06,High
50173,819,Mid-Market,West,39.12,completed,2024-01-06,High
50174,621,Mid-Market,North,95.16,completed,2024-01-06,High
50175,553,Starter,Central,114.07,pending,2024-01-06,High
50176,439,SMB,South,60.88,cancelled,2024-01-06,High
50177,832,Starter,North,81.12,cancelled,2024-01-06,High
50178,554,Starter,West,41.65,completed,2024-01-06,High
50179,619,SMB,North,115.75,pending,2024-01-06,High
50180,48,Starter,South,251.87,cancelled,2024-01-06,High
50181,640,Starter,West,177.42,pending,2024-01-06,High
50182,31,Starter,South,32.11,completed,2024-01-06,High
50183,598,Mid-Market,South,115.29,shipped,2024-01-06,High
50184,753,Starter,East,194.42,completed,2024-01-06,High
50185,471,Mid-Market,North,128.22,pending,2024-01-06,High
50186,1001,,,89.56,completed,2024-01-06,High
50187,838,Starter,South,160.9,completed,2024-01-06,High
50188,725,Starter,South,534.33,cancelled,2024-01-06,High
50189,247,Starter,South,29.96,completed,2024-01-06,High
50190,640,Starter,West,89.15,completed,2024-01-06,High
50191,479,Enterprise,North,93.28,cancelled,2024-01-06,High
50192,689,SMB,South,144.05,cancelled,2024-01-06,High
50193,1002,,,39.76,completed,2024-01-07,High
50194,732,SMB,Central,44.15,pending,2024-01-07,High
50195,891,SMB,West,65.4,completed,2024-01-07,High
50196,664,Mid-Market,South,483.09,completed,2024-01-07,High
50197,163,Starter,East,213.7,completed,2024-01-07,High
50198,382,Starter,South,177.57,completed,2024-01-07,High
50199,536,Enterprise,East,269.71,completed,2024-01-07,High
50200,283,Starter,West,35.47,completed,2024-01-07,High
50201,50,Mid-Market,Central,309.2,pending,2024-01-07,High
50202,1019,,,150.52,completed,2024-01-07,High
50203,737,Starter,East,76.27,pending,2024-01-07,High
50204,72,Mid-Market,South,268.8,shipped,2024-01-07,High
50205,257,Enterprise,Central,258.35,completed,2024-01-07,High
50206,357,Mid-Market,North,295.34,pending,2024-01-07,High
50207,619,SMB,North,33.41,pending,2024-01-07,High
50208,376,Starter,Central,537.82,completed,2024-01-07,High
50209,572,SMB,North,496.44,completed,2024-01-07,High
50210,520,Mid-Market,West,81.35,shipped,2024-01-07,High
50211,377,SMB,East,25.22,shipped,2024-01-07,High
50212,72,Mid-Market,South,42.42,pending,2024-01-07,High
50213,605,Mid-Market,North,755.69,completed,2024-01-07,High
50214,91,Mid-Market,West,139.18,completed,2024-01-07,High
50215,508,SMB,East,81.15,completed,2024-01-07,High
50216,782,Starter,Central,65.99,completed,2024-01-07,High
50217,790,Enterprise,South,59.56,completed,2024-01-07,High
50218,899,Mid-Market,South,178.66,completed,2024-01-07,High
50219,61,Starter,East,96.55,completed,2024-01-07,High
50220,691,Starter,West,519.63,shipped,2024-01-07,High
50221,780,Starter,East,187.73,completed,2024-01-07,High
50222,701,Starter,North,250.56,completed,2024-01-07,High
50223,836,Starter,East,66.95,shipped,2024-01-07,High
50224,326,SMB,West,27.37,cancelled,2024-01-07,High
50225,160,SMB,East,115.36,completed,2024-01-08,High
50226,670,Starter,Central,71.66,completed,2024-01-08,High
50227,516,Mid-Market,West,48.86,pending,2024-01-08,High
50228,744,Starter,South,472.5,completed,2024-01-08,High
50229,268,SMB,North,103.04,shipped,2024-01-08,High
50230,93,SMB,South,43.8,completed,2024-01-08,High
50231,100,Mid-Market,Central,48.22,completed,2024-01-08,High
50232,618,Starter,Central,64.42,completed,2024-01-08,High
50233,255,Mid-Market,Central,1108.19,completed,2024-01-08,High
50234,420,SMB,West,61.8,completed,2024-01-08,High
50235,681,SMB,North,74.8,completed,2024-01-08,High
50236,262,Enterprise,South,176.53,cancelled,2024-01-08,High
50237,126,Starter,South,67.21,completed,2024-01-08,High
50238,806,SMB,Central,51.46,completed,2024-01-08,High
50239,646,SMB,East,40.91,pending,2024-01-08,High
50240,265,SMB,South,71.24,completed,2024-01-08,High
50241,273,SMB,Central,31.79,shipped,2024-01-08,High
50242,792,Starter,West,17.82,cancelled,2024-01-08,High
50243,726,SMB,Central,259.94,completed,2024-01-08,High
50244,607,Mid-Market,Central,37.26,completed,2024-01-08,High
50245,347,Starter,North,239.4,pending,2024-01-08,High
50246,741,Starter,Central,254.58,completed,2024-01-08,High
50247,331,Starter,Central,130.8,completed,2024-01-08,High
50248,155,Enterprise,South,70.59,pending,2024-01-08,High
50249,704,Mid-Market,South,38.5,shipped,2024-01-08,High
50250,410,Mid-Market,Central,215.23,cancelled,2024-01-08,High
50251,294,Starter,North,152.96,completed,2024-01-08,High
50252,615,SMB,Central,174.83,completed,2024-01-08,High
50253,883,Mid-Market,Central,16.31,completed,2024-01-08,High
50254,171,Starter,Central,408.66,completed,2024-01-08,High
50255,571,Starter,South,25.29,completed,2024-01-08,High
50256,124,Mid-Market,East,83.55,completed,2024-01-08,High
50257,698,Starter,Central,92.3,completed,2024-01-09,High
50258,623,Starter,East,15.2,completed,2024-01-09,High
50259,441,Mid-Market,East,118.1,completed,2024-01-09,High
50260,101,Mid-Market,South,224.64,completed,2024-01-09,High
50261,74,SMB,West,274.97,pending,2024-01-09,High
50262,146,Mid-Market,East,332.29,completed,2024-01-09,High
50263,212,Starter,South,115.33,shipped,2024-01-09,High
50264,185,Starter,East,164.4,pending,2024-01-09,High
50265,800,Enterprise,North,27.43,completed,2024-01-09,High
50266,65,Starter,North,115.43,completed,2024-01-09,High
50267,494,Mid-Market,Central,40.23,completed,2024-01-09,High
50268,102,Starter,North,84.22,pending,2024-01-09,High
50269,726,SMB,Central,74.92,completed,2024-01-09,High
50270,366,Starter,South,97.63,shipped,2024-01-09,High
50271,693,Starter,North,142.17,cancelled,2024-01-09,High
50272,247,Starter,South,364.77,cancelled,2024-01-09,High
50273,878,Starter,North,90.25,completed,2024-01-09,High
50274,349,Starter,West,610.54,shipped,2024-01-09,High
50275,201,Starter,East,228.46,cancelled,2024-01-09,High
50276,558,Mid-Market,South,122.46,completed,2024-01-09,High
50277,120,Starter,Central,169.93,completed,2024-01-09,High
50278,471,Mid-Market,North,31.18,completed,2024-01-09,High
50279,250,SMB,West,294.19,completed,2024-01-09,High
50280,301,Mid-Market,North,145.97,pending,2024-01-09,High
50281,888,Mid-Market,Central,656.03,completed,2024-01-09,High
50282,250,SMB,West,166.77,pending,2024-01-09,High
50283,484,Starter,Central,284.47,shipped,2024-01-09,High
50284,566,Starter,East,256.24,completed,2024-01-09,High
50285,610,Starter,North,78.57,completed,2024-01-09,High
50286,837,Enterprise,West,60.09,completed,2024-01-09,High
50287,559,SMB,Central,99.45,pending,2024-01-09,High
50288,198,SMB,East,109.45,completed,2024-01-09,High
50289,283,Starter,West,56.18,completed,2024-01-10,High
50290,453,Starter,East,352.5,completed,2024-01-10,High
50291,796,SMB,Central,132.31,pending,2024-01-10,High
50292,819,Mid-Market,West,590.57,pending,2024-01-10,High
50293,398,Starter,South,264.12,completed,2024-01-10,High
50294,718,Enterprise,South,136.69,completed,2024-01-10,High
50295,507,Enterprise,North,455.73,shipped,2024-01-10,High
50296,25,Starter,Central,120.44,completed,2024-01-10,High
50297,650,Starter,East,342.2,completed,2024-01-10,High
50298,628,SMB,South,81.51,completed,2024-01-10,High
50299,496,Starter,West,86.38,completed,2024-01-10,High
50300,825,Starter,South,96.23,completed,2024-01-10,High
50301,621,Mid-Market,North,133.66,completed,2024-01-10,High
50302,396,Enterprise,South,135.94,completed,2024-01-10,High
50303,401,Mid-Market,Central,117.9,completed,2024-01-10,High
50304,56,Enterprise,South,69.79,completed,2024-01-10,High
50305,1013,,,408.02,completed,2024-01-10,High
50306,163,Starter,East,148.22,completed,2024-01-10,High
50307,891,SMB,West,93.57,completed,2024-01-10,High
50308,822,Mid-Market,Central,172.98,cancelled,2024-01-10,High
50309,603,Mid-Market,South,234.13,completed,2024-01-10,High
50310,286,Mid-Market,Central,500.59,pending,2024-01-10,High
50311,266,SMB,Central,118.84,completed,2024-01-10,High
50312,718,Enterprise,South,32.83,completed,2024-01-10,High
50313,59,Mid-Market,Central,102.18,completed,2024-01-10,High
50314,456,Starter,West,112.79,completed,2024-01-10,High
50315,900,Mid-Market,West,355.95,shipped,2024-01-10,High
50316,350,Starter,North,90.33,completed,2024-01-10,High
50317,435,Mid-Market,West,474.68,completed,2024-01-10,High
50318,546,Starter,South,114.58,pending,2024-01-10,High
50319,118,Mid-Market,South,561.19,completed,2024-01-10,High
50320,448,SMB,South,16.23,completed,2024-01-10,High
50321,722,Mid-Market,West,358.62,completed,2024-01-11,High
50322,837,Enterprise,West,416.31,completed,2024-01-11,High
50323,154,Starter,West,501.71,completed,2024-01-11,High
50324,143,Starter,South,16.97,completed,2024-01-11,High
50325,518,SMB,East,43.26,completed,2024-01-11,High
50326,563,Mid-Market,South,174.1,completed,2024-01-11,High
50327,576,Enterprise,West,18.87,shipped,2024-01-11,High
50328,220,SMB,North,24.86,shipped,2024-01-11,High
50329,669,Mid-Market,East,52.48,cancelled,2024-01-11,High
50330,616,Enterprise,East,122.75,pending,2024-01-11,High
50331,64,Starter,Central,133.42,pending,2024-01-11,High
50332,304,Starter,West,20.23,shipped,2024-01-11,High
50333,387,Starter,East,43.02,completed,2024-01-11,High
50334,451,SMB,South,118.88,completed,2024-01-11,High
50335,879,Mid-Market,North,150.19,completed,2024-01-11,High
50336,196,Starter,South,39.1,completed,2024-01-11,High
50337,533,Enterprise,Central,91.33,pending,2024-01-11,High
50338,109,Mid-Market,East,367.14,completed,2024-01-11,High
50339,504,SMB,North,1036.77,completed,2024-01-11,High
50340,134,Starter,North,668.92,completed,2024-01-11,High
50341,710,Starter,South,335.15,completed,2024-01-11,High
50342,187,SMB,North,90.29,completed,2024-01-11,High
50343,22,Mid-Market,East,189.03,completed,2024-01-11,High
50344,794,Starter,West,95.83,completed,2024-01-11,High
50345,48,Starter,South,171.84,completed,2024-01-11,High
50346,258,Starter,East,70.54,completed,2024-01-11,High
50347,699,Mid-Market,Central,154.79,completed,2024-01-11,High
50348,630,Starter,North,126.27,pending,2024-01-11,High
50349,714,Starter,South,18.72,completed,2024-01-11,High
50350,864,Starter,West,249.6,completed,2024-01-11,High
50351,374,Starter,North,16.8,cancelled,2024-01-11,High
50352,674,Starter,West,67.04,completed,2024-01-11,High
50353,790,Enterprise,South,15.89,completed,2024-01-12,High
50354,294,Starter,North,85.79,completed,2024-01-12,High
50355,726,SMB,Central,24.79,shipped,2024-01-12,High
50356,455,Mid-Market,Central,382.16,completed,2024-01-12,High
50357,192,SMB,East,95.6,completed,2024-01-12,High
50358,584,Starter,West,107.29,shipped,2024-01-12,High
50359,605,Mid-Market,North,79.58,completed,2024-01-12,High
50360,14,Mid-Market,South,163.13,pending,2024-01-12,High
50361,261,Starter,East,245.16,completed,2024-01-12,High
50362,662,Enterprise,Central,171.68,completed,2024-01-12,High
50363,540,Mid-Market,Central,221.87,shipped,2024-01-12,High
50364,204,SMB,North,369.63,completed,2024-01-12,High
50365,875,Mid-Market,West,313.77,pending,2024-01-12,High
50366,783,Starter,South,183.16,cancelled,2024-01-12,High
50367,571,Starter,South,51.24,completed,2024-01-12,High
50368,754,Starter,West,167.29,pending,2024-01-12,High
50369,607,Mid-Market,Central,120.81,completed,2024-01-12,High
50370,683,Mid-Market,West,204.46,pending,2024-01-12,High
50371,804,Starter,West,283.4,completed,2024-01-12,High
50372,12,Enterprise,North,218.64,completed,2024-01-12,High
50373,13,SMB,Central,296.17,completed,2024-01-12,High
50374,117,SMB,North,24.9,completed,2024-01-12,High
50375,534,Starter,North,19.82,completed,2024-01-12,High
50376,59,Mid-Market,Central,59.86,pending,2024-01-12,High
50377,450,Mid-Market,West,361.39,pending,2024-01-12,High
50378,293,SMB,East,275.3,completed,2024-01-12,High
50379,21,Starter,North,187.2,completed,2024-01-12,High
50380,171,Starter,Central,195.98,pending,2024-01-12,High
50381,714,Starter,South,209.56,completed,2024-01-12,High
50382,8,SMB,North,443.66,completed,2024-01-12,High
50383,335,Mid-Market,North,282.74,completed,2024-01-12,High
50384,518,SMB,East,161.48,completed,2024-01-12,High
50385,147,Starter,East,179.36,completed,2024-01-13,High
50386,89,SMB,North,51.07,shipped,2024-01-13,High
50387,302,Starter,West,175.64,completed,2024-01-13,High
50388,1016,,,97.92,completed,2024-01-13,High
50389,421,SMB,South,39.9,pending,2024-01-13,High
50390,765,Mid-Market,North,261.3,completed,2024-01-13,High
50391,611,Mid-Market,Central,122.08,completed,2024-01-13,High
50392,672,SMB,East,583.64,completed,2024-01-13,High
50393,288,Starter,West,64.63,completed,2024-01-13,High
50394,367,Enterprise,South,113.28,completed,2024-01-13,High
50395,5,Mid-Market,Central,104.13,completed,2024-01-13,High
50396,393,Starter,East,34.31,completed,2024-01-13,High
50397,154,Starter,West,98.3,completed,2024-01-13,High
50398,589,Mid-Market,North,65.86,completed,2024-01-13,High
50399,598,Mid-Market,South,41.21,shipped,2024-01-13,High
50400,600,Mid-Market,West,64.73,completed,2024-01-13,High
50401,41,Mid-Market,South,54.84,completed,2024-01-13,High
50402,393,Starter,East,213.68,pending,2024-01-13,High
50403,441,Mid-Market,East,19.69,completed,2024-01-13,High
50404,639,Starter,North,159.14,completed,2024-01-13,High
50405,751,Mid-Market,North,229.48,completed,2024-01-13,High
50406,137,Starter,Central,113.3,pending,2024-01-13,High
50407,833,Mid-Market,North,417.28,completed,2024-01-13,High
50408,776,Mid-Market,West,199.59,completed,2024-01-13,High
50409,20,Starter,Central,221.7,completed,2024-01-13,High
50410,603,Mid-Market,South,47.9,completed,2024-01-13,High
50411,376,Starter,Central,240.29,shipped,2024-01-13,High
50412,504,SMB,North,282.65,completed,2024-01-13,High
50413,262,Enterprise,South,82.24,completed,2024-01-13,High
50414,855,Mid-Market,West,51.0,cancelled,2024-01-13,High
50415,425,Mid-Market,Central,87.93,completed,2024-01-13,High
50416,537,SMB,West,216.84,completed,2024-01-13,High
50417,840,Starter,South,96.1,completed,2024-01-14,High
50418,223,Mid-Market,West,215.14,shipped,2024-01-14,High
50419,429,Starter,Central,33.08,shipped,2024-01-14,High
50420,26,SMB,South,260.99,pending,2024-01-14,High
50421,887,Starter,West,58.8,completed,2024-01-14,High
50422,760,SMB,West,57.94,completed,2024-01-14,High
50423,310,Starter,Central,148.88,completed,2024-01-14,High
50424,717,SMB,West,25.9,pending,2024-01-14,High
50425,513,Enterprise,North,19.0,completed,2024-01-14,High
50426,89,SMB,North,60.37,completed,2024-01-14,High
50427,888,Mid-Market,Central,130.85,shipped,2024-01-14,High
50428,76,SMB,North,372.27,completed,2024-01-14,High
50429,207,Mid-Market,South,296.04,completed,2024-01-14,High
50430,462,Starter,East,116.13,pending,2024-01-14,High
50431,780,Starter,East,20.66,completed,2024-01-14,High
50432,248,Enterprise,South,129.94,completed,2024-01-14,High
50433,195,Starter,Central,198.01,completed,2024-01-14,High
50434,228,Starter,North,77.14,completed,2024-01-14,High
50435,528,Starter,North,32.66,completed,2024-01-14,High
50436,188,Starter,East,63.98,completed,2024-01-14,High
50437,843,Mid-Market,West,236.49,completed,2024-01-14,High
50438,645,Mid-Market,West,79.9,pending,2024-01-14,High
50439,752,Enterprise,North,265.68,completed,2024-01-14,High
50440,794,Starter,West,72.74,completed,2024-01-14,High
50441,447,Enterprise,West,41.79,completed,2024-01-14,High
50442,217,Starter,Central,100.86,shipped,2024-01-14,High
50443,503,Starter,North,105.3,completed,2024-01-14,High
50444,304,Starter,West,17.44,shipped,2024-01-14,High
50445,509,Enterprise,Central,33.67,shipped,2024-01-14,High
50446,889,Mid-Market,West,45.67,pending,2024-01-14,High
50447,825,Starter,South,33.09,shipped,2024-01-14,High
50448,169,Mid-Market,Central,77.67,completed,2024-01-14,High
50449,835,Starter,East,516.25,shipped,2024-01-15,High
50450,639,Starter,North,121.76,pending,2024-01-15,High
50451,809,Starter,Central,163.15,cancelled,2024-01-15,High
50452,634,Starter,South,81.1,completed,2024-01-15,High
50453,663,Starter,East,73.62,completed,2024-01-15,High
50454,550,SMB,South,18.51,completed,2024-01-15,High
50455,250,SMB,West,119.07,completed,2024-01-15,High
50456,625,Starter,South,114.13,shipped,2024-01-15,High
50457,1019,,,40.77,cancelled,2024-01-15,High
50458,503,Starter,North,231.79,completed,2024-01-15,High
50459,112,Mid-Market,East,116.79,pending,2024-01-15,High
50460,263,Mid-Market,South,77.1,completed,2024-01-15,High
50461,701,Starter,North,38.83,completed,2024-01-15,High
50462,318,Mid-Market,West,135.5,completed,2024-01-15,High
50463,646,SMB,East,224.64,completed,2024-01-15,High
50464,270,Starter,Central,64.69,pending,2024-01-15,High
50465,147,Starter,East,52.04,completed,2024-01-15,High
50466,189,Starter,East,125.7,completed,2024-01-15,High
50467,447,Enterprise,West,40.32,completed,2024-01-15,High
50468,820,Starter,West,179.77,completed,2024-01-15,High
50469,781,Starter,West,154.46,pending,2024-01-15,High
50470,359,Enterprise,North,28.67,completed,2024-01-15,High
50471,273,SMB,Central,20.58,completed,2024-01-15,High
50472,147,Starter,East,160.25,shipped,2024-01-15,High
50473,726,SMB,Central,67.28,completed,2024-01-15,High
50474,440,Mid-Market,North,28.56,shipped,2024-01-15,High
50475,294,Starter,North,228.71,completed,2024-01-15,High
50476,384,SMB,South,71.54,completed,2024-01-15,High
50477,1008,,,107.32,cancelled,2024-01-15,High
50478,103,Starter,West,55.54,shipped,2024-01-15,High
50479,813,Mid-Market,North,163.05,completed,2024-01-15,High
50480,511,Starter,West,68.82,completed,2024-01-15,High
50481,877,SMB,East,531.4,pending,2024-01-16,High
50482,304,Starter,West,197.08,completed,2024-01-16,High
50483,92,SMB,East,37.05,completed,2024-01-16,High
50484,727,Mid-Market,North,95.86,completed,2024-01-16,High
50485,201,Starter,East,88.02,completed,2024-01-16,High
50486,314,Enterprise,East,129.62,completed,2024-01-16,High
50487,586,Mid-Market,South,291.71,pending,2024-01-16,High
50488,570,Starter,North,146.35,completed,2024-01-16,High
50489,26,SMB,South,24.53,shipped,2024-01-16,High
50490,676,Enterprise,South,174.81,completed,2024-01-16,High
50491,463,SMB,South,16.24,completed,2024-01-16,High
50492,224,Starter,Central,242.09,completed,2024-01-16,High
50493,728,SMB,East,179.78,completed,2024-01-16,High
50494,453,Starter,East,70.4,completed,2024-01-16,High
50495,606,Starter,East,66.89,completed,2024-01-16,High
50496,411,Starter,East,255.13,shipped,2024-01-16,High
50497,76,SMB,North,244.41,completed,2024-01-16,High
50498,276,Starter,South,80.15,completed,2024-01-16,High
50499,292,Mid-Market,East,68.28,cancelled,2024-01-16,High
50500,306,Enterprise,West,138.09,cancelled,2024-01-16,High
50501,348,Mid-Market,North,16.26,completed,2024-01-16,High
50502,514,SMB,North,27.94,completed,2024-01-16,High
50503,15,Mid-Market,South,35.23,shipped,2024-01-16,High
50504,702,Mid-Market,South,45.76,shipped,2024-01-16,High
50505,618,Starter,Central,122.62,completed,2024-01-16,High
50506,134,Starter,North,743.85,completed,2024-01-16,High
50507,67,Mid-Market,Central,173.6,shipped,2024-01-16,High
50508,217,Starter,Central,24.49,pending,2024-01-16,High
50509,84,Mid-Market,North,126.85,shipped,2024-01-16,High
50510,237,Starter,South,117.97,completed,2024-01-16,High
50511,784,Starter,East,38.35,completed,2024-01-16,High
50512,662,Enterprise,Central,394.37,completed,2024-01-16,High
50513,791,Mid-Market,West,102.18,completed,2024-01-17,High
50514,606,Starter,East,797.07,completed,2024-01-17,High
50515,113,Enterprise,South,96.73,completed,2024-01-17,High
50516,582,Enterprise,North,155.46,completed,2024-01-17,High
50517,601,Mid-Market,East,31.6,completed,2024-01-17,High
50518,559,SMB,Central,105.83,shipped,2024-01-17,High
50519,550,SMB,South,55.92,shipped,2024-01-17,High
50520,856,Mid-Market,North,285.79,pending,2024-01-17,High
50521,161,Starter,South,244.82,shipped,2024-01-17,High
50522,480,Starter,North,275.74,completed,2024-01-17,High
50523,320,Starter,East,207.89,completed,2024-01-17,High
50524,390,SMB,West,283.18,completed,2024-01-17,High
50525,452,Starter,East,48.63,completed,2024-01-17,High
50526,127,SMB,North,105.23,pending,2024-01-17,High
50527,294,Starter,North,191.57,completed,2024-01-17,High
50528,274,Enterprise,East,167.17,completed,2024-01-17,High
50529,900,Mid-Market,West,204.0,completed,2024-01-17,High
50530,147,Starter,East,53.09,completed,2024-01-17,High
50531,530,SMB,Central,30.54,completed,2024-01-17,High
50532,129,Mid-Market,East,387.99,completed,2024-01-17,High
50533,357,Mid-Market,North,138.21,completed,2024-01-17,High
50534,169,Mid-Market,Central,40.05,completed,2024-01-17,High
50535,451,SMB,South,251.57,pending,2024-01-17,High
50536,437,Mid-Market,West,384.64,completed,2024-01-17,High
50537,445,SMB,Central,42.87,completed,2024-01-17,High
50538,668,Mid-Market,West,270.08,completed,2024-01-17,High
50539,628,SMB,South,420.96,completed,2024-01-17,High
50540,645,Mid-Market,West,432.97,completed,2024-01-17,High
50541,43,Mid-Market,North,383.28,completed,2024-01-17,High
50542,314,Enterprise,East,133.59,shipped,2024-01-17,High
50543,78,Mid-Market,East,81.06,shipped,2024-01-17,High
50544,611,Mid-Market,Central,16.09,completed,2024-01-17,High
50545,483,Starter,East,24.43,completed,2024-01-18,High
50546,866,Starter,South,99.01,completed,2024-01-18,High
50547,97,Starter,East,91.46,completed,2024-01-18,High
50548,567,Starter,South,45.63,completed,2024-01-18,High
50549,127,SMB,North,90.5,completed,2024-01-18,High
50550,541,Enterprise,South,43.79,completed,2024-01-18,High
50551,573,Starter,West,298.36,shipped,2024-01-18,High
50552,588,Mid-Market,North,68.11,pending,2024-01-18,High
50553,116,SMB,North,151.91,shipped,2024-01-18,High
50554,419,Starter,East,119.83,completed,2024-01-18,High
50555,664,Mid-Market,South,22.99,completed,2024-01-18,High
50556,383,Starter,West,442.7,completed,2024-01-18,High
50557,552,SMB,West,127.37,completed,2024-01-18,High
50558,127,SMB,North,73.97,completed,2024-01-18,High
50559,487,Mid-Market,West,40.82,completed,2024-01-18,High
50560,599,Mid-Market,Central,76.99,completed,2024-01-18,High
50561,685,Enterprise,Central,18.11,shipped,2024-01-18,High
50562,624,Starter,West,82.78,shipped,2024-01-18,High
50563,503,Starter,North,128.73,completed,2024-01-18,High
50564,431,Mid-Market,Central,323.2,completed,2024-01-18,High
50565,562,Mid-Market,Central,189.41,completed,2024-01-18,High
50566,542,Starter,East,32.75,completed,2024-01-18,High
50567,19,Starter,South,38.98,completed,2024-01-18,High
50568,884,Mid-Market,South,98.82,shipped,2024-01-18,High
50569,282,Starter,West,47.67,completed,2024-01-18,High
50570,488,Starter,West,19.24,completed,2024-01-18,High
50571,634,Starter,South,260.22,completed,2024-01-18,High
50572,525,SMB,West,17.96,completed,2024-01-18,High
50573,451,SMB,South,281.4,completed,2024-01-18,High
50574,417,Starter,North,38.34,shipped,2024-01-18,High
50575,835,Starter,East,566.41,completed,2024-01-18,High
50576,115,Starter,South,153.9,completed,2024-01-18,High
50577,384,SMB,South,214.19,pending,2024-01-19,High
50578,13,SMB,Central,32.56,completed,2024-01-19,High
50579,269,Starter,East,312.19,completed,2024-01-19,High
50580,651,Mid-Market,Central,289.13,completed,2024-01-19,High
50581,770,SMB,Central,173.76,shipped,2024-01-19,High
50582,320,Starter,East,119.66,completed,2024-01-19,High
50583,790,Enterprise,South,206.74,completed,2024-01-19,High
50584,796,SMB,Central,15.89,cancelled,2024-01-19,High
50585,419,Starter,East,149.64,shipped,2024-01-19,High
50586,439,SMB,South,297.0,completed,2024-01-19,High
50587,661,Starter,Central,81.22,shipped,2024-01-19,High
50588,73,Mid-Market,North,32.19,completed,2024-01-19,High
50589,730,Mid-Market,South,96.94,completed,2024-01-19,High
50590,734,Starter,Central,209.8,completed,2024-01-19,High
50591,128,SMB,Central,32.03,completed,2024-01-19,High
50592,273,SMB,Central,49.61,completed,2024-01-19,High
50593,30,Mid-Market,East,38.95,pending,2024-01-19,High
50594,867,Mid-Market,North,254.14,completed,2024-01-19,High
50595,754,Starter,West,24.74,completed,2024-01-19,High
50596,409,Enterprise,Central,189.03,completed,2024-01-19,High
50597,570,Starter,North,83.46,pending,2024-01-19,High
50598,13,SMB,Central,226.46,shipped,2024-01-19,High
50599,380,Starter,North,515.24,completed,2024-01-19,High
50600,328,Starter,North,33.25,pending,2024-01-19,High
50601,695,Mid-Market,Central,71.62,completed,2024-01-19,High
50602,671,Mid-Market,West,264.21,completed,2024-01-19,High
50603,760,SMB,West,61.42,shipped,2024-01-19,High
50604,118,Mid-Market,South,51.33,completed,2024-01-19,High
50605,511,Starter,West,276.77,cancelled,2024-01-19,High
50606,302,Starter,West,667.37,completed,2024-01-19,High
50607,342,Starter,North,137.09,completed,2024-01-19,High
50608,519,Enterprise,Central,63.87,pending,2024-01-19,High
50609,439,SMB,South,91.27,shipped,2024-01-20,High
50610,172,Mid-Market,Central,42.97,completed,2024-01-20,High
50611,227,Enterprise,South,230.25,completed,2024-01-20,High
50612,494,Mid-Market,Central,237.73,shipped,2024-01-20,High
50613,794,Starter,West,327.06,completed,2024-01-20,High
50614,406,SMB,East,19.04,pending,2024-01-20,High
50615,107,Starter,Central,138.82,shipped,2024-01-20,High
50616,834,Mid-Market,North,51.17,completed,2024-01-20,High
50617,508,SMB,East,77.53,completed,2024-01-20,High
50618,370,Mid-Market,South,245.54,completed,2024-01-20,High
50619,611,Mid-Market,Central,46.99,completed,2024-01-20,High
50620,240,Mid-Market,North,167.56,shipped,2024-01-20,High
50621,393,Starter,East,174.44,cancelled,2024-01-20,High
50622,523,Enterprise,North,477.17,completed,2024-01-20,High
50623,278,Starter,East,238.86,completed,2024-01-20,High
50624,161,Starter,South,259.17,completed,2024-01-20,High
50625,116,SMB,North,128.77,completed,2024-01-20,High
50626,441,Mid-Market,East,46.01,completed,2024-01-20,High
50627,820,Starter,West,98.15,completed,2024-01-20,High
50628,112,Mid-Market,East,134.61,completed,2024-01-20,High
50629,495,Starter,South,185.18,pending,2024-01-20,High
50630,650,Starter,East,155.36,completed,2024-01-20,High
50631,687,Starter,South,90.13,shipped,2024-01-20,High
50632,691,Starter,West,61.25,shipped,2024-01-20,High
50633,197,SMB,West,42.63,completed,2024-01-20,High
50634,723,Mid-Market,South,192.55,completed,2024-01-20,High
50635,483,Starter,East,170.51,completed,2024-01-20,High
50636,176,Mid-Market,Central,189.41,completed,2024-01-20,High
50637,744,Starter,South,84.91,shipped,2024-01-20,High
50638,615,SMB,Central,60.65,completed,2024-01-20,High
50639,653,Starter,East,228.89,completed,2024-01-20,High
50640,160,SMB,East,237.85,completed,2024-01-20,High
50641,664,Mid-Market,South,106.22,shipped,2024-01-21,High
50642,542,Starter,East,156.98,completed,2024-01-21,High
50643,183,Enterprise,Central,85.15,completed,2024-01-21,High
50644,109,Mid-Market,East,196.57,completed,2024-01-21,High
50645,296,Starter,West,285.93,shipped,2024-01-21,High
50646,483,Starter,East,189.83,completed,2024-01-21,High
50647,342,Starter,North,122.8,completed,2024-01-21,High
50648,332,SMB,South,107.06,completed,2024-01-21,High
50649,206,Mid-Market,South,169.22,completed,2024-01-21,High
50650,489,Enterprise,Central,185.83,completed,2024-01-21,High
50651,768,SMB,North,137.71,completed,2024-01-21,High
50652,256,Starter,West,162.1,completed,2024-01-21,High
50653,818,Starter,Central,30.24,completed,2024-01-21,High
50654,492,Starter,East,469.75,completed,2024-01-21,High
50655,577,Mid-Market,North,249.65,completed,2024-01-21,High
50656,746,SMB,Central,85.24,completed,2024-01-21,High
50657,780,Starter,East,139.11,completed,2024-01-21,High
50658,368,Enterprise,South,22.27,pending,2024-01-21,High
50659,599,Mid-Market,Central,21.32,completed,2024-01-21,High
50660,420,SMB,West,58.31,completed,2024-01-21,High
50661,732,SMB,Central,190.53,completed,2024-01-21,High
50662,369,Mid-Market,South,301.73,completed,2024-01-21,High
50663,364,Starter,Central,137.87,completed,2024-01-21,High
50664,692,Starter,West,128.94,completed,2024-01-21,High
50665,430,Mid-Market,South,92.2,cancelled,2024-01-21,High
50666,543,Mid-Market,East,41.44,shipped,2024-01-21,High
50667,73,Mid-Market,North,33.89,shipped,2024-01-21,High
50668,540,Mid-Market,Central,229.49,cancelled,2024-01-21,High
50669,574,Starter,East,408.63,pending,2024-01-21,High
50670,340,Mid-Market,Central,106.95,shipped,2024-01-21,High
50671,354,Mid-Market,South,176.58,completed,2024-01-21,High
50672,702,Mid-Market,South,383.81,completed,2024-01-21,High
50673,183,Enterprise,Central,29.17,completed,2024-01-22,High
50674,763,Mid-Market,West,235.77,completed,2024-01-22,High
50675,855,Mid-Market,West,158.89,completed,2024-01-22,High
50676,852,SMB,East,151.93,cancelled,2024-01-22,High
50677,218,SMB,East,66.91,completed,2024-01-22,High
50678,426,Starter,North,187.75,completed,2024-01-22,High
50679,17,Starter,South,252.56,completed,2024-01-22,High
50680,542,Starter,East,32.96,completed,2024-01-22,High
50681,264,Starter,South,129.38,completed,2024-01-22,High
50682,386,SMB,West,31.02,completed,2024-01-22,High
50683,334,Mid-Market,Central,324.03,completed,2024-01-22,High
50684,124,Mid-Market,East,121.28,completed,2024-01-22,High
50685,652,Starter,Central,262.51,completed,2024-01-22,High
50686,247,Starter,South,83.85,completed,2024-01-22,High
50687,106,Mid-Market,West,35.04,completed,2024-01-22,High
50688,27,Mid-Market,West,21.36,completed,2024-01-22,High
50689,441,Mid-Market,East,64.59,completed,2024-01-22,High
50690,530,SMB,Central,57.0,completed,2024-01-22,High
50691,260,Mid-Market,East,138.27,completed,2024-01-22,High
50692,888,Mid-Market,Central,18.3,completed,2024-01-22,High
50693,759,SMB,Central,125.27,completed,2024-01-22,High
50694,793,Starter,South,89.58,completed,2024-01-22,High
50695,566,Starter,East,144.1,pending,2024-01-22,High
50696,76,SMB,North,196.81,completed,2024-01-22,High
50697,122,SMB,North,165.81,completed,2024-01-22,High
50698,112,Mid-Market,East,641.44,completed,2024-01-22,High
50699,421,SMB,South,37.32,completed,2024-01-22,High
50700,355,Mid-Market,South,99.25,completed,2024-01-22,High
50701,43,Mid-Market,North,97.96,shipped,2024-01-22,High
50702,532,Enterprise,East,95.95,shipped,2024-01-22,High
50703,442,Enterprise,North,178.51,completed,2024-01-22,High
50704,634,Starter,South,115.95,pending,2024-01-22,High
50705,367,Enterprise,South,124.3,completed,2024-01-23,High
50706,754,Starter,West,99.94,completed,2024-01-23,High
50707,868,Mid-Market,South,733.72,completed,2024-01-23,High
50708,118,Mid-Market,South,408.75,completed,2024-01-23,High
50709,105,Enterprise,East,70.17,completed,2024-01-23,High
50710,364,Starter,Central,32.75,completed,2024-01-23,High
50711,427,Starter,West,289.67,completed,2024-01-23,High
50712,224,Starter,Central,895.14,completed,2024-01-23,High
50713,408,Mid-Market,Central,66.93,completed,2024-01-23,High
50714,264,Starter,South,81.42,completed,2024-01-23,High
50715,801,SMB,West,441.15,completed,2024-01-23,High
50716,844,Enterprise,Central,201.27,completed,2024-01-23,High
50717,294,Starter,North,67.57,completed,2024-01-23,High
50718,799,Starter,South,145.5,shipped,2024-01-23,High
50719,432,SMB,West,447.98,completed,2024-01-23,High
50720,418,Starter,East,265.55,pending,2024-01-23,High
50721,776,Mid-Market,West,218.12,completed,2024-01-23,High
50722,438,SMB,West,215.34,completed,2024-01-23,High
50723,692,Starter,West,44.41,pending,2024-01-23,High
50724,589,Mid-Market,North,276.17,completed,2024-01-23,High
50725,582,Enterprise,North,63.47,completed,2024-01-23,High
50726,486,Enterprise,North,414.68,completed,2024-01-23,High
50727,537,SMB,West,83.03,completed,2024-01-23,High
50728,399,SMB,West,307.43,completed,2024-01-23,High
50729,1003,,,61.43,completed,2024-01-23,High
50730,128,SMB,Central,123.39,pending,2024-01-23,High
50731,82,Starter,South,31.96,completed,2024-01-23,High
50732,698,Starter,Central,176.87,completed,2024-01-23,High
50733,3,SMB,Central,286.26,shipped,2024-01-23,High
50734,137,Starter,Central,205.12,completed,2024-01-23,High
50735,364,Starter,Central,126.12,completed,2024-01-23,High
50736,323,Starter,North,21.92,completed,2024-01-23,High
50737,412,Enterprise,West,421.45,completed,2024-01-24,High
50738,666,Mid-Market,West,198.37,completed,2024-01-24,High
50739,1010,,,220.48,completed,2024-01-24,High
50740,311,Starter,East,252.48,completed,2024-01-24,High
50741,414,Starter,South,221.6,cancelled,2024-01-24,High
50742,632,SMB,Central,102.27,shipped,2024-01-24,High
50743,212,Starter,South,213.43,completed,2024-01-24,High
50744,598,Mid-Market,South,162.14,shipped,2024-01-24,High
50745,104,Starter,West,303.64,completed,2024-01-24,High
50746,277,SMB,West,258.27,completed,2024-01-24,High
50747,867,Mid-Market,North,21.34,completed,2024-01-24,High
50748,70,Enterprise,West,86.44,completed,2024-01-24,High
50749,449,Starter,South,20.3,shipped,2024-01-24,High
50750,211,Starter,West,31.15,completed,2024-01-24,High
50751,423,Mid-Market,East,152.97,completed,2024-01-24,High
50752,659,Starter,East,325.51,completed,2024-01-24,High
50753,629,Mid-Market,South,34.15,completed,2024-01-24,High
50754,44,Enterprise,West,104.97,completed,2024-01-24,High
50755,391,Enterprise,South,377.66,shipped,2024-01-24,High
50756,371,Mid-Market,South,267.54,cancelled,2024-01-24,High
50757,227,Enterprise,South,124.99,completed,2024-01-24,High
50758,146,Mid-Market,East,236.48,completed,2024-01-24,High
50759,54,SMB,East,125.94,completed,2024-01-24,High
50760,622,Mid-Market,North,40.81,shipped,2024-01-24,High
50761,848,Enterprise,North,34.98,completed,2024-01-24,High
50762,883,Mid-Market,Central,46.31,completed,2024-01-24,High
50763,575,SMB,North,79.83,shipped,2024-01-24,High
50764,450,Mid-Market,West,415.03,completed,2024-01-24,High
50765,514,SMB,North,256.17,completed,2024-01-24,High
50766,858,Starter,East,100.06,completed,2024-01-24,High
50767,817,Starter,North,116.91,completed,2024-01-24,High
50768,227,Enterprise,South,61.31,completed,2024-01-24,High
50769,39,Starter,Central,197.79,completed,2024-01-25,High
50770,730,Mid-Market,South,258.5,completed,2024-01-25,High
50771,849,Starter,South,55.95,completed,2024-01-25,High
50772,203,Mid-Market,South,21.41,pending,2024-01-25,High
50773,416,Starter,Central,161.68,completed,2024-01-25,High
50774,749,Enterprise,South,139.01,shipped,2024-01-25,High
50775,618,Starter,Central,92.16,completed,2024-01-25,High
50776,612,SMB,North,169.88,completed,2024-01-25,High
50777,613,Starter,West,134.98,completed,2024-01-25,High
50778,673,Mid-Market,South,58.27,completed,2024-01-25,High
50779,118,Mid-Market,South,91.06,completed,2024-01-25,High
50780,208,Starter,East,98.82,completed,2024-01-25,High
50781,678,Starter,Central,333.35,completed,2024-01-25,High
50782,884,Mid-Market,South,501.26,completed,2024-01-25,High
50783,643,Mid-Market,Central,350.24,cancelled,2024-01-25,High
50784,249,Enterprise,Central,205.51,completed,2024-01-25,High
50785,77,SMB,North,146.92,completed,2024-01-25,High
50786,622,Mid-Market,North,190.32,completed,2024-01-25,High
50787,451,SMB,South,434.8,completed,2024-01-25,High
50788,361,Starter,North,58.15,shipped,2024-01-25,High
50789,242,Enterprise,North,129.9,completed,2024-01-25,High
50790,159,Mid-Market,East,190.49,completed,2024-01-25,High
50791,804,Starter,West,185.56,completed,2024-01-25,High
50792,451,SMB,South,58.61,shipped,2024-01-25,High
50793,601,Mid-Market,East,147.55,completed,2024-01-25,High
50794,853,Mid-Market,South,253.38,completed,2024-01-25,High
50795,93,SMB,South,111.68,completed,2024-01-25,High
50796,791,Mid-Market,West,251.47,completed,2024-01-25,High
50797,162,Starter,West,81.92,completed,2024-01-25,High
50798,72,Mid-Market,South,433.94,pending,2024-01-25,High
50799,86,Starter,Central,129.51,shipped,2024-01-25,High
50800,628,SMB,South,150.93,completed,2024-01-25,High
50801,91,Mid-Market,West,19.78,completed,2024-01-26,High
50802,281,SMB,North,43.0,completed,2024-01-26,High
50803,489,Enterprise,Central,165.33,completed,2024-01-26,High
50804,30,Mid-Market,East,96.68,completed,2024-01-26,High
50805,67,Mid-Market,Central,121.44,completed,2024-01-26,High
50806,637,Starter,Central,24.76,cancelled,2024-01-26,High
50807,687,Starter,South,284.49,completed,2024-01-26,High
50808,633,Starter,South,245.22,pending,2024-01-26,High
50809,817,Starter,North,45.75,completed,2024-01-26,High
50810,844,Enterprise,Central,165.9,completed,2024-01-26,High
50811,580,Starter,Central,270.82,completed,2024-01-26,High
50812,181,Starter,East,168.6,shipped,2024-01-26,High
50813,195,Starter,Central,70.75,completed,2024-01-26,High
50814,696,Starter,South,175.12,shipped,2024-01-26,High
50815,836,Starter,East,50.45,shipped,2024-01-26,High
50816,809,Starter,Central,72.46,completed,2024-01-26,High
50817,737,Starter,East,56.18,completed,2024-01-26,High
50818,881,Mid-Market,Central,137.1,shipped,2024-01-26,High
50819,262,Enterprise,South,32.18,completed,2024-01-26,High
50820,12,Enterprise,North,421.16,completed,2024-01-26,High
50821,804,Starter,West,75.86,completed,2024-01-26,High
50822,770,SMB,Central,52.07,pending,2024-01-26,High
50823,698,Starter,Central,117.94,completed,2024-01-26,High
50824,25,Starter,Central,63.65,pending,2024-01-26,High
50825,209,Mid-Market,Central,129.83,completed,2024-01-26,High
50826,185,Starter,East,79.27,completed,2024-01-26,High
50827,438,SMB,West,36.25,completed,2024-01-26,High
50828,589,Mid-Market,North,61.37,completed,2024-01-26,High
50829,370,Mid-Market,South,101.56,shipped,2024-01-26,High
50830,568,Starter,South,19.61,pending,2024-01-26,High
50831,685,Enterprise,Central,235.87,shipped,2024-01-26,High
50832,436,SMB,West,160.86,cancelled,2024-01-26,High
50833,184,SMB,North,152.95,completed,2024-01-27,High
50834,688,Starter,Central,133.47,completed,2024-01-27,High
50835,419,Starter,East,148.85,completed,2024-01-27,High
50836,783,Starter,South,424.2,shipped,2024-01-27,High
50837,361,Starter,North,16.29,completed,2024-01-27,High
50838,90,Starter,West,22.35,cancelled,2024-01-27,High
50839,136,Starter,East,46.88,completed,2024-01-27,High
50840,508,SMB,East,42.46,cancelled,2024-01-27,High
50841,336,Mid-Market,Central,44.99,completed,2024-01-27,High
50842,208,Starter,East,182.19,completed,2024-01-27,High
50843,488,Starter,West,107.28,shipped,2024-01-27,High
50844,438,SMB,West,735.16,shipped,2024-01-27,High
50845,278,Starter,East,53.6,completed,2024-01-27,High
50846,632,SMB,Central,70.84,pending,2024-01-27,High
50847,900,Mid-Market,West,637.55,pending,2024-01-27,High
50848,776,Mid-Market,West,282.35,completed,2024-01-27,High
50849,445,SMB,Central,110.17,completed,2024-01-27,High
50850,575,SMB,North,136.32,completed,2024-01-27,High
50851,751,Mid-Market,North,292.9,completed,2024-01-27,High
50852,887,Starter,West,113.37,shipped,2024-01-27,High
50853,785,Mid-Market,South,49.61,completed,2024-01-27,High
50854,350,Starter,North,279.43,completed,2024-01-27,High
50855,638,Mid-Market,South,130.75,completed,2024-01-27,High
50856,304,Starter,West,39.92,completed,2024-01-27,High
50857,84,Mid-Market,North,120.66,completed,2024-01-27,High
50858,630,Starter,North,94.96,completed,2024-01-27,High
50859,550,SMB,South,329.14,completed,2024-01-27,High
50860,827,Starter,South,35.21,completed,2024-01-27,High
50861,232,Starter,Central,327.17,cancelled,2024-01-27,High
50862,166,SMB,South,122.68,completed,2024-01-27,High
50863,374,Starter,North,92.72,completed,2024-01-27,High
50864,852,SMB,East,41.5,completed,2024-01-27,High
50865,251,Starter,West,196.01,completed,2024-01-28,High
50866,856,Mid-Market,North,407.2,completed,2024-01-28,High
50867,296,Starter,West,85.59,shipped,2024-01-28,High
50868,467,Starter,South,56.48,completed,2024-01-28,High
50869,21,Starter,North,136.41,cancelled,2024-01-28,High
50870,592,Starter,North,253.58,completed,2024-01-28,High
50871,65,Starter,North,15.57,pending,2024-01-28,High
50872,381,Mid-Market,North,164.7,pending,2024-01-28,High
50873,839,Starter,West,151.14,completed,2024-01-28,High
50874,611,Mid-Market,Central,72.44,completed,2024-01-28,High
50875,337,SMB,South,105.06,completed,2024-01-28,High
50876,670,Starter,Central,57.55,completed,2024-01-28,High
50877,716,Enterprise,West,249.02,pending,2024-01-28,High
50878,629,Mid-Market,South,165.99,completed,2024-01-28,High
50879,846,Starter,South,129.12,completed,2024-01-28,High
50880,777,Mid-Market,East,89.77,shipped,2024-01-28,High
50881,550,SMB,South,66.67,cancelled,2024-01-28,High
50882,628,SMB,South,274.52,completed,2024-01-28,High
50883,183,Enterprise,Central,105.06,pending,2024-01-28,High
50884,542,Starter,East,119.41,completed,2024-01-28,High
50885,858,Starter,East,125.35,completed,2024-01-28,High
50886,828,Starter,North,104.23,completed,2024-01-28,High
50887,884,Mid-Market,South,59.37,shipped,2024-01-28,High
50888,790,Enterprise,South,34.23,completed,2024-01-28,High
50889,444,Starter,South,30.56,completed,2024-01-28,High
50890,802,Mid-Market,North,227.49,completed,2024-01-28,High
50891,691,Starter,West,52.95,completed,2024-01-28,High
50892,626,Starter,East,23.59,completed,2024-01-28,High
50893,741,Starter,Central,254.57,shipped,2024-01-28,High
50894,4,Starter,North,40.1,completed,2024-01-28,High
50895,448,SMB,South,162.18,completed,2024-01-28,High
50896,729,Mid-Market,West,77.02,shipped,2024-01-28,High
50897,704,Mid-Market,South,35.28,pending,2024-01-29,High
50898,126,Starter,South,95.29,completed,2024-01-29,High
50899,693,Starter,North,17.24,completed,2024-01-29,High
50900,439,SMB,South,290.87,pending,2024-01-29,High
50901,8,SMB,North,123.08,pending,2024-01-29,High
50902,563,Mid-Market,South,37.48,completed,2024-01-29,High
50903,201,Starter,East,55.57,completed,2024-01-29,High
50904,490,SMB,East,104.12,completed,2024-01-29,High
50905,59,Mid-Market,Central,46.4,completed,2024-01-29,High
50906,749,Enterprise,South,61.92,completed,2024-01-29,High
50907,770,SMB,Central,129.66,completed,2024-01-29,High
50908,714,Starter,South,283.11,completed,2024-01-29,High
50909,606,Starter,East,92.08,pending,2024-01-29,High
50910,361,Starter,North,204.33,completed,2024-01-29,High
50911,183,Enterprise,Central,328.95,completed,2024-01-29,High
50912,805,Starter,East,51.56,cancelled,2024-01-29,High
50913,184,SMB,North,261.91,completed,2024-01-29,High
50914,232,Starter,Central,227.45,completed,2024-01-29,High
50915,899,Mid-Market,South,81.23,shipped,2024-01-29,High
50916,494,Mid-Market,Central,698.74,completed,2024-01-29,High
50917,35,Enterprise,West,60.69,shipped,2024-01-29,High
50918,4,Starter,North,59.12,completed,2024-01-29,High
50919,8,SMB,North,236.93,completed,2024-01-29,High
50920,606,Starter,East,100.55,pending,2024-01-29,High
50921,849,Starter,South,75.25,completed,2024-01-29,High
50922,194,Starter,North,44.52,shipped,2024-01-29,High
50923,850,Starter,South,232.44,completed,2024-01-29,High
50924,862,Starter,East,246.49,completed,2024-01-29,High
50925,778,SMB,Central,140.4,shipped,2024-01-29,High
50926,367,Enterprise,South,488.08,completed,2024-01-29,High
50927,580,Starter,Central,72.44,completed,2024-01-29,High
50928,467,Starter,South,52.2,completed,2024-01-29,High
50929,75,SMB,Central,184.73,completed,2024-01-30,High
50930,738,SMB,South,228.08,shipped,2024-01-30,High
50931,101,Mid-Market,South,53.22,shipped,2024-01-30,High
50932,898,SMB,East,26.96,completed,2024-01-30,High
50933,202,Mid-Market,Central,264.52,completed,2024-01-30,High
50934,139,Starter,North,577.63,completed,2024-01-30,High
50935,132,Mid-Market,South,170.21,completed,2024-01-30,High
50936,13,SMB,Central,63.83,shipped,2024-01-30,High
50937,561,SMB,Central,870.83,completed,2024-01-30,High
50938,409,Enterprise,Central,350.61,completed,2024-01-30,High
50939,679,Enterprise,West,123.04,pending,2024-01-30,High
50940,500,Enterprise,West,276.72,completed,2024-01-30,High
50941,877,SMB,East,268.78,completed,2024-01-30,High
50942,460,Mid-Market,Central,424.54,completed,2024-01-30,High
50943,144,Starter,East,290.76,shipped,2024-01-30,High
50944,215,SMB,West,169.79,completed,2024-01-30,High
50945,627,Starter,East,155.97,completed,2024-01-30,High
50946,363,Starter,North,109.49,cancelled,2024-01-30,High
50947,518,SMB,East,162.72,shipped,2024-01-30,High
50948,305,SMB,East,252.87,shipped,2024-01-30,High
50949,558,Mid-Market,South,536.25,completed,2024-01-30,High
50950,52,SMB,West,109.47,completed,2024-01-30,High
50951,450,Mid-Market,West,142.88,completed,2024-01-30,High
50952,275,Starter,West,103.27,completed,2024-01-30,High
50953,223,Mid-Market,West,180.61,completed,2024-01-30,High
50954,720,SMB,South,164.11,completed,2024-01-30,High
50955,322,SMB,North,17.7,completed,2024-01-30,High
50956,296,Starter,West,131.86,completed,2024-01-30,High
50957,811,Enterprise,West,28.9,shipped,2024-01-30,High
50958,237,Starter,South,19.01,completed,2024-01-30,High
50959,162,Starter,West,249.95,completed,2024-01-30,High
50960,13,SMB,Central,59.89,completed,2024-01-30,High
50961,881,Mid-Market,Central,77.48,completed,2024-01-31,High
50962,675,Starter,South,24.93,completed,2024-01-31,High
50963,779,SMB,South,44.68,completed,2024-01-31,High
50964,800,Enterprise,North,232.61,pending,2024-01-31,High
50965,517,Starter,West,117.04,shipped,2024-01-31,High
50966,413,Enterprise,South,333.88,completed,2024-01-31,High
50967,693,Starter,North,90.94,pending,2024-01-31,High
50968,349,Starter,West,61.94,completed,2024-01-31,High
50969,96,Starter,Central,79.06,shipped,2024-01-31,High
50970,582,Enterprise,North,202.12,completed,2024-01-31,High
50971,796,SMB,Central,136.45,completed,2024-01-31,High
50972,211,Starter,West,366.81,shipped,2024-01-31,High
50973,743,SMB,North,153.26,completed,2024-01-31,High
50974,53,Enterprise,South,116.89,completed,2024-01-31,High
50975,824,Starter,North,246.09,pending,2024-01-31,High
50976,199,SMB,West,457.14,shipped,2024-01-31,High
50977,792,Starter,West,80.97,completed,2024-01-31,High
50978,381,Mid-Market,North,58.13,completed,2024-01-31,High
50979,783,Starter,South,158.65,shipped,2024-01-31,High
50980,679,Enterprise,West,118.63,cancelled,2024-01-31,High
50981,19,Starter,South,694.03,completed,2024-01-31,High
50982,55,Starter,South,108.09,shipped,2024-01-31,High
50983,124,Mid-Market,East,26.59,pending,2024-01-31,High
50984,517,Starter,West,583.27,completed,2024-01-31,High
50985,95,SMB,Central,293.29,shipped,2024-01-31,High
50986,538,Mid-Market,South,44.45,completed,2024-01-31,High
50987,176,Mid-Market,Central,367.46,completed,2024-01-31,High
50988,306,Enterprise,West,77.48,completed,2024-01-31,High
50989,594,Starter,Central,86.01,completed,2024-01-31,High
50990,579,Starter,East,370.3,shipped,2024-01-31,High
50991,696,Starter,South,128.29,completed,2024-01-31,High
50992,673,Mid-Market,South,37.23,pending,2024-01-31,High
50993,136,Starter,East,84.08,shipped,2024-02-01,High
50994,180,Mid-Market,South,207.07,shipped,2024-02-01,High
50995,344,Starter,North,43.71,completed,2024-02-01,High
50996,42,Starter,West,148.82,completed,2024-02-01,High
50997,141,Enterprise,West,193.25,completed,2024-02-01,High
50998,231,SMB,West,78.21,pending,2024-02-01,High
50999,420,SMB,West,192.57,completed,2024-02-01,High
51000,181,Starter,East,338.39,cancelled,2024-02-01,High
51001,773,Mid-Market,South,110.83,shipped,2024-02-01,High
51002,1007,,,87.41,shipped,2024-02-01,High
51003,886,Mid-Market,North,58.38,completed,2024-02-01,High
51004,88,Starter,North,154.03,completed,2024-02-01,High
51005,739,Starter,North,332.85,shipped,2024-02-01,High
51006,583,Starter,South,73.88,completed,2024-02-01,High
51007,693,Starter,North,90.69,shipped,2024-02-01,High
51008,834,Mid-Market,North,93.29,completed,2024-02-01,High
51009,845,Mid-Market,West,138.42,shipped,2024-02-01,High
51010,701,Starter,North,53.9,shipped,2024-02-01,High
51011,454,Enterprise,South,274.07,completed,2024-02-01,High
51012,73,Mid-Market,North,67.56,completed,2024-02-01,High
51013,162,Starter,West,198.3,shipped,2024-02-01,High
51014,831,Mid-Market,East,122.99,completed,2024-02-01,High
51015,235,Mid-Market,West,147.25,completed,2024-02-01,High
51016,830,Starter,South,44.7,completed,2024-02-01,High
51017,769,Starter,West,214.22,completed,2024-02-01,High
51018,331,Starter,Central,46.35,completed,2024-02-01,High
51019,811,Enterprise,West,33.07,shipped,2024-02-01,High
51020,833,Mid-Market,North,133.67,completed,2024-02-01,High
51021,215,SMB,West,200.32,completed,2024-02-01,High
51022,265,SMB,South,22.7,pending,2024-02-01,High
51023,5,Mid-Market,Central,25.79,completed,2024-02-01,High
51024,459,Mid-Market,South,258.44,completed,2024-02-01,High
51025,748,Starter,East,263.35,shipped,2024-02-02,High
51026,163,Starter,East,57.22,shipped,2024-02-02,High
51027,198,SMB,East,158.27,completed,2024-02-02,High
51028,499,Enterprise,Central,102.83,cancelled,2024-02-02,High
51029,270,Starter,Central,165.23,pending,2024-02-02,High
51030,281,SMB,North,313.03,completed,2024-02-02,High
51031,239,Starter,East,27.48,completed,2024-02-02,High
51032,216,Mid-Market,South,240.75,shipped,2024-02-02,High
51033,123,Starter,North,116.9,completed,2024-02-02,High
51034,869,SMB,North,139.56,completed,2024-02-02,High
51035,318,Mid-Market,West,174.17,shipped,2024-02-02,High
51036,619,SMB,North,398.86,completed,2024-02-02,High
51037,207,Mid-Market,South,23.76,completed,2024-02-02,High
51038,461,Mid-Market,North,19.49,completed,2024-02-02,High
51039,752,Enterprise,North,44.45,completed,2024-02-02,High
51040,519,Enterprise,Central,660.18,completed,2024-02-02,High
51041,367,Enterprise,South,203.33,completed,2024-02-02,High
51042,358,Starter,South,158.04,completed,2024-02-02,High
51043,713,Starter,West,22.23,completed,2024-02-02,High
51044,438,SMB,West,331.93,pending,2024-02-02,High
51045,802,Mid-Market,North,266.3,pending,2024-02-02,High
51046,720,SMB,South,178.95,completed,2024-02-02,High
51047,835,Starter,East,77.13,shipped,2024-02-02,High
51048,84,Mid-Market,North,25.97,shipped,2024-02-02,High
51049,314,Enterprise,East,145.14,shipped,2024-02-02,High
51050,639,Starter,North,205.78,completed,2024-02-02,High
51051,364,Starter,Central,29.85,completed,2024-02-02,High
51052,265,SMB,South,165.67,shipped,2024-02-02,High
51053,555,SMB,South,65.61,completed,2024-02-02,High
51054,401,Mid-Market,Central,231.74,completed,2024-02-02,High
51055,490,SMB,East,131.35,completed,2024-02-02,High
51056,758,Starter,South,35.72,cancelled,2024-02-02,High
51057,196,Starter,South,127.15,completed,2024-02-03,High
51058,855,Mid-Market,West,90.56,completed,2024-02-03,High
51059,426,Starter,North,44.83,completed,2024-02-03,High
51060,25,Starter,Central,291.31,pending,2024-02-03,High
51061,634,Starter,South,16.66,completed,2024-02-03,High
51062,112,Mid-Market,East,71.12,completed,2024-02-03,High
51063,831,Mid-Market,East,16.9,completed,2024-02-03,High
51064,150,Starter,North,30.14,completed,2024-02-03,High
51065,193,Enterprise,Central,67.88,completed,2024-02-03,High
51066,453,Starter,East,23.37,completed,2024-02-03,High
51067,669,Mid-Market,East,151.19,completed,2024-02-03,High
51068,645,Mid-Market,West,28.63,completed,2024-02-03,High
51069,758,Starter,South,196.46,shipped,2024-02-03,High
51070,122,SMB,North,23.11,completed,2024-02-03,High
51071,319,Mid-Market,South,24.17,completed,2024-02-03,High
51072,810,Mid-Market,West,69.65,completed,2024-02-03,High
51073,877,SMB,East,355.33,completed,2024-02-03,High
51074,490,SMB,East,168.83,completed,2024-02-03,High
51075,260,Mid-Market,East,235.54,completed,2024-02-03,High
51076,402,Enterprise,North,37.89,shipped,2024-02-03,High
51077,131,Starter,East,284.48,completed,2024-02-03,High
51078,675,Starter,South,16.23,completed,2024-02-03,High
51079,719,Mid-Market,North,50.94,completed,2024-02-03,High
51080,650,Starter,East,158.6,completed,2024-02-03,High
51081,239,Starter,East,85.56,completed,2024-02-03,High
51082,456,Starter,West,637.1,completed,2024-02-03,High
51083,822,Mid-Market,Central,19.62,completed,2024-02-03,High
51084,202,Mid-Market,Central,1000.5,completed,2024-02-03,High
51085,377,SMB,East,161.58,completed,2024-02-03,High
51086,380,Starter,North,137.71,completed,2024-02-03,High
51087,581,Starter,Central,24.2,completed,2024-02-03,High
51088,792,Starter,West,62.89,completed,2024-02-03,High
51089,225,Starter,East,402.87,completed,2024-02-04,High
51090,562,Mid-Market,Central,80.6,completed,2024-02-04,High
51091,207,Mid-Market,South,177.55,completed,2024-02-04,High
51092,597,Starter,West,1154.04,completed,2024-02-04,High
51093,314,Enterprise,East,60.79,completed,2024-02-04,High
51094,16,Mid-Market,North,143.73,completed,2024-02-04,High
51095,427,Starter,West,193.83,completed,2024-02-04,High
51096,164,Starter,Central,41.98,completed,2024-02-04,High
51097,311,Starter,East,39.14,completed,2024-02-04,High
51098,726,SMB,Central,106.41,shipped,2024-02-04,High
51099,420,SMB,West,88.12,pending,2024-02-04,High
51100,685,Enterprise,Central,202.88,completed,2024-02-04,High
51101,749,Enterprise,South,25.81,shipped,2024-02-04,High
51102,277,SMB,West,552.23,completed,2024-02-04,High
51103,495,Starter,South,17.16,completed,2024-02-04,High
51104,443,Starter,West,152.94,cancelled,2024-02-04,High
51105,558,Mid-Market,South,139.05,shipped,2024-02-04,High
51106,177,Starter,East,36.7,cancelled,2024-02-04,High
51107,496,Starter,West,39.54,completed,2024-02-04,High
51108,113,Enterprise,South,251.02,completed,2024-02-04,High
51109,708,SMB,South,342.8,completed,2024-02-04,High
51110,808,Enterprise,East,64.91,completed,2024-02-04,High
51111,678,Starter,Central,101.43,completed,2024-02-04,High
51112,658,Starter,East,80.77,pending,2024-02-04,High
51113,899,Mid-Market,South,26.3,completed,2024-02-04,High
51114,388,Mid-Market,East,182.76,completed,2024-02-04,High
51115,156,Mid-Market,North,276.61,completed,2024-02-04,High
51116,400,SMB,West,69.55,completed,2024-02-04,High
51117,288,Starter,West,708.44,completed,2024-02-04,High
51118,490,SMB,East,26.83,cancelled,2024-02-04,High
51119,200,SMB,Central,177.61,completed,2024-02-04,High
51120,864,Starter,West,104.19,completed,2024-02-04,High
51121,195,Starter,Central,103.75,pending,2024-02-05,High
51122,272,SMB,Central,106.78,cancelled,2024-02-05,High
51123,211,Starter,West,59.9,shipped,2024-02-05,High
51124,433,Starter,Central,203.59,pending,2024-02-05,High
51125,150,Starter,North,206.79,completed,2024-02-05,High
51126,158,SMB,Central,64.78,pending,2024-02-05,Low
51127,605,Mid-Market,North,285.55,completed,2024-02-05,High
51128,244,Starter,North,72.16,shipped,2024-02-05,High
51129,139,Starter,North,208.7,completed,2024-02-05,High
51130,86,Starter,Central,34.35,completed,2024-02-05,High
51131,76,SMB,North,42.71,completed,2024-02-05,High
51132,747,Starter,South,71.92,completed,2024-02-05,High
51133,666,Mid-Market,West,150.16,completed,2024-02-05,High
51134,480,Starter,North,170.56,completed,2024-02-05,High
51135,230,Starter,West,90.72,shipped,2024-02-05,High
51136,333,Mid-Market,East,27.16,completed,2024-02-05,High
51137,588,Mid-Market,North,85.17,completed,2024-02-05,High
51138,872,Starter,West,190.08,pending,2024-02-05,High
51139,675,Starter,South,181.75,completed,2024-02-05,High
51140,612,SMB,North,41.19,completed,2024-02-05,High
51141,576,Enterprise,West,16.17,completed,2024-02-05,High
51142,672,SMB,East,224.74,completed,2024-02-05,High
51143,494,Mid-Market,Central,31.87,cancelled,2024-02-05,High
51144,156,Mid-Market,North,27.89,pending,2024-02-05,High
51145,767,SMB,East,15.41,shipped,2024-02-05,High
51146,260,Mid-Market,East,100.0,completed,2024-02-05,High
51147,139,Starter,North,119.95,completed,2024-02-05,High
51148,551,Starter,West,167.28,completed,2024-02-05,High
51149,81,SMB,West,67.66,completed,2024-02-05,High
51150,6,Mid-Market,North,200.9,completed,2024-02-05,High
51151,162,Starter,West,42.83,completed,2024-02-05,High
51152,608,Starter,East,282.56,completed,2024-02-05,High
51153,166,SMB,South,142.24,completed,2024-02-06,High
51154,281,SMB,North,146.52,completed,2024-02-06,High
51155,208,Starter,East,50.32,pending,2024-02-06,High
51156,21,Starter,North,26.55,completed,2024-02-06,High
51157,443,Starter,West,108.75,shipped,2024-02-06,High
51158,553,Starter,Central,158.42,shipped,2024-02-06,High
51159,35,Enterprise,West,29.98,completed,2024-02-06,High
51160,361,Starter,North,465.97,completed,2024-02-06,High
51161,688,Starter,Central,604.94,completed,2024-02-06,High
51162,555,SMB,South,133.27,completed,2024-02-06,High
51163,531,SMB,Central,464.57,completed,2024-02-06,High
51164,247,Starter,South,44.67,pending,2024-02-06,High
51165,311,Starter,East,18.86,cancelled,2024-02-06,High
51166,197,SMB,West,21.03,completed,2024-02-06,High
51167,194,Starter,North,147.83,cancelled,2024-02-06,High
51168,895,Starter,Central,24.54,completed,2024-02-06,High
51169,156,Mid-Market,North,492.47,shipped,2024-02-06,High
51170,783,Starter,South,37.96,completed,2024-02-06,High
51171,540,Mid-Market,Central,69.52,completed,2024-02-06,High
51172,758,Starter,South,274.33,completed,2024-02-06,High
51173,268,SMB,North,52.03,pending,2024-02-06,High
51174,236,SMB,West,56.75,completed,2024-02-06,High
51175,837,Enterprise,West,169.21,completed,2024-02-06,High
51176,343,Mid-Market,West,63.46,pending,2024-02-06,High
51177,794,Starter,West,51.78,pending,2024-02-06,High
51178,431,Mid-Market,Central,58.99,completed,2024-02-06,High
51179,598,Mid-Market,South,116.19,shipped,2024-02-06,High
51180,727,Mid-Market,North,522.65,completed,2024-02-06,High
51181,399,SMB,West,282.78,completed,2024-02-06,High
51182,415,Starter,East,65.24,completed,2024-02-06,High
51183,849,Starter,South,82.74,completed,2024-02-06,High
51184,445,SMB,Central,108.69,completed,2024-02-06,High
51185,66,Starter,Central,593.98,completed,2024-02-07,High
51186,850,Starter,South,43.38,completed,2024-02-07,High
51187,69,Mid-Market,North,81.35,shipped,2024-02-07,High
51188,256,Starter,West,211.08,shipped,2024-02-07,High
51189,96,Starter,Central,513.4,completed,2024-02-07,High
51190,271,SMB,North,40.38,completed,2024-02-07,High
51191,258,Starter,East,53.7,completed,2024-02-07,High
51192,377,SMB,East,53.37,shipped,2024-02-07,High
51193,880,Mid-Market,Central,18.17,completed,2024-02-07,High
51194,178,Starter,South,153.99,completed,2024-02-07,High
51195,849,Starter,South,181.62,completed,2024-02-07,High
51196,40,Starter,East,153.39,completed,2024-02-07,High
51197,188,Starter,East,26.1,completed,2024-02-07,High
51198,170,Starter,West,25.76,pending,2024-02-07,High
51199,155,Enterprise,South,50.43,completed,2024-02-07,High
51200,10,SMB,East,66.44,completed,2024-02-07,High
51201,476,Enterprise,South,246.65,completed,2024-02-07,High
51202,432,SMB,West,41.04,shipped,2024-02-07,High
51203,287,Starter,East,21.76,completed,2024-02-07,High
51204,696,Starter,South,90.13,completed,2024-02-07,High
51205,760,SMB,West,95.78,completed,2024-02-07,High
51206,652,Starter,Central,104.92,shipped,2024-02-07,High
51207,387,Starter,East,278.09,completed,2024-02-07,High
51208,276,Starter,South,30.47,completed,2024-02-07,High
51209,732,SMB,Central,197.58,pending,2024-02-07,High
51210,368,Enterprise,South,76.86,cancelled,2024-02-07,High
51211,496,Starter,West,70.66,completed,2024-02-07,High
51212,732,SMB,Central,419.44,cancelled,2024-02-07,High
51213,534,Starter,North,57.85,completed,2024-02-07,High
51214,491,Starter,South,169.31,completed,2024-02-07,High
51215,764,SMB,East,63.26,completed,2024-02-07,High
51216,341,Starter,North,121.13,completed,2024-02-07,High
51217,710,Starter,South,246.47,completed,2024-02-08,High
51218,564,Mid-Market,North,335.21,completed,2024-02-08,High
51219,664,Mid-Market,South,288.67,shipped,2024-02-08,High
51220,344,Starter,North,145.91,shipped,2024-02-08,High
51221,28,Starter,East,57.92,completed,2024-02-08,High
51222,721,Enterprise,East,177.37,completed,2024-02-08,High
51223,613,Starter,West,200.63,completed,2024-02-08,High
51224,146,Mid-Market,East,16.61,completed,2024-02-08,High
51225,341,Starter,North,101.76,completed,2024-02-08,High
51226,890,Mid-Market,West,292.98,completed,2024-02-08,High
51227,39,Starter,Central,115.88,completed,2024-02-08,High
51228,254,Starter,West,70.96,completed,2024-02-08,High
51229,221,Starter,North,323.12,shipped,2024-02-08,High
51230,43,Mid-Market,North,40.42,pending,2024-02-08,High
51231,483,Starter,East,49.68,completed,2024-02-08,High
51232,665,Mid-Market,Central,189.41,completed,2024-02-08,High
51233,68,SMB,West,80.18,completed,2024-02-08,High
51234,388,Mid-Market,East,202.25,completed,2024-02-08,High
51235,542,Starter,East,40.74,completed,2024-02-08,High
51236,808,Enterprise,East,58.61,completed,2024-02-08,High
51237,811,Enterprise,West,40.56,completed,2024-02-08,High
51238,97,Starter,East,473.36,completed,2024-02-08,High
51239,30,Mid-Market,East,92.98,completed,2024-02-08,High
51240,692,Starter,West,76.7,completed,2024-02-08,High
51241,109,Mid-Market,East,17.15,completed,2024-02-08,High
51242,872,Starter,West,39.98,cancelled,2024-02-08,High
51243,19,Starter,South,97.0,pending,2024-02-08,High
51244,22,Mid-Market,East,25.64,completed,2024-02-08,High
51245,810,Mid-Market,West,122.23,completed,2024-02-08,High
51246,870,Enterprise,Central,106.05,pending,2024-02-08,High
51247,86,Starter,Central,233.62,completed,2024-02-08,High
51248,832,Starter,North,176.73,shipped,2024-02-08,High
51249,366,Starter,South,103.57,completed,2024-02-09,High
51250,744,Starter,South,53.17,pending,2024-02-09,High
51251,113,Enterprise,South,209.67,pending,2024-02-09,High
51252,98,Starter,West,199.58,completed,2024-02-09,High
51253,567,Starter,South,39.96,completed,2024-02-09,High
51254,203,Mid-Market,South,384.33,completed,2024-02-09,High
51255,299,Starter,East,24.99,completed,2024-02-09,High
51256,435,Mid-Market,West,23.49,completed,2024-02-09,High
51257,377,SMB,East,46.12,completed,2024-02-09,High
51258,702,Mid-Market,South,375.3,completed,2024-02-09,High
51259,504,SMB,North,125.09,completed,2024-02-09,High
51260,426,Starter,North,247.63,pending,2024-02-09,High
51261,17,Starter,South,53.79,completed,2024-02-09,High
51262,155,Enterprise,South,116.07,completed,2024-02-09,High
51263,376,Starter,Central,81.54,completed,2024-02-09,High
51264,333,Mid-Market,East,278.89,completed,2024-02-09,High
51265,873,Starter,North,18.43,completed,2024-02-09,High
51266,574,Starter,East,56.93,cancelled,2024-02-09,High
51267,705,Mid-Market,South,39.83,completed,2024-02-09,High
51268,763,Mid-Market,West,309.05,completed,2024-02-09,High
51269,17,Starter,South,109.54,completed,2024-02-09,High
51270,758,Starter,South,92.68,completed,2024-02-09,High
51271,788,Starter,North,104.53,shipped,2024-02-09,High
51272,452,Starter,East,550.93,completed,2024-02-09,High
51273,861,SMB,South,299.84,completed,2024-02-09,High
51274,450,Mid-Market,West,198.81,completed,2024-02-09,High
51275,59,Mid-Market,Central,66.47,cancelled,2024-02-09,High
51276,657,Starter,West,42.08,completed,2024-02-09,High
51277,708,SMB,South,396.57,pending,2024-02-09,High
51278,780,Starter,East,97.51,completed,2024-02-09,High
51279,563,Mid-Market,South,64.02,completed,2024-02-09,High
51280,164,Starter,Central,110.49,completed,2024-02-09,High
51281,494,Mid-Market,Central,389.88,completed,2024-02-10,High
51282,848,Enterprise,North,88.43,completed,2024-02-10,High
51283,267,Starter,West,139.05,completed,2024-02-10,High
51284,542,Starter,East,258.66,completed,2024-02-10,High
51285,721,Enterprise,East,98.57,shipped,2024-02-10,High
51286,6,Mid-Market,North,54.9,completed,2024-02-10,High
51287,459,Mid-Market,South,796.15,completed,2024-02-10,High
51288,763,Mid-Market,West,485.49,completed,2024-02-10,High
51289,844,Enterprise,Central,293.18,completed,2024-02-10,High
51290,691,Starter,West,189.89,completed,2024-02-10,High
51291,382,Starter,South,67.41,completed,2024-02-10,High
51292,835,Starter,East,381.99,completed,2024-02-10,High
51293,579,Starter,East,63.35,completed,2024-02-10,High
51294,870,Enterprise,Central,257.02,completed,2024-02-10,High
51295,788,Starter,North,390.63,pending,2024-02-10,High
51296,334,Mid-Market,Central,153.57,completed,2024-02-10,High
51297,19,Starter,South,258.73,completed,2024-02-10,High
51298,872,Starter,West,250.31,shipped,2024-02-10,High
51299,139,Starter,North,47.19,completed,2024-02-10,High
51300,161,Starter,South,180.36,completed,2024-02-10,High
51301,363,Starter,North,29.72,completed,2024-02-10,High
51302,841,Mid-Market,East,121.35,pending,2024-02-10,High
51303,423,Mid-Market,East,41.55,cancelled,2024-02-10,High
51304,222,Starter,South,95.77,shipped,2024-02-10,High
51305,139,Starter,North,283.45,completed,2024-02-10,High
51306,480,Starter,North,668.37,completed,2024-02-10,High
51307,343,Mid-Market,West,72.4,completed,2024-02-10,High
51308,205,Starter,East,128.88,completed,2024-02-10,High
51309,188,Starter,East,122.4,cancelled,2024-02-10,High
51310,595,SMB,North,478.18,completed,2024-02-10,High
51311,890,Mid-Market,West,112.68,completed,2024-02-10,High
51312,132,Mid-Market,South,195.15,pending,2024-02-10,High
51313,220,SMB,North,397.25,shipped,2024-02-11,High
51314,413,Enterprise,South,85.11,completed,2024-02-11,High
51315,680,SMB,South,363.61,completed,2024-02-11,High
51316,855,Mid-Market,West,389.16,completed,2024-02-11,High
51317,833,Mid-Market,North,415.32,completed,2024-02-11,High
51318,217,Starter,Central,62.3,completed,2024-02-11,High
51319,796,SMB,Central,91.71,completed,2024-02-11,High
51320,491,Starter,South,321.49,cancelled,2024-02-11,High
51321,563,Mid-Market,South,81.75,completed,2024-02-11,High
51322,442,Enterprise,North,152.54,completed,2024-02-11,High
51323,30,Mid-Market,East,33.84,completed,2024-02-11,High
51324,389,SMB,West,23.69,completed,2024-02-11,High
51325,750,Starter,Central,94.65,completed,2024-02-11,High
51326,667,Mid-Market,Central,144.74,pending,2024-02-11,High
51327,317,Starter,Central,89.81,pending,2024-02-11,High
51328,781,Starter,West,144.32,completed,2024-02-11,High
51329,1005,,,123.57,pending,2024-02-11,High
51330,126,Starter,South,188.61,completed,2024-02-11,High
51331,565,Starter,South,172.27,completed,2024-02-11,High
51332,138,SMB,Central,97.81,completed,2024-02-11,High
51333,157,Starter,North,98.01,pending,2024-02-11,High
51334,451,SMB,South,37.76,completed,2024-02-11,High
51335,897,Starter,Central,123.0,completed,2024-02-11,High
51336,93,SMB,South,147.71,shipped,2024-02-11,High
51337,573,Starter,West,112.08,completed,2024-02-11,High
51338,882,Starter,South,74.11,completed,2024-02-11,High
51339,884,Mid-Market,South,206.83,completed,2024-02-11,High
51340,758,Starter,South,26.64,completed,2024-02-11,High
51341,618,Starter,Central,383.78,completed,2024-02-11,High
51342,218,SMB,East,18.13,completed,2024-02-11,High
51343,313,Mid-Market,West,506.91,pending,2024-02-11,High
51344,859,Starter,South,108.08,completed,2024-02-11,High
51345,421,SMB,South,94.83,completed,2024-02-12,High
51346,44,Enterprise,West,59.45,completed,2024-02-12,High
51347,570,Starter,North,16.52,shipped,2024-02-12,High
51348,877,SMB,East,63.19,cancelled,2024-02-12,High
51349,338,SMB,South,32.38,completed,2024-02-12,High
51350,355,Mid-Market,South,176.74,completed,2024-02-12,High
51351,92,SMB,East,72.65,shipped,2024-02-12,High
51352,38,Mid-Market,East,233.62,shipped,2024-02-12,High
51353,186,Starter,West,49.77,completed,2024-02-12,High
51354,431,Mid-Market,Central,360.74,completed,2024-02-12,High
51355,156,Mid-Market,North,126.03,completed,2024-02-12,High
51356,845,Mid-Market,West,33.24,completed,2024-02-12,High
51357,656,Mid-Market,North,91.84,pending,2024-02-12,High
51358,754,Starter,West,49.74,completed,2024-02-12,High
51359,674,Starter,West,48.41,completed,2024-02-12,High
51360,144,Starter,East,120.9,completed,2024-02-12,High
51361,659,Starter,East,182.16,completed,2024-02-12,High
51362,164,Starter,Central,378.91,completed,2024-02-12,High
51363,279,SMB,East,119.62,completed,2024-02-12,High
51364,505,Starter,West,521.5,completed,2024-02-12,High
51365,897,Starter,Central,441.16,completed,2024-02-12,High
51366,90,Starter,West,315.44,completed,2024-02-12,High
51367,570,Starter,North,118.97,shipped,2024-02-12,High
51368,529,Mid-Market,East,37.78,cancelled,2024-02-12,High
51369,64,Starter,Central,51.87,completed,2024-02-12,High
51370,232,Starter,Central,171.48,shipped,2024-02-12,High
51371,310,Starter,Central,97.16,completed,2024-02-12,High
51372,416,Starter,Central,38.81,completed,2024-02-12,High
51373,757,Starter,South,112.8,cancelled,2024-02-12,High
51374,164,Starter,Central,17.64,completed,2024-02-12,High
51375,511,Starter,West,213.58,completed,2024-02-12,High
51376,556,Starter,South,26.46,cancelled,2024-02-12,High
51377,556,Starter,South,163.78,shipped,2024-02-13,High
51378,366,Starter,South,251.26,completed,2024-02-13,High
51379,338,SMB,South,36.35,cancelled,2024-02-13,High
51380,754,Starter,West,124.67,completed,2024-02-13,High
51381,858,Starter,East,241.48,completed,2024-02-13,High
51382,471,Mid-Market,North,60.29,completed,2024-02-13,High
51383,688,Starter,Central,41.67,completed,2024-02-13,High
51384,352,SMB,West,76.61,completed,2024-02-13,High
51385,509,Enterprise,Central,136.35,completed,2024-02-13,High
51386,213,Starter,Central,143.45,completed,2024-02-13,High
51387,876,Mid-Market,East,36.04,completed,2024-02-13,High
51388,47,Starter,Central,106.75,completed,2024-02-13,High
51389,469,Mid-Market,Central,61.85,completed,2024-02-13,High
51390,367,Enterprise,South,291.8,cancelled,2024-02-13,High
51391,762,Starter,North,71.44,completed,2024-02-13,High
51392,748,Starter,East,288.68,completed,2024-02-13,High
51393,796,SMB,Central,98.94,completed,2024-02-13,High
51394,483,Starter,East,209.52,shipped,2024-02-13,High
51395,468,SMB,Central,122.02,completed,2024-02-13,High
51396,700,Starter,West,160.91,completed,2024-02-13,High
51397,661,Starter,Central,90.47,completed,2024-02-13,High
51398,504,SMB,North,234.29,completed,2024-02-13,High
51399,483,Starter,East,98.06,completed,2024-02-13,High
51400,558,Mid-Market,South,106.72,completed,2024-02-13,High
51401,661,Starter,Central,124.37,pending,2024-02-13,High
51402,378,Mid-Market,East,282.41,completed,2024-02-13,High
51403,630,Starter,North,176.55,pending,2024-02-13,High
51404,439,SMB,South,79.42,pending,2024-02-13,High
51405,6,Mid-Market,North,181.44,pending,2024-02-13,High
51406,190,Mid-Market,North,169.26,cancelled,2024-02-13,High
51407,39,Starter,Central,416.09,shipped,2024-02-13,High
51408,142,Starter,Central,291.22,completed,2024-02-13,High
51409,178,Starter,South,171.38,completed,2024-02-14,High
51410,326,SMB,West,77.67,completed,2024-02-14,High
51411,892,SMB,Central,241.83,pending,2024-02-14,High
51412,600,Mid-Market,West,143.42,completed,2024-02-14,High
51413,512,Starter,Central,647.68,completed,2024-02-14,High
51414,124,Mid-Market,East,57.65,completed,2024-02-14,High
51415,860,Mid-Market,East,27.45,shipped,2024-02-14,High
51416,376,Starter,Central,25.87,shipped,2024-02-14,High
51417,391,Enterprise,South,168.26,completed,2024-02-14,High
51418,759,SMB,Central,435.17,completed,2024-02-14,High
51419,90,Starter,West,15.29,completed,2024-02-14,High
51420,87,SMB,North,209.07,completed,2024-02-14,High
51421,48,Starter,South,175.53,completed,2024-02-14,High
51422,547,Mid-Market,Central,212.69,completed,2024-02-14,High
51423,700,Starter,West,80.87,cancelled,2024-02-14,High
51424,110,Mid-Market,Central,272.63,completed,2024-02-14,High
51425,113,Enterprise,South,21.86,completed,2024-02-14,High
51426,685,Enterprise,Central,226.24,shipped,2024-02-14,High
51427,679,Enterprise,West,61.61,completed,2024-02-14,High
51428,688,Starter,Central,112.18,completed,2024-02-14,High
51429,290,Starter,North,274.43,completed,2024-02-14,High
51430,753,Starter,East,62.49,pending,2024-02-14,High
51431,848,Enterprise,North,45.72,completed,2024-02-14,High
51432,414,Starter,South,186.53,completed,2024-02-14,High
51433,390,SMB,West,129.34,cancelled,2024-02-14,High
51434,735,Starter,East,123.36,shipped,2024-02-14,High
51435,626,Starter,East,59.51,completed,2024-02-14,High
51436,29,Starter,South,20.33,shipped,2024-02-14,High
51437,844,Enterprise,Central,94.21,pending,2024-02-14,High
51438,148,Starter,West,31.9,cancelled,2024-02-14,High
51439,518,SMB,East,369.65,cancelled,2024-02-14,High
51440,17,Starter,South,21.32,completed,2024-02-14,High
51441,683,Mid-Market,West,99.75,completed,2024-02-15,High
51442,31,Starter,South,23.05,completed,2024-02-15,High
51443,857,Mid-Market,Central,30.06,completed,2024-02-15,High
51444,897,Starter,Central,176.32,pending,2024-02-15,High
51445,214,Mid-Market,Central,171.24,pending,2024-02-15,High
51446,702,Mid-Market,South,20.04,completed,2024-02-15,High
51447,53,Enterprise,South,15.17,completed,2024-02-15,High
51448,520,Mid-Market,West,27.31,completed,2024-02-15,High
51449,600,Mid-Market,West,230.95,completed,2024-02-15,High
51450,75,SMB,Central,146.77,shipped,2024-02-15,High
51451,817,Starter,North,20.83,completed,2024-02-15,High
51452,740,Starter,Central,115.44,completed,2024-02-15,High
51453,367,Enterprise,South,201.73,completed,2024-02-15,High
51454,494,Mid-Market,Central,319.83,completed,2024-02-15,High
51455,381,Mid-Market,North,422.8,cancelled,2024-02-15,High
51456,446,Enterprise,South,74.5,completed,2024-02-15,High
51457,52,SMB,West,36.9,pending,2024-02-15,High
51458,277,SMB,West,55.56,completed,2024-02-15,High
51459,881,Mid-Market,Central,239.53,completed,2024-02-15,High
51460,223,Mid-Market,West,548.59,completed,2024-02-15,High
51461,540,Mid-Market,Central,109.21,shipped,2024-02-15,High
51462,22,Mid-Market,East,69.65,completed,2024-02-15,High
51463,525,SMB,West,99.1,completed,2024-02-15,High
51464,1,Starter,West,69.54,completed,2024-02-15,High
51465,623,Starter,East,59.46,completed,2024-02-15,High
51466,854,SMB,East,150.12,completed,2024-02-15,High
51467,868,Mid-Market,South,17.38,completed,2024-02-15,High
51468,629,Mid-Market,South,60.08,completed,2024-02-15,High
51469,494,Mid-Market,Central,177.43,completed,2024-02-15,High
51470,596,Starter,East,19.89,completed,2024-02-15,High
51471,488,Starter,West,28.03,completed,2024-02-15,High
51472,860,Mid-Market,East,67.09,cancelled,2024-02-15,High
51473,779,SMB,South,330.32,completed,2024-02-16,High
51474,45,Starter,Central,232.15,pending,2024-02-16,High
51475,654,SMB,Central,18.36,completed,2024-02-16,High
51476,287,Starter,East,119.49,shipped,2024-02-16,High
51477,834,Mid-Market,North,63.17,completed,2024-02-16,High
51478,767,SMB,East,171.89,completed,2024-02-16,High
51479,405,Starter,South,206.78,shipped,2024-02-16,High
51480,222,Starter,South,313.02,shipped,2024-02-16,High
51481,758,Starter,South,111.77,shipped,2024-02-16,High
51482,285,Starter,Central,794.1,shipped,2024-02-16,High
51483,164,Starter,Central,601.7,completed,2024-02-16,High
51484,101,Mid-Market,South,335.77,completed,2024-02-16,High
51485,141,Enterprise,West,143.3,completed,2024-02-16,High
51486,364,Starter,Central,91.13,pending,2024-02-16,High
51487,500,Enterprise,West,82.97,completed,2024-02-16,High
51488,412,Enterprise,West,16.83,pending,2024-02-16,High
51489,553,Starter,Central,57.99,completed,2024-02-16,High
51490,892,SMB,Central,205.31,completed,2024-02-16,High
51491,275,Starter,West,153.81,completed,2024-02-16,High
51492,886,Mid-Market,North,387.3,completed,2024-02-16,High
51493,822,Mid-Market,Central,22.7,shipped,2024-02-16,High
51494,709,Starter,North,40.31,completed,2024-02-16,High
51495,489,Enterprise,Central,248.56,pending,2024-02-16,High
51496,357,Mid-Market,North,81.59,shipped,2024-02-16,High
51497,808,Enterprise,East,33.89,completed,2024-02-16,High
51498,251,Starter,West,861.14,pending,2024-02-16,High
51499,170,Starter,West,247.15,completed,2024-02-16,High
51500,720,SMB,South,93.83,completed,2024-02-16,High
51501,302,Starter,West,275.04,completed,2024-02-16,High
51502,62,Starter,East,186.2,completed,2024-02-16,High
51503,143,Starter,South,249.08,completed,2024-02-16,High
51504,154,Starter,West,268.28,pending,2024-02-16,High
51505,530,SMB,Central,28.28,completed,2024-02-17,High
51506,597,Starter,West,161.32,completed,2024-02-17,High
51507,748,Starter,East,16.02,completed,2024-02-17,High
51508,281,SMB,North,21.66,completed,2024-02-17,High
51509,479,Enterprise,North,366.48,shipped,2024-02-17,High
51510,397,SMB,East,127.48,shipped,2024-02-17,High
51511,71,SMB,North,214.72,completed,2024-02-17,High
51512,878,Starter,North,288.49,pending,2024-02-17,High
51513,434,Mid-Market,West,463.13,completed,2024-02-17,High
51514,283,Starter,West,320.29,completed,2024-02-17,High
51515,745,Mid-Market,East,114.05,completed,2024-02-17,High
51516,849,Starter,South,76.41,completed,2024-02-17,High
51517,861,SMB,South,40.17,pending,2024-02-17,High
51518,626,Starter,East,91.7,completed,2024-02-17,High
51519,787,Starter,South,83.47,completed,2024-02-17,High
51520,599,Mid-Market,Central,138.0,completed,2024-02-17,High
51521,850,Starter,South,179.27,completed,2024-02-17,High
51522,477,Mid-Market,North,589.74,completed,2024-02-17,High
51523,629,Mid-Market,South,210.51,completed,2024-02-17,High
51524,168,Mid-Market,West,169.82,pending,2024-02-17,High
51525,429,Starter,Central,76.22,shipped,2024-02-17,High
51526,367,Enterprise,South,20.27,completed,2024-02-17,High
51527,287,Starter,East,65.98,shipped,2024-02-17,High
51528,465,Enterprise,South,234.44,completed,2024-02-17,High
51529,199,SMB,West,49.46,completed,2024-02-17,High
51530,851,Mid-Market,Central,201.82,completed,2024-02-17,High
51531,779,SMB,South,145.05,completed,2024-02-17,High
51532,79,Starter,Central,43.29,pending,2024-02-17,High
51533,628,SMB,South,60.5,completed,2024-02-17,High
51534,480,Starter,North,117.87,shipped,2024-02-17,High
51535,206,Mid-Market,South,96.29,completed,2024-02-17,High
51536,173,Starter,North,241.14,completed,2024-02-17,High
51537,236,SMB,West,213.87,shipped,2024-02-18,High
51538,574,Starter,East,143.2,completed,2024-02-18,High
51539,685,Enterprise,Central,274.13,completed,2024-02-18,High
51540,314,Enterprise,East,139.06,completed,2024-02-18,High
51541,190,Mid-Market,North,515.27,completed,2024-02-18,High
51542,580,Starter,Central,51.74,pending,2024-02-18,High
51543,370,Mid-Market,South,202.83,completed,2024-02-18,High
51544,658,Starter,East,84.29,completed,2024-02-18,High
51545,155,Enterprise,South,64.06,pending,2024-02-18,High
51546,246,Enterprise,East,44.84,completed,2024-02-18,High
51547,869,SMB,North,135.61,completed,2024-02-18,High
51548,529,Mid-Market,East,51.4,completed,2024-02-18,High
51549,667,Mid-Market,Central,48.54,completed,2024-02-18,High
51550,490,SMB,East,713.97,completed,2024-02-18,High
51551,383,Starter,West,257.73,completed,2024-02-18,High
51552,899,Mid-Market,South,221.91,pending,2024-02-18,High
51553,554,Starter,West,252.03,completed,2024-02-18,High
51554,128,SMB,Central,535.69,completed,2024-02-18,High
51555,593,Mid-Market,Central,142.74,completed,2024-02-18,High
51556,516,Mid-Market,West,52.32,completed,2024-02-18,High
51557,242,Enterprise,North,312.3,pending,2024-02-18,High
51558,121,SMB,Central,218.64,completed,2024-02-18,High
51559,717,SMB,West,95.24,completed,2024-02-18,High
51560,692,Starter,West,111.25,completed,2024-02-18,High
51561,246,Enterprise,East,94.46,completed,2024-02-18,High
51562,662,Enterprise,Central,413.77,completed,2024-02-18,High
51563,427,Starter,West,78.13,completed,2024-02-18,High
51564,761,Mid-Market,Central,511.5,completed,2024-02-18,High
51565,233,Starter,Central,376.65,completed,2024-02-18,High
51566,768,SMB,North,164.35,completed,2024-02-18,High
51567,712,Starter,Central,145.06,completed,2024-02-18,High
51568,525,SMB,West,84.33,completed,2024-02-18,High
51569,661,Starter,Central,17.78,pending,2024-02-19,High
51570,531,SMB,Central,35.48,completed,2024-02-19,High
51571,181,Starter,East,225.5,pending,2024-02-19,High
51572,611,Mid-Market,Central,110.67,completed,2024-02-19,High
51573,410,Mid-Market,Central,39.35,shipped,2024-02-19,High
51574,607,Mid-Market,Central,60.97,completed,2024-02-19,High
51575,355,Mid-Market,South,458.01,completed,2024-02-19,High
51576,350,Starter,North,83.62,completed,2024-02-19,High
51577,832,Starter,North,372.38,completed,2024-02-19,High
51578,612,SMB,North,69.5,completed,2024-02-19,High
51579,561,SMB,Central,132.53,completed,2024-02-19,High
51580,720,SMB,South,18.1,completed,2024-02-19,High
51581,424,Starter,Central,125.68,completed,2024-02-19,High
51582,677,Mid-Market,North,166.98,completed,2024-02-19,High
51583,386,SMB,West,55.05,completed,2024-02-19,High
51584,549,Starter,East,144.75,completed,2024-02-19,High
51585,135,Enterprise,East,171.26,completed,2024-02-19,High
51586,109,Mid-Market,East,189.18,completed,2024-02-19,High
51587,441,Mid-Market,East,239.69,completed,2024-02-19,High
51588,796,SMB,Central,70.95,completed,2024-02-19,High
51589,99,Mid-Market,East,140.82,completed,2024-02-19,High
51590,480,Starter,North,614.14,pending,2024-02-19,High
51591,1009,,,357.63,completed,2024-02-19,High
51592,508,SMB,East,472.58,pending,2024-02-19,High
51593,128,SMB,Central,88.2,completed,2024-02-19,High
51594,404,SMB,East,246.92,pending,2024-02-19,High
51595,678,Starter,Central,160.1,shipped,2024-02-19,High
51596,772,SMB,West,27.95,completed,2024-02-19,High
51597,85,Starter,North,275.57,completed,2024-02-19,High
51598,610,Starter,North,184.56,completed,2024-02-19,High
51599,194,Starter,North,48.27,completed,2024-02-19,High
51600,489,Enterprise,Central,27.46,cancelled,2024-02-19,High
51601,98,Starter,West,287.12,cancelled,2024-02-20,High
51602,547,Mid-Market,Central,27.33,shipped,2024-02-20,High
51603,42,Starter,West,29.37,pending,2024-02-20,High
51604,648,Starter,West,98.64,pending,2024-02-20,High
51605,528,Starter,North,36.72,completed,2024-02-20,High
51606,309,SMB,Central,382.44,completed,2024-02-20,High
51607,253,SMB,East,110.31,completed,2024-02-20,High
51608,317,Starter,Central,141.3,completed,2024-02-20,High
51609,236,SMB,West,409.88,completed,2024-02-20,High
51610,390,SMB,West,128.34,completed,2024-02-20,High
51611,602,Starter,South,80.45,completed,2024-02-20,High
51612,765,Mid-Market,North,254.3,completed,2024-02-20,High
51613,112,Mid-Market,East,102.74,pending,2024-02-20,High
51614,709,Starter,North,72.51,completed,2024-02-20,High
51615,493,Starter,South,207.68,completed,2024-02-20,High
51616,38,Mid-Market,East,257.62,shipped,2024-02-20,High
51617,556,Starter,South,250.33,completed,2024-02-20,High
51618,65,Starter,North,585.3,completed,2024-02-20,High
51619,871,Starter,North,246.74,completed,2024-02-20,High
51620,725,Starter,South,235.41,completed,2024-02-20,High
51621,724,SMB,North,307.25,pending,2024-02-20,High
51622,269,Starter,East,15.03,completed,2024-02-20,High
51623,162,Starter,West,82.51,completed,2024-02-20,High
51624,493,Starter,South,215.68,completed,2024-02-20,High
51625,571,Starter,South,152.34,pending,2024-02-20,High
51626,73,Mid-Market,North,44.32,completed,2024-02-20,High
51627,412,Enterprise,West,69.3,shipped,2024-02-20,High
51628,519,Enterprise,Central,76.6,completed,2024-02-20,High
51629,755,Mid-Market,East,140.84,pending,2024-02-20,High
51630,840,Starter,South,282.21,shipped,2024-02-20,High
51631,549,Starter,East,419.33,shipped,2024-02-20,High
51632,828,Starter,North,223.0,completed,2024-02-20,High
51633,201,Starter,East,292.68,pending,2024-02-21,High
51634,638,Mid-Market,South,110.26,completed,2024-02-21,High
51635,551,Starter,West,89.09,pending,2024-02-21,High
51636,296,Starter,West,89.81,completed,2024-02-21,High
51637,371,Mid-Market,South,158.58,completed,2024-02-21,High
51638,851,Mid-Market,Central,34.9,completed,2024-02-21,High
51639,59,Mid-Market,Central,144.94,completed,2024-02-21,High
51640,560,Starter,North,179.1,completed,2024-02-21,High
51641,192,SMB,East,101.68,completed,2024-02-21,High
51642,339,Starter,East,474.18,completed,2024-02-21,High
51643,567,Starter,South,155.56,shipped,2024-02-21,High
51644,840,Starter,South,52.27,completed,2024-02-21,High
51645,481,Starter,West,112.86,completed,2024-02-21,High
51646,663,Starter,East,183.78,pending,2024-02-21,High
51647,115,Starter,South,73.65,completed,2024-02-21,High
51648,660,Starter,West,27.45,completed,2024-02-21,High
51649,100,Mid-Market,Central,146.36,completed,2024-02-21,High
51650,493,Starter,South,458.1,completed,2024-02-21,High
51651,481,Starter,West,114.56,completed,2024-02-21,High
51652,787,Starter,South,369.84,completed,2024-02-21,High
51653,701,Starter,North,285.29,cancelled,2024-02-21,High
51654,693,Starter,North,38.92,completed,2024-02-21,High
51655,838,Starter,South,199.74,completed,2024-02-21,High
51656,530,SMB,Central,100.76,shipped,2024-02-21,High
51657,148,Starter,West,58.2,completed,2024-02-21,High
51658,499,Enterprise,Central,189.2,completed,2024-02-21,High
51659,1017,,,218.6,pending,2024-02-21,High
51660,721,Enterprise,East,44.75,completed,2024-02-21,High
51661,335,Mid-Market,North,383.79,pending,2024-02-21,High
51662,521,Starter,South,223.63,completed,2024-02-21,High
51663,514,SMB,North,421.3,shipped,2024-02-21,High
51664,852,SMB,East,72.21,completed,2024-02-21,High
51665,40,Starter,East,435.36,completed,2024-02-22,High
51666,736,SMB,West,83.95,completed,2024-02-22,High
51667,613,Starter,West,23.32,cancelled,2024-02-22,High
51668,287,Starter,East,230.93,shipped,2024-02-22,High
51669,645,Mid-Market,West,197.36,completed,2024-02-22,High
51670,658,Starter,East,151.66,cancelled,2024-02-22,High
51671,168,Mid-Market,West,115.97,completed,2024-02-22,High
51672,881,Mid-Market,Central,19.9,completed,2024-02-22,High
51673,437,Mid-Market,West,161.96,completed,2024-02-22,High
51674,522,Starter,South,95.89,shipped,2024-02-22,High
51675,218,SMB,East,138.22,shipped,2024-02-22,High
51676,372,Mid-Market,South,99.14,completed,2024-02-22,High
51677,75,SMB,Central,522.46,pending,2024-02-22,High
51678,288,Starter,West,153.99,completed,2024-02-22,High
51679,480,Starter,North,222.49,completed,2024-02-22,High
51680,595,SMB,North,428.15,completed,2024-02-22,High
51681,198,SMB,East,149.33,pending,2024-02-22,High
51682,650,Starter,East,16.82,completed,2024-02-22,High
51683,7,Mid-Market,South,20.23,completed,2024-02-22,High
51684,378,Mid-Market,East,196.77,completed,2024-02-22,High
51685,439,SMB,South,64.09,completed,2024-02-22,High
51686,253,SMB,East,144.9,completed,2024-02-22,High
51687,458,Starter,Central,48.9,completed,2024-02-22,High
51688,326,SMB,West,62.26,pending,2024-02-22,High
51689,206,Mid-Market,South,120.37,completed,2024-02-22,High
51690,666,Mid-Market,West,571.79,completed,2024-02-22,High
51691,476,Enterprise,South,158.67,shipped,2024-02-22,High
51692,491,Starter,South,427.68,completed,2024-02-22,High
51693,534,Starter,North,495.52,pending,2024-02-22,High
51694,168,Mid-Market,West,50.0,completed,2024-02-22,High
51695,375,Mid-Market,East,70.92,completed,2024-02-22,High
51696,849,Starter,South,235.45,completed,2024-02-22,High
51697,1014,,,317.34,pending,2024-02-23,High
51698,704,Mid-Market,South,124.85,cancelled,2024-02-23,High
51699,694,Mid-Market,West,764.2,completed,2024-02-23,High
51700,662,Enterprise,Central,16.75,completed,2024-02-23,High
51701,606,Starter,East,68.41,completed,2024-02-23,High
51702,587,Mid-Market,North,161.39,completed,2024-02-23,High
51703,736,SMB,West,110.03,completed,2024-02-23,High
51704,231,SMB,West,33.6,completed,2024-02-23,High
51705,340,Mid-Market,Central,83.78,completed,2024-02-23,High
51706,137,Starter,Central,18.87,completed,2024-02-23,High
51707,691,Starter,West,169.4,shipped,2024-02-23,High
51708,68,SMB,West,349.88,completed,2024-02-23,High
51709,843,Mid-Market,West,339.26,completed,2024-02-23,High
51710,658,Starter,East,195.37,completed,2024-02-23,High
51711,7,Mid-Market,South,109.04,completed,2024-02-23,High
51712,523,Enterprise,North,122.63,shipped,2024-02-23,High
51713,1011,,,37.09,completed,2024-02-23,High
51714,70,Enterprise,West,77.56,completed,2024-02-23,High
51715,768,SMB,North,46.19,completed,2024-02-23,High
51716,421,SMB,South,273.22,pending,2024-02-23,High
51717,783,Starter,South,384.33,completed,2024-02-23,High
51718,475,Starter,West,130.48,completed,2024-02-23,High
51719,323,Starter,North,210.16,completed,2024-02-23,High
51720,68,SMB,West,34.42,completed,2024-02-23,High
51721,624,Starter,West,155.68,completed,2024-02-23,High
51722,337,SMB,South,197.0,completed,2024-02-23,High
51723,328,Starter,North,105.43,shipped,2024-02-23,High
51724,787,Starter,South,56.81,shipped,2024-02-23,High
51725,669,Mid-Market,East,329.79,completed,2024-02-23,High
51726,825,Starter,South,218.75,completed,2024-02-23,High
51727,82,Starter,South,360.17,completed,2024-02-23,High
51728,471,Mid-Market,North,270.89,completed,2024-02-23,High
51729,485,Starter,Central,711.5,completed,2024-02-24,High
51730,148,Starter,West,47.01,completed,2024-02-24,High
51731,355,Mid-Market,South,28.61,completed,2024-02-24,High
51732,255,Mid-Market,Central,76.65,completed,2024-02-24,High
51733,434,Mid-Market,West,35.72,completed,2024-02-24,High
51734,154,Starter,West,126.08,completed,2024-02-24,High
51735,449,Starter,South,165.37,completed,2024-02-24,High
51736,581,Starter,Central,144.52,pending,2024-02-24,High
51737,210,Mid-Market,South,60.01,completed,2024-02-24,High
51738,404,SMB,East,374.24,pending,2024-02-24,High
51739,610,Starter,North,18.21,completed,2024-02-24,High
51740,466,Starter,West,79.16,pending,2024-02-24,High
51741,102,Starter,North,205.41,completed,2024-02-24,High
51742,375,Mid-Market,East,233.46,pending,2024-02-24,High
51743,853,Mid-Market,South,95.71,completed,2024-02-24,High
51744,507,Enterprise,North,17.56,completed,2024-02-24,High
51745,222,Starter,South,159.37,completed,2024-02-24,High
51746,108,SMB,Central,24.78,completed,2024-02-24,High
51747,608,Starter,East,32.12,completed,2024-02-24,High
51748,479,Enterprise,North,172.58,completed,2024-02-24,High
51749,74,SMB,West,71.2,completed,2024-02-24,High
51750,173,Starter,North,79.16,completed,2024-02-24,High
51751,284,Mid-Market,Central,115.07,completed,2024-02-24,High
51752,666,Mid-Market,West,591.5,completed,2024-02-24,High
51753,400,SMB,West,519.77,completed,2024-02-24,High
51754,598,Mid-Market,South,95.75,pending,2024-02-24,High
51755,548,Starter,North,61.28,cancelled,2024-02-24,High
51756,523,Enterprise,North,69.06,pending,2024-02-24,High
51757,471,Mid-Market,North,61.96,shipped,2024-02-24,High
51758,848,Enterprise,North,128.97,completed,2024-02-24,High
51759,523,Enterprise,North,155.04,cancelled,2024-02-24,High
51760,183,Enterprise,Central,115.64,completed,2024-02-24,High
51761,237,Starter,South,93.64,completed,2024-02-25,High
51762,626,Starter,East,50.6,shipped,2024-02-25,High
51763,371,Mid-Market,South,113.81,completed,2024-02-25,High
51764,215,SMB,West,77.58,completed,2024-02-25,High
51765,884,Mid-Market,South,132.0,completed,2024-02-25,High
51766,90,Starter,West,183.68,completed,2024-02-25,High
51767,527,Starter,Central,165.49,completed,2024-02-25,High
51768,190,Mid-Market,North,108.12,completed,2024-02-25,High
51769,735,Starter,East,136.81,completed,2024-02-25,High
51770,382,Starter,South,65.29,completed,2024-02-25,High
51771,378,Mid-Market,East,18.68,completed,2024-02-25,High
51772,256,Starter,West,162.13,completed,2024-02-25,High
51773,147,Starter,East,58.67,pending,2024-02-25,High
51774,860,Mid-Market,East,180.82,completed,2024-02-25,High
51775,520,Mid-Market,West,221.16,pending,2024-02-25,High
51776,738,SMB,South,386.41,completed,2024-02-25,High
51777,415,Starter,East,490.95,completed,2024-02-25,High
51778,853,Mid-Market,South,16.59,completed,2024-02-25,High
51779,395,Starter,West,711.5,completed,2024-02-25,High
51780,179,Enterprise,East,187.34,completed,2024-02-25,High
51781,730,Mid-Market,South,169.72,completed,2024-02-25,High
51782,496,Starter,West,17.3,completed,2024-02-25,High
51783,245,Mid-Market,South,311.24,completed,2024-02-25,High
51784,53,Enterprise,South,38.58,completed,2024-02-25,High
51785,312,Mid-Market,South,287.4,cancelled,2024-02-25,Low
51786,787,Starter,South,17.35,completed,2024-02-25,High
51787,741,Starter,Central,170.75,shipped,2024-02-25,High
51788,326,SMB,West,100.59,shipped,2024-02-25,High
51789,354,Mid-Market,South,48.62,completed,2024-02-25,High
51790,350,Starter,North,32.07,pending,2024-02-25,High
51791,638,Mid-Market,South,102.01,cancelled,2024-02-25,High
51792,686,Starter,North,34.74,completed,2024-02-25,High
51793,400,SMB,West,114.96,completed,2024-02-26,High
51794,779,SMB,South,162.21,completed,2024-02-26,High
51795,64,Starter,Central,278.5,completed,2024-02-26,High
51796,863,Starter,South,185.28,completed,2024-02-26,High
51797,213,Starter,Central,25.11,pending,2024-02-26,High
51798,71,SMB,North,70.1,shipped,2024-02-26,High
51799,891,SMB,West,65.95,completed,2024-02-26,High
51800,582,Enterprise,North,384.82,completed,2024-02-26,High
51801,540,Mid-Market,Central,318.5,pending,2024-02-26,High
51802,11,Mid-Market,South,84.34,completed,2024-02-26,High
51803,195,Starter,Central,26.07,completed,2024-02-26,High
51804,189,Starter,East,351.8,completed,2024-02-26,High
51805,436,SMB,West,343.64,completed,2024-02-26,High
51806,560,Starter,North,304.39,completed,2024-02-26,High
51807,258,Starter,East,294.73,completed,2024-02-26,High
51808,183,Enterprise,Central,113.16,completed,2024-02-26,High
51809,384,SMB,South,44.3,completed,2024-02-26,High
51810,446,Enterprise,South,112.37,completed,2024-02-26,High
51811,646,SMB,East,117.36,completed,2024-02-26,High
51812,252,Starter,East,115.98,shipped,2024-02-26,High
51813,760,SMB,West,131.08,completed,2024-02-26,High
51814,401,Mid-Market,Central,59.69,completed,2024-02-26,High
51815,148,Starter,West,83.41,completed,2024-02-26,High
51816,209,Mid-Market,Central,100.42,completed,2024-02-26,High
51817,474,SMB,North,36.08,cancelled,2024-02-26,High
51818,140,Enterprise,North,106.15,completed,2024-02-26,High
51819,185,Starter,East,264.48,completed,2024-02-26,High
51820,111,Starter,South,279.09,shipped,2024-02-26,High
51821,594,Starter,Central,94.54,completed,2024-02-26,High
51822,895,Starter,Central,124.72,completed,2024-02-26,High
51823,739,Starter,North,20.13,completed,2024-02-26,High
51824,540,Mid-Market,Central,183.33,shipped,2024-02-26,High
51825,388,Mid-Market,East,92.78,completed,2024-02-27,High
51826,605,Mid-Market,North,103.45,pending,2024-02-27,High
51827,529,Mid-Market,East,325.33,completed,2024-02-27,High
51828,628,SMB,South,107.94,completed,2024-02-27,High
51829,148,Starter,West,18.21,cancelled,2024-02-27,High
51830,444,Starter,South,53.72,completed,2024-02-27,High
51831,442,Enterprise,North,111.83,shipped,2024-02-27,High
51832,644,Starter,West,97.85,shipped,2024-02-27,High
51833,463,SMB,South,310.31,pending,2024-02-27,High
51834,826,Enterprise,Central,132.18,completed,2024-02-27,High
51835,29,Starter,South,190.5,completed,2024-02-27,High
51836,414,Starter,South,110.04,shipped,2024-02-27,High
51837,187,SMB,North,101.88,completed,2024-02-27,High
51838,141,Enterprise,West,103.67,completed,2024-02-27,High
51839,302,Starter,West,94.38,completed,2024-02-27,High
51840,248,Enterprise,South,131.02,completed,2024-02-27,High
51841,492,Starter,East,58.24,completed,2024-02-27,High
51842,473,Mid-Market,Central,347.54,completed,2024-02-27,High
51843,530,SMB,Central,75.76,completed,2024-02-27,High
51844,534,Starter,North,38.94,completed,2024-02-27,High
51845,272,SMB,Central,30.23,completed,2024-02-27,High
51846,395,Starter,West,17.03,shipped,2024-02-27,High
51847,738,SMB,South,97.45,shipped,2024-02-27,High
51848,589,Mid-Market,North,46.17,completed,2024-02-27,High
51849,426,Starter,North,18.28,completed,2024-02-27,High
51850,733,Starter,North,125.1,completed,2024-02-27,High
51851,226,Mid-Market,East,185.91,completed,2024-02-27,High
51852,830,Starter,South,28.45,shipped,2024-02-27,High
51853,701,Starter,North,107.68,shipped,2024-02-27,High
51854,44,Enterprise,West,219.17,pending,2024-02-27,High
51855,380,Starter,North,653.25,completed,2024-02-27,High
51856,845,Mid-Market,West,180.03,completed,2024-02-27,High
51857,858,Starter,East,57.12,completed,2024-02-28,High
51858,91,Mid-Market,West,204.11,completed,2024-02-28,High
51859,887,Starter,West,151.67,completed,2024-02-28,High
51860,601,Mid-Market,East,50.7,completed,2024-02-28,High
51861,620,SMB,North,300.68,completed,2024-02-28,High
51862,608,Starter,East,98.64,completed,2024-02-28,High
51863,173,Starter,North,505.44,completed,2024-02-28,High
51864,516,Mid-Market,West,207.51,completed,2024-02-28,High
51865,57,Mid-Market,East,170.16,cancelled,2024-02-28,High
51866,245,Mid-Market,South,210.49,completed,2024-02-28,High
51867,76,SMB,North,112.54,completed,2024-02-28,High
51868,554,Starter,West,120.55,completed,2024-02-28,High
51869,666,Mid-Market,West,300.78,pending,2024-02-28,High
51870,1,Starter,West,186.35,completed,2024-02-28,High
51871,559,SMB,Central,356.31,pending,2024-02-28,High
51872,499,Enterprise,Central,347.22,completed,2024-02-28,High
51873,117,SMB,North,577.55,shipped,2024-02-28,High
51874,709,Starter,North,195.7,completed,2024-02-28,High
51875,532,Enterprise,East,119.66,completed,2024-02-28,High
51876,543,Mid-Market,East,42.28,completed,2024-02-28,High
51877,273,SMB,Central,198.31,completed,2024-02-28,High
51878,500,Enterprise,West,66.71,shipped,2024-02-28,High
51879,457,Mid-Market,East,64.89,completed,2024-02-28,High
51880,867,Mid-Market,North,55.83,completed,2024-02-28,High
51881,686,Starter,North,327.06,cancelled,2024-02-28,High
51882,528,Starter,North,318.7,completed,2024-02-28,High
51883,435,Mid-Market,West,164.53,cancelled,2024-02-28,High
51884,302,Starter,West,111.08,completed,2024-02-28,High
51885,46,Starter,North,182.26,pending,2024-02-28,High
51886,369,Mid-Market,South,155.18,completed,2024-02-28,High
51887,636,Starter,Central,95.61,completed,2024-02-28,High
51888,319,Mid-Market,South,86.62,completed,2024-02-28,High
51889,205,Starter,East,87.38,completed,2024-02-29,High
51890,434,Mid-Market,West,148.42,completed,2024-02-29,High
51891,202,Mid-Market,Central,171.48,completed,2024-02-29,High
51892,325,Enterprise,West,105.15,cancelled,2024-02-29,High
51893,745,Mid-Market,East,534.58,cancelled,2024-02-29,High
51894,622,Mid-Market,North,28.14,cancelled,2024-02-29,High
51895,13,SMB,Central,78.94,cancelled,2024-02-29,High
51896,423,Mid-Market,East,96.47,shipped,2024-02-29,High
51897,423,Mid-Market,East,17.56,cancelled,2024-02-29,High
51898,677,Mid-Market,North,83.11,pending,2024-02-29,High
51899,467,Starter,South,62.97,completed,2024-02-29,High
51900,360,Starter,North,120.79,shipped,2024-02-29,High
51901,885,SMB,West,76.51,pending,2024-02-29,High
51902,564,Mid-Market,North,209.29,shipped,2024-02-29,High
51903,68,SMB,West,121.98,completed,2024-02-29,High
51904,588,Mid-Market,North,35.85,completed,2024-02-29,High
51905,528,Starter,North,222.98,shipped,2024-02-29,High
51906,171,Starter,Central,30.68,cancelled,2024-02-29,High
51907,646,SMB,East,289.0,completed,2024-02-29,High
51908,478,Starter,East,416.97,completed,2024-02-29,High
51909,604,Mid-Market,Central,73.39,completed,2024-02-29,High
51910,4,Starter,North,405.84,completed,2024-02-29,High
51911,603,Mid-Market,South,251.26,completed,2024-02-29,High
51912,128,SMB,Central,398.5,completed,2024-02-29,High
51913,1003,,,179.61,cancelled,2024-02-29,High
51914,151,Enterprise,East,55.31,completed,2024-02-29,High
51915,184,SMB,North,352.39,completed,2024-02-29,High
51916,188,Starter,East,45.55,pending,2024-02-29,High
51917,817,Starter,North,50.94,completed,2024-02-29,High
51918,366,Starter,South,62.43,completed,2024-02-29,High
51919,171,Starter,Central,69.41,completed,2024-02-29,High
51920,788,Starter,North,123.38,completed,2024-02-29,High
51921,388,Mid-Market,East,202.48,shipped,2024-03-01,High
51922,39,Starter,Central,405.98,pending,2024-03-01,High
51923,853,Mid-Market,South,28.89,completed,2024-03-01,High
51924,44,Enterprise,West,478.08,completed,2024-03-01,High
51925,109,Mid-Market,East,396.36,completed,2024-03-01,High
51926,119,SMB,East,23.33,shipped,2024-03-01,High
51927,283,Starter,West,82.02,shipped,2024-03-01,High
51928,155,Enterprise,South,266.61,completed,2024-03-01,High
51929,751,Mid-Market,North,156.85,completed,2024-03-01,High
51930,826,Enterprise,Central,241.5,cancelled,2024-03-01,High
51931,422,SMB,East,205.43,pending,2024-03-01,High
51932,817,Starter,North,118.01,completed,2024-03-01,High
51933,236,SMB,West,21.31,shipped,2024-03-01,High
51934,278,Starter,East,146.66,completed,2024-03-01,High
51935,99,Mid-Market,East,22.47,completed,2024-03-01,High
51936,87,SMB,North,153.85,completed,2024-03-01,High
51937,331,Starter,Central,256.72,completed,2024-03-01,High
51938,454,Enterprise,South,146.92,completed,2024-03-01,High
51939,520,Mid-Market,West,887.47,completed,2024-03-01,High
51940,855,Mid-Market,West,106.28,completed,2024-03-01,High
51941,463,SMB,South,222.24,completed,2024-03-01,High
51942,373,Mid-Market,West,180.04,completed,2024-03-01,High
51943,859,Starter,South,728.95,completed,2024-03-01,High
51944,38,Mid-Market,East,202.36,shipped,2024-03-01,High
51945,273,SMB,Central,41.87,completed,2024-03-01,High
51946,761,Mid-Market,Central,481.9,completed,2024-03-01,High
51947,30,Mid-Market,East,180.29,cancelled,2024-03-01,High
51948,561,SMB,Central,24.18,completed,2024-03-01,High
51949,387,Starter,East,175.75,completed,2024-03-01,High
51950,317,Starter,Central,336.99,completed,2024-03-01,High
51951,424,Starter,Central,144.07,pending,2024-03-01,High
51952,388,Mid-Market,East,80.55,shipped,2024-03-01,High
51953,871,Starter,North,272.98,completed,2024-03-02,High
51954,505,Starter,West,243.84,completed,2024-03-02,High
51955,96,Starter,Central,132.85,completed,2024-03-02,High
51956,520,Mid-Market,West,40.15,cancelled,2024-03-02,High
51957,666,Mid-Market,West,58.35,completed,2024-03-02,High
51958,392,Starter,South,216.19,shipped,2024-03-02,High
51959,790,Enterprise,South,261.05,completed,2024-03-02,High
51960,533,Enterprise,Central,64.12,completed,2024-03-02,High
51961,757,Starter,South,83.83,cancelled,2024-03-02,High
51962,326,SMB,West,27.12,pending,2024-03-02,High
51963,685,Enterprise,Central,202.48,completed,2024-03-02,High
51964,568,Starter,South,15.54,completed,2024-03-02,High
51965,27,Mid-Market,West,22.15,completed,2024-03-02,High
51966,616,Enterprise,East,15.65,completed,2024-03-02,High
51967,520,Mid-Market,West,170.48,completed,2024-03-02,High
51968,745,Mid-Market,East,96.03,completed,2024-03-02,High
51969,16,Mid-Market,North,67.98,completed,2024-03-02,High
51970,358,Starter,South,380.76,completed,2024-03-02,High
51971,96,Starter,Central,47.13,completed,2024-03-02,High
51972,213,Starter,Central,88.99,completed,2024-03-02,High
51973,213,Starter,Central,437.79,completed,2024-03-02,High
51974,463,SMB,South,98.56,shipped,2024-03-02,High
51975,712,Starter,Central,136.35,completed,2024-03-02,High
51976,277,SMB,West,27.56,completed,2024-03-02,High
51977,837,Enterprise,West,249.22,completed,2024-03-02,High
51978,427,Starter,West,97.42,completed,2024-03-02,High
51979,106,Mid-Market,West,256.8,completed,2024-03-02,High
51980,825,Starter,South,58.91,completed,2024-03-02,High
51981,785,Mid-Market,South,97.35,completed,2024-03-02,High
51982,647,Starter,South,246.65,pending,2024-03-02,High
51983,362,Starter,Central,561.75,cancelled,2024-03-02,High
51984,800,Enterprise,North,24.22,completed,2024-03-02,High
51985,337,SMB,South,266.06,completed,2024-03-03,High
51986,766,Starter,North,68.65,completed,2024-03-03,High
51987,386,SMB,West,135.02,completed,2024-03-03,High
51988,864,Starter,West,66.39,completed,2024-03-03,High
51989,881,Mid-Market,Central,157.57,completed,2024-03-03,High
51990,884,Mid-Market,South,80.5,completed,2024-03-03,High
51991,783,Starter,South,75.88,pending,2024-03-03,High
51992,876,Mid-Market,East,20.8,completed,2024-03-03,High
51993,45,Starter,Central,38.84,completed,2024-03-03,High
51994,821,SMB,South,388.48,shipped,2024-03-03,High
51995,751,Mid-Market,North,969.59,completed,2024-03-03,High
51996,620,SMB,North,242.47,completed,2024-03-03,High
51997,298,Mid-Market,Central,65.7,completed,2024-03-03,High
51998,473,Mid-Market,Central,92.24,completed,2024-03-03,High
51999,825,Starter,South,216.77,completed,2024-03-03,High
52000,541,Enterprise,South,533.73,completed,2024-03-03,High
52001,591,Mid-Market,Central,106.18,completed,2024-03-03,High
52002,1007,,,280.37,completed,2024-03-03,High
52003,850,Starter,South,568.75,cancelled,2024-03-03,High
52004,170,Starter,West,325.1,completed,2024-03-03,High
52005,759,SMB,Central,53.65,completed,2024-03-03,High
52006,704,Mid-Market,South,16.21,cancelled,2024-03-03,High
52007,797,Enterprise,Central,116.62,completed,2024-03-03,High
52008,720,SMB,South,128.69,completed,2024-03-03,High
52009,73,Mid-Market,North,48.71,completed,2024-03-03,High
52010,674,Starter,West,65.25,completed,2024-03-03,High
52011,118,Mid-Market,South,232.32,completed,2024-03-03,High
52012,325,Enterprise,West,110.33,completed,2024-03-03,High
52013,425,Mid-Market,Central,72.27,cancelled,2024-03-03,High
52014,613,Starter,West,161.18,completed,2024-03-03,High
52015,544,Starter,South,173.66,completed,2024-03-03,High
52016,772,SMB,West,235.06,completed,2024-03-03,High
52017,514,SMB,North,40.57,completed,2024-03-04,High
52018,344,Starter,North,217.94,completed,2024-03-04,High
52019,635,Mid-Market,West,152.23,completed,2024-03-04,High
52020,125,Mid-Market,West,23.89,completed,2024-03-04,High
52021,462,Starter,East,240.39,completed,2024-03-04,High
52022,560,Starter,North,87.45,cancelled,2024-03-04,High
52023,327,Starter,North,75.16,shipped,2024-03-04,High
52024,5,Mid-Market,Central,104.15,completed,2024-03-04,High
52025,714,Starter,South,78.74,shipped,2024-03-04,High
52026,13,SMB,Central,76.94,completed,2024-03-04,High
52027,606,Starter,East,262.6,shipped,2024-03-04,High
52028,599,Mid-Market,Central,34.94,completed,2024-03-04,High
52029,723,Mid-Market,South,544.01,completed,2024-03-04,High
52030,124,Mid-Market,East,136.43,shipped,2024-03-04,High
52031,203,Mid-Market,South,45.3,completed,2024-03-04,High
52032,875,Mid-Market,West,36.1,shipped,2024-03-04,High
52033,886,Mid-Market,North,149.29,completed,2024-03-04,High
52034,778,SMB,Central,165.36,completed,2024-03-04,High
52035,628,SMB,South,23.17,completed,2024-03-04,High
52036,787,Starter,South,56.76,pending,2024-03-04,High
52037,49,Starter,North,253.05,completed,2024-03-04,High
52038,192,SMB,East,22.63,completed,2024-03-04,High
52039,403,Starter,Central,304.74,shipped,2024-03-04,High
52040,13,SMB,Central,176.01,pending,2024-03-04,High
52041,273,SMB,Central,100.49,shipped,2024-03-04,High
52042,730,Mid-Market,South,78.8,completed,2024-03-04,High
52043,886,Mid-Market,North,17.92,pending,2024-03-04,High
52044,214,Mid-Market,Central,276.63,shipped,2024-03-04,High
52045,416,Starter,Central,38.1,shipped,2024-03-04,High
52046,571,Starter,South,70.56,completed,2024-03-04,High
52047,772,SMB,West,141.28,completed,2024-03-04,High
52048,450,Mid-Market,West,57.35,completed,2024-03-04,High
52049,1018,,,118.12,completed,2024-03-05,High
52050,522,Starter,South,263.59,completed,2024-03-05,High
52051,37,Starter,South,110.38,completed,2024-03-05,High
52052,424,Starter,Central,461.32,completed,2024-03-05,High
52053,471,Mid-Market,North,297.09,completed,2024-03-05,High
52054,547,Mid-Market,Central,75.75,completed,2024-03-05,High
52055,833,Mid-Market,North,91.61,completed,2024-03-05,High
52056,541,Enterprise,South,97.57,shipped,2024-03-05,High
52057,852,SMB,East,162.6,completed,2024-03-05,High
52058,560,Starter,North,65.7,completed,2024-03-05,High
52059,588,Mid-Market,North,537.28,completed,2024-03-05,High
52060,106,Mid-Market,West,155.74,completed,2024-03-05,High
52061,833,Mid-Market,North,91.47,shipped,2024-03-05,High
52062,214,Mid-Market,Central,170.35,completed,2024-03-05,High
52063,553,Starter,Central,90.48,completed,2024-03-05,High
52064,15,Mid-Market,South,270.39,completed,2024-03-05,High
52065,62,Starter,East,140.84,pending,2024-03-05,High
52066,776,Mid-Market,West,21.43,completed,2024-03-05,High
52067,49,Starter,North,44.18,completed,2024-03-05,High
52068,336,Mid-Market,Central,315.37,completed,2024-03-05,High
52069,421,SMB,South,139.14,completed,2024-03-05,High
52070,549,Starter,East,465.39,completed,2024-03-05,High
52071,577,Mid-Market,North,26.28,completed,2024-03-05,High
52072,687,Starter,South,67.49,completed,2024-03-05,High
52073,515,Mid-Market,West,47.27,completed,2024-03-05,High
52074,487,Mid-Market,West,136.06,completed,2024-03-05,High
52075,467,Starter,South,87.38,completed,2024-03-05,High
52076,269,Starter,East,40.67,completed,2024-03-05,High
52077,1,Starter,West,169.4,completed,2024-03-05,High
52078,40,Starter,East,130.28,completed,2024-03-05,High
52079,476,Enterprise,South,63.18,shipped,2024-03-05,High
52080,825,Starter,South,113.02,completed,2024-03-05,High
52081,615,SMB,Central,220.41,completed,2024-03-06,High
52082,422,SMB,East,49.46,completed,2024-03-06,High
52083,235,Mid-Market,West,66.99,completed,2024-03-06,High
52084,632,SMB,Central,78.72,completed,2024-03-06,High
52085,559,SMB,Central,220.99,completed,2024-03-06,High
52086,280,SMB,East,296.52,completed,2024-03-06,High
52087,465,Enterprise,South,85.83,pending,2024-03-06,High
52088,661,Starter,Central,67.78,completed,2024-03-06,High
52089,810,Mid-Market,West,345.34,completed,2024-03-06,High
52090,443,Starter,West,1119.27,pending,2024-03-06,High
52091,854,SMB,East,181.46,completed,2024-03-06,High
52092,758,Starter,South,705.49,pending,2024-03-06,High
52093,819,Mid-Market,West,176.81,completed,2024-03-06,High
52094,595,SMB,North,213.33,completed,2024-03-06,High
52095,356,Starter,West,88.81,completed,2024-03-06,High
52096,232,Starter,Central,100.1,cancelled,2024-03-06,High
52097,805,Starter,East,38.35,pending,2024-03-06,High
52098,662,Enterprise,Central,274.53,completed,2024-03-06,High
52099,247,Starter,South,416.18,completed,2024-03-06,High
52100,465,Enterprise,South,161.5,completed,2024-03-06,High
52101,143,Starter,South,78.16,completed,2024-03-06,High
52102,104,Starter,West,40.09,shipped,2024-03-06,High
52103,709,Starter,North,61.21,completed,2024-03-06,High
52104,897,Starter,Central,59.24,completed,2024-03-06,High
52105,280,SMB,East,157.6,cancelled,2024-03-06,High
52106,333,Mid-Market,East,450.17,pending,2024-03-06,High
52107,702,Mid-Market,South,22.42,completed,2024-03-06,High
52108,123,Starter,North,15.15,completed,2024-03-06,High
52109,569,Enterprise,South,152.51,cancelled,2024-03-06,High
52110,693,Starter,North,65.12,completed,2024-03-06,High
52111,274,Enterprise,East,333.73,completed,2024-03-06,High
52112,524,SMB,Central,74.46,completed,2024-03-06,High
52113,770,SMB,Central,66.32,pending,2024-03-07,High
52114,362,Starter,Central,62.11,completed,2024-03-07,High
52115,204,SMB,North,38.47,completed,2024-03-07,High
52116,636,Starter,Central,145.67,completed,2024-03-07,High
52117,119,SMB,East,42.63,pending,2024-03-07,High
52118,699,Mid-Market,Central,97.91,shipped,2024-03-07,High
52119,599,Mid-Market,Central,107.7,shipped,2024-03-07,High
52120,761,Mid-Market,Central,18.11,completed,2024-03-07,High
52121,64,Starter,Central,17.54,pending,2024-03-07,High
52122,462,Starter,East,125.16,shipped,2024-03-07,High
52123,792,Starter,West,193.63,shipped,2024-03-07,High
52124,576,Enterprise,West,442.47,cancelled,2024-03-07,High
52125,733,Starter,North,44.61,completed,2024-03-07,High
52126,502,Starter,West,31.35,completed,2024-03-07,High
52127,94,Starter,Central,23.02,pending,2024-03-07,High
52128,388,Mid-Market,East,100.92,shipped,2024-03-07,High
52129,895,Starter,Central,161.39,completed,2024-03-07,High
52130,290,Starter,North,290.41,completed,2024-03-07,High
52131,170,Starter,West,187.16,completed,2024-03-07,High
52132,795,Mid-Market,Central,50.05,completed,2024-03-07,High
52133,857,Mid-Market,Central,107.92,completed,2024-03-07,High
52134,129,Mid-Market,East,376.77,pending,2024-03-07,High
52135,8,SMB,North,74.34,completed,2024-03-07,High
52136,763,Mid-Market,West,118.59,completed,2024-03-07,High
52137,644,Starter,West,492.55,completed,2024-03-07,High
52138,15,Mid-Market,South,214.04,completed,2024-03-07,High
52139,582,Enterprise,North,221.59,completed,2024-03-07,High
52140,610,Starter,North,58.62,completed,2024-03-07,High
52141,555,SMB,South,95.34,completed,2024-03-07,High
52142,563,Mid-Market,South,27.89,completed,2024-03-07,High
52143,471,Mid-Market,North,154.91,completed,2024-03-07,High
52144,355,Mid-Market,South,31.43,completed,2024-03-07,High
52145,1016,,,286.1,completed,2024-03-08,High
52146,716,Enterprise,West,267.75,completed,2024-03-08,High
52147,261,Starter,East,129.41,pending,2024-03-08,High
52148,865,Starter,South,37.83,completed,2024-03-08,High
52149,434,Mid-Market,West,18.89,shipped,2024-03-08,High
52150,555,SMB,South,253.97,completed,2024-03-08,High
52151,288,Starter,West,152.5,shipped,2024-03-08,High
52152,659,Starter,East,201.16,completed,2024-03-08,High
52153,227,Enterprise,South,69.32,completed,2024-03-08,High
52154,728,SMB,East,121.84,completed,2024-03-08,High
52155,457,Mid-Market,East,221.26,completed,2024-03-08,High
52156,517,Starter,West,108.14,completed,2024-03-08,High
52157,350,Starter,North,152.96,completed,2024-03-08,High
52158,672,SMB,East,248.9,pending,2024-03-08,High
52159,751,Mid-Market,North,51.35,completed,2024-03-08,High
52160,776,Mid-Market,West,25.23,completed,2024-03-08,High
52161,813,Mid-Market,North,128.84,completed,2024-03-08,High
52162,297,SMB,South,24.62,pending,2024-03-08,High
52163,881,Mid-Market,Central,233.22,completed,2024-03-08,High
52164,849,Starter,South,205.52,completed,2024-03-08,High
52165,637,Starter,Central,335.2,completed,2024-03-08,High
52166,227,Enterprise,South,168.07,completed,2024-03-08,High
52167,694,Mid-Market,West,25.43,shipped,2024-03-08,High
52168,348,Mid-Market,North,58.78,pending,2024-03-08,High
52169,806,SMB,Central,262.49,completed,2024-03-08,High
52170,327,Starter,North,42.43,completed,2024-03-08,High
52171,300,Mid-Market,North,194.84,completed,2024-03-08,High
52172,530,SMB,Central,242.3,completed,2024-03-08,High
52173,154,Starter,West,75.1,completed,2024-03-08,High
52174,273,SMB,Central,73.36,completed,2024-03-08,High
52175,59,Mid-Market,Central,137.4,completed,2024-03-08,High
52176,560,Starter,North,311.3,shipped,2024-03-08,High
52177,728,SMB,East,53.02,completed,2024-03-09,High
52178,664,Mid-Market,South,440.19,cancelled,2024-03-09,High
52179,351,Starter,West,152.11,shipped,2024-03-09,High
52180,339,Starter,East,741.64,shipped,2024-03-09,High
52181,550,SMB,South,29.08,completed,2024-03-09,High
52182,73,Mid-Market,North,35.3,pending,2024-03-09,High
52183,87,SMB,North,277.86,shipped,2024-03-09,High
52184,650,Starter,East,315.1,completed,2024-03-09,High
52185,728,SMB,East,103.44,completed,2024-03-09,High
52186,277,SMB,West,202.8,completed,2024-03-09,High
52187,888,Mid-Market,Central,318.24,cancelled,2024-03-09,High
52188,108,SMB,Central,21.61,pending,2024-03-09,High
52189,631,SMB,East,142.98,pending,2024-03-09,High
52190,28,Starter,East,303.09,shipped,2024-03-09,High
52191,721,Enterprise,East,91.16,completed,2024-03-09,High
52192,156,Mid-Market,North,69.01,completed,2024-03-09,High
52193,378,Mid-Market,East,253.23,completed,2024-03-09,High
52194,900,Mid-Market,West,76.37,completed,2024-03-09,High
52195,758,Starter,South,15.48,completed,2024-03-09,High
52196,105,Enterprise,East,496.24,pending,2024-03-09,High
52197,712,Starter,Central,149.52,cancelled,2024-03-09,High
52198,87,SMB,North,271.82,completed,2024-03-09,High
52199,162,Starter,West,276.7,completed,2024-03-09,High
52200,679,Enterprise,West,25.31,completed,2024-03-09,High
52201,245,Mid-Market,South,43.1,completed,2024-03-09,High
52202,675,Starter,South,70.9,completed,2024-03-09,High
52203,375,Mid-Market,East,73.0,completed,2024-03-09,High
52204,405,Starter,South,176.29,pending,2024-03-09,High
52205,716,Enterprise,West,161.38,shipped,2024-03-09,High
52206,814,Enterprise,Central,117.36,shipped,2024-03-09,High
52207,117,SMB,North,50.6,completed,2024-03-09,High
52208,386,SMB,West,87.19,completed,2024-03-09,High
52209,494,Mid-Market,Central,132.66,completed,2024-03-10,High
52210,520,Mid-Market,West,109.66,shipped,2024-03-10,High
52211,448,SMB,South,35.42,pending,2024-03-10,High
52212,822,Mid-Market,Central,172.26,completed,2024-03-10,High
52213,516,Mid-Market,West,26.38,shipped,2024-03-10,High
52214,620,SMB,North,86.27,completed,2024-03-10,High
52215,895,Starter,Central,200.7,completed,2024-03-10,High
52216,153,Mid-Market,South,18.03,shipped,2024-03-10,High
52217,824,Starter,North,141.59,shipped,2024-03-10,High
52218,646,SMB,East,76.09,completed,2024-03-10,High
52219,688,Starter,Central,16.33,completed,2024-03-10,High
52220,699,Mid-Market,Central,46.68,completed,2024-03-10,High
52221,731,Mid-Market,North,439.4,completed,2024-03-10,High
52222,704,Mid-Market,South,125.45,pending,2024-03-10,High
52223,303,Starter,South,898.18,completed,2024-03-10,High
52224,112,Mid-Market,East,126.61,completed,2024-03-10,High
52225,125,Mid-Market,West,132.77,completed,2024-03-10,High
52226,436,SMB,West,89.6,cancelled,2024-03-10,High
52227,298,Mid-Market,Central,70.67,shipped,2024-03-10,High
52228,586,Mid-Market,South,58.46,shipped,2024-03-10,High
52229,674,Starter,West,78.11,completed,2024-03-10,High
52230,841,Mid-Market,East,107.39,pending,2024-03-10,High
52231,469,Mid-Market,Central,46.98,completed,2024-03-10,High
52232,482,Starter,South,53.21,completed,2024-03-10,High
52233,270,Starter,Central,62.52,cancelled,2024-03-10,High
52234,659,Starter,East,104.47,completed,2024-03-10,High
52235,742,Starter,North,173.68,completed,2024-03-10,High
52236,96,Starter,Central,305.84,completed,2024-03-10,High
52237,807,Enterprise,West,65.77,completed,2024-03-10,High
52238,345,Starter,East,45.45,completed,2024-03-10,High
52239,891,SMB,West,86.43,pending,2024-03-10,High
52240,831,Mid-Market,East,352.19,completed,2024-03-10,High
52241,833,Mid-Market,North,16.49,completed,2024-03-11,High
52242,623,Starter,East,184.92,pending,2024-03-11,High
52243,862,Starter,East,112.27,cancelled,2024-03-11,High
52244,417,Starter,North,41.34,completed,2024-03-11,High
52245,75,SMB,Central,73.07,completed,2024-03-11,High
52246,738,SMB,South,53.22,completed,2024-03-11,High
52247,606,Starter,East,330.35,completed,2024-03-11,High
52248,507,Enterprise,North,113.63,completed,2024-03-11,High
52249,271,SMB,North,139.21,completed,2024-03-11,High
52250,668,Mid-Market,West,150.09,completed,2024-03-11,High
52251,418,Starter,East,168.09,completed,2024-03-11,High
52252,791,Mid-Market,West,117.64,completed,2024-03-11,High
52253,166,SMB,South,17.71,completed,2024-03-11,High
52254,144,Starter,East,76.13,completed,2024-03-11,High
52255,23,Starter,South,45.48,completed,2024-03-11,High
52256,505,Starter,West,185.98,completed,2024-03-11,High
52257,713,Starter,West,23.76,completed,2024-03-11,High
52258,469,Mid-Market,Central,139.45,completed,2024-03-11,High
52259,455,Mid-Market,Central,50.48,shipped,2024-03-11,High
52260,419,Starter,East,460.94,completed,2024-03-11,High
52261,396,Enterprise,South,76.32,completed,2024-03-11,High
52262,324,Starter,West,74.01,completed,2024-03-11,High
52263,12,Enterprise,North,400.34,completed,2024-03-11,High
52264,260,Mid-Market,East,96.02,shipped,2024-03-11,High
52265,859,Starter,South,508.97,completed,2024-03-11,High
52266,636,Starter,Central,18.67,completed,2024-03-11,High
52267,414,Starter,South,69.87,completed,2024-03-11,High
52268,893,SMB,West,179.58,cancelled,2024-03-11,High
52269,299,Starter,East,347.26,shipped,2024-03-11,High
52270,585,Starter,South,59.44,completed,2024-03-11,High
52271,182,Mid-Market,Central,414.92,completed,2024-03-11,High
52272,510,SMB,Central,150.26,cancelled,2024-03-11,Low
52273,563,Mid-Market,South,257.17,cancelled,2024-03-12,High
52274,707,Starter,Central,90.93,completed,2024-03-12,High
52275,659,Starter,East,50.77,completed,2024-03-12,High
52276,6,Mid-Market,North,378.27,completed,2024-03-12,High
52277,369,Mid-Market,South,420.76,completed,2024-03-12,High
52278,96,Starter,Central,118.25,completed,2024-03-12,High
52279,868,Mid-Market,South,15.98,completed,2024-03-12,High
52280,419,Starter,East,32.44,pending,2024-03-12,High
52281,441,Mid-Market,East,142.66,completed,2024-03-12,High
52282,759,SMB,Central,18.61,shipped,2024-03-12,High
52283,624,Starter,West,90.85,completed,2024-03-12,High
52284,699,Mid-Market,Central,69.23,shipped,2024-03-12,High
52285,220,SMB,North,202.95,completed,2024-03-12,High
52286,777,Mid-Market,East,23.58,completed,2024-03-12,High
52287,601,Mid-Market,East,115.63,completed,2024-03-12,High
52288,866,Starter,South,144.81,completed,2024-03-12,High
52289,687,Starter,South,159.07,pending,2024-03-12,High
52290,370,Mid-Market,South,92.92,completed,2024-03-12,High
52291,327,Starter,North,69.44,completed,2024-03-12,High
52292,675,Starter,South,187.09,completed,2024-03-12,High
52293,544,Starter,South,297.16,pending,2024-03-12,High
52294,542,Starter,East,192.44,completed,2024-03-12,High
52295,502,Starter,West,418.46,completed,2024-03-12,High
52296,128,SMB,Central,204.49,completed,2024-03-12,High
52297,282,Starter,West,231.98,completed,2024-03-12,High
52298,435,Mid-Market,West,42.57,pending,2024-03-12,High
52299,761,Mid-Market,Central,96.59,completed,2024-03-12,High
52300,441,Mid-Market,East,114.55,completed,2024-03-12,High
52301,194,Starter,North,59.42,completed,2024-03-12,High
52302,394,SMB,North,127.79,completed,2024-03-12,High
52303,494,Mid-Market,Central,66.54,completed,2024-03-12,High
52304,566,Starter,East,189.47,completed,2024-03-12,High
52305,570,Starter,North,110.31,completed,2024-03-13,High
52306,278,Starter,East,107.1,completed,2024-03-13,High
52307,564,Mid-Market,North,631.96,completed,2024-03-13,High
52308,183,Enterprise,Central,89.75,completed,2024-03-13,High
52309,557,Mid-Market,West,82.48,completed,2024-03-13,High
52310,237,Starter,South,72.54,shipped,2024-03-13,High
52311,499,Enterprise,Central,352.71,shipped,2024-03-13,High
52312,391,Enterprise,South,117.99,completed,2024-03-13,High
52313,881,Mid-Market,Central,152.45,completed,2024-03-13,High
52314,400,SMB,West,44.92,completed,2024-03-13,High
52315,552,SMB,West,131.79,cancelled,2024-03-13,High
52316,515,Mid-Market,West,63.16,shipped,2024-03-13,High
52317,837,Enterprise,West,211.75,completed,2024-03-13,High
52318,667,Mid-Market,Central,283.04,completed,2024-03-13,High
52319,506,Mid-Market,West,203.19,completed,2024-03-13,High
52320,41,Mid-Market,South,211.54,completed,2024-03-13,High
52321,665,Mid-Market,Central,122.76,shipped,2024-03-13,High
52322,795,Mid-Market,Central,201.78,completed,2024-03-13,High
52323,877,SMB,East,97.41,pending,2024-03-13,High
52324,305,SMB,East,173.11,completed,2024-03-13,High
52325,435,Mid-Market,West,59.97,completed,2024-03-13,High
52326,491,Starter,South,25.85,completed,2024-03-13,High
52327,431,Mid-Market,Central,95.03,completed,2024-03-13,High
52328,631,SMB,East,107.92,pending,2024-03-13,High
52329,189,Starter,East,59.44,completed,2024-03-13,High
52330,441,Mid-Market,East,210.13,completed,2024-03-13,High
52331,135,Enterprise,East,26.46,completed,2024-03-13,High
52332,628,SMB,South,52.8,completed,2024-03-13,High
52333,838,Starter,South,222.09,completed,2024-03-13,High
52334,660,Starter,West,101.2,cancelled,2024-03-13,High
52335,703,Starter,North,198.26,completed,2024-03-13,High
52336,618,Starter,Central,140.72,completed,2024-03-13,High
52337,622,Mid-Market,North,466.51,pending,2024-03-14,High
52338,299,Starter,East,151.62,completed,2024-03-14,High
52339,876,Mid-Market,East,17.25,completed,2024-03-14,High
52340,175,Starter,Central,80.28,completed,2024-03-14,High
52341,130,Starter,South,38.16,completed,2024-03-14,High
52342,761,Mid-Market,Central,402.81,cancelled,2024-03-14,High
52343,173,Starter,North,31.47,completed,2024-03-14,High
52344,693,Starter,North,88.58,completed,2024-03-14,High
52345,384,SMB,South,53.45,completed,2024-03-14,High
52346,848,Enterprise,North,296.33,completed,2024-03-14,High
52347,48,Starter,South,70.35,completed,2024-03-14,High
52348,785,Mid-Market,South,737.26,completed,2024-03-14,High
52349,390,SMB,West,20.91,shipped,2024-03-14,High
52350,825,Starter,South,35.59,completed,2024-03-14,High
52351,358,Starter,South,53.16,completed,2024-03-14,High
52352,303,Starter,South,264.99,completed,2024-03-14,High
52353,718,Enterprise,South,331.2,completed,2024-03-14,High
52354,655,Starter,West,26.12,completed,2024-03-14,High
52355,221,Starter,North,19.95,completed,2024-03-14,High
52356,331,Starter,Central,219.71,completed,2024-03-14,High
52357,453,Starter,East,36.47,completed,2024-03-14,High
52358,432,SMB,West,36.41,completed,2024-03-14,High
52359,340,Mid-Market,Central,18.39,completed,2024-03-14,High
52360,283,Starter,West,22.66,completed,2024-03-14,High
52361,665,Mid-Market,Central,60.91,pending,2024-03-14,High
52362,203,Mid-Market,South,25.08,completed,2024-03-14,High
52363,225,Starter,East,84.04,pending,2024-03-14,High
52364,439,SMB,South,283.26,completed,2024-03-14,High
52365,842,Starter,East,74.25,pending,2024-03-14,High
52366,506,Mid-Market,West,210.2,completed,2024-03-14,High
52367,827,Starter,South,29.79,completed,2024-03-14,High
52368,621,Mid-Market,North,176.55,pending,2024-03-14,High
52369,721,Enterprise,East,72.13,completed,2024-03-15,High
52370,556,Starter,South,222.8,completed,2024-03-15,High
52371,112,Mid-Market,East,36.97,shipped,2024-03-15,High
52372,731,Mid-Market,North,357.25,completed,2024-03-15,High
52373,129,Mid-Market,East,56.68,completed,2024-03-15,High
52374,758,Starter,South,80.34,completed,2024-03-15,High
52375,66,Starter,Central,464.9,completed,2024-03-15,High
52376,573,Starter,West,144.58,completed,2024-03-15,High
52377,12,Enterprise,North,83.3,pending,2024-03-15,High
52378,337,SMB,South,463.17,completed,2024-03-15,High
52379,234,Starter,West,74.87,shipped,2024-03-15,High
52380,825,Starter,South,29.95,completed,2024-03-15,High
52381,679,Enterprise,West,879.0,pending,2024-03-15,High
52382,602,Starter,South,61.76,completed,2024-03-15,High
52383,337,SMB,South,300.83,pending,2024-03-15,High
52384,275,Starter,West,42.15,completed,2024-03-15,High
52385,604,Mid-Market,Central,212.15,shipped,2024-03-15,High
52386,642,Starter,South,126.49,completed,2024-03-15,High
52387,195,Starter,Central,608.76,completed,2024-03-15,High
52388,728,SMB,East,135.72,completed,2024-03-15,High
52389,829,SMB,Central,18.8,completed,2024-03-15,High
52390,197,SMB,West,153.9,completed,2024-03-15,High
52391,666,Mid-Market,West,38.55,completed,2024-03-15,High
52392,342,Starter,North,255.33,completed,2024-03-15,High
52393,670,Starter,Central,306.28,completed,2024-03-15,High
52394,83,Starter,Central,113.69,completed,2024-03-15,High
52395,891,SMB,West,244.33,completed,2024-03-15,High
52396,532,Enterprise,East,38.52,shipped,2024-03-15,High
52397,663,Starter,East,116.61,pending,2024-03-15,High
52398,569,Enterprise,South,90.12,completed,2024-03-15,High
52399,153,Mid-Market,South,156.75,completed,2024-03-15,High
52400,282,Starter,West,21.82,completed,2024-03-15,High
52401,181,Starter,East,224.22,shipped,2024-03-16,High
52402,440,Mid-Market,North,27.37,completed,2024-03-16,High
52403,742,Starter,North,175.27,completed,2024-03-16,High
52404,191,Mid-Market,Central,17.79,completed,2024-03-16,High
52405,622,Mid-Market,North,282.47,shipped,2024-03-16,High
52406,766,Starter,North,43.8,completed,2024-03-16,High
52407,655,Starter,West,123.69,completed,2024-03-16,High
52408,670,Starter,Central,60.47,completed,2024-03-16,High
52409,8,SMB,North,207.37,completed,2024-03-16,High
52410,104,Starter,West,73.15,completed,2024-03-16,High
52411,419,Starter,East,208.43,completed,2024-03-16,High
52412,663,Starter,East,65.29,cancelled,2024-03-16,High
52413,698,Starter,Central,224.44,completed,2024-03-16,High
52414,325,Enterprise,West,19.66,cancelled,2024-03-16,High
52415,377,SMB,East,64.97,completed,2024-03-16,High
52416,195,Starter,Central,118.56,completed,2024-03-16,High
52417,840,Starter,South,21.92,pending,2024-03-16,High
52418,329,Starter,West,45.88,completed,2024-03-16,High
52419,109,Mid-Market,East,423.94,completed,2024-03-16,High
52420,542,Starter,East,579.76,pending,2024-03-16,High
52421,700,Starter,West,216.92,completed,2024-03-16,High
52422,376,Starter,Central,58.59,completed,2024-03-16,High
52423,156,Mid-Market,North,60.27,pending,2024-03-16,High
52424,516,Mid-Market,West,170.68,completed,2024-03-16,High
52425,733,Starter,North,33.77,completed,2024-03-16,High
52426,364,Starter,Central,459.37,shipped,2024-03-16,High
52427,447,Enterprise,West,53.2,completed,2024-03-16,High
52428,114,SMB,North,1202.6,completed,2024-03-16,High
52429,413,Enterprise,South,117.7,shipped,2024-03-16,High
52430,26,SMB,South,236.39,completed,2024-03-16,High
52431,27,Mid-Market,West,15.33,shipped,2024-03-16,High
52432,111,Starter,South,344.39,pending,2024-03-16,High
52433,435,Mid-Market,West,62.21,completed,2024-03-17,High
52434,684,Starter,South,180.36,completed,2024-03-17,High
52435,247,Starter,South,261.26,completed,2024-03-17,High
52436,547,Mid-Market,Central,41.9,completed,2024-03-17,High
52437,518,SMB,East,102.65,pending,2024-03-17,High
52438,294,Starter,North,117.13,completed,2024-03-17,High
52439,479,Enterprise,North,71.12,completed,2024-03-17,High
52440,601,Mid-Market,East,113.6,completed,2024-03-17,High
52441,183,Enterprise,Central,72.31,shipped,2024-03-17,High
52442,384,SMB,South,82.12,completed,2024-03-17,High
52443,439,SMB,South,181.0,shipped,2024-03-17,High
52444,644,Starter,West,165.19,completed,2024-03-17,High
52445,391,Enterprise,South,54.65,shipped,2024-03-17,High
52446,181,Starter,East,356.66,completed,2024-03-17,High
52447,295,Mid-Market,South,312.93,completed,2024-03-17,High
52448,895,Starter,Central,121.72,pending,2024-03-17,High
52449,855,Mid-Market,West,100.18,completed,2024-03-17,High
52450,18,Starter,Central,85.95,completed,2024-03-17,High
52451,612,SMB,North,199.27,pending,2024-03-17,High
52452,31,Starter,South,182.06,completed,2024-03-17,High
52453,660,Starter,West,47.76,completed,2024-03-17,High
52454,12,Enterprise,North,181.96,completed,2024-03-17,High
52455,355,Mid-Market,South,58.64,pending,2024-03-17,High
52456,137,Starter,Central,17.81,completed,2024-03-17,High
52457,426,Starter,North,195.2,completed,2024-03-17,High
52458,199,SMB,West,170.26,completed,2024-03-17,High
52459,819,Mid-Market,West,94.35,completed,2024-03-17,High
52460,49,Starter,North,126.88,shipped,2024-03-17,High
52461,73,Mid-Market,North,456.1,completed,2024-03-17,High
52462,354,Mid-Market,South,150.65,completed,2024-03-17,High
52463,180,Mid-Market,South,175.89,completed,2024-03-17,High
52464,266,SMB,Central,24.91,completed,2024-03-17,High
52465,137,Starter,Central,42.23,cancelled,2024-03-18,High
52466,459,Mid-Market,South,68.71,completed,2024-03-18,High
52467,804,Starter,West,131.28,completed,2024-03-18,High
52468,313,Mid-Market,West,239.81,completed,2024-03-18,High
52469,456,Starter,West,73.12,shipped,2024-03-18,High
52470,897,Starter,Central,81.1,completed,2024-03-18,High
52471,836,Starter,East,59.39,completed,2024-03-18,High
52472,852,SMB,East,59.08,pending,2024-03-18,High
52473,550,SMB,South,460.99,shipped,2024-03-18,High
52474,154,Starter,West,166.37,shipped,2024-03-18,High
52475,1,Starter,West,40.42,completed,2024-03-18,High
52476,889,Mid-Market,West,207.15,pending,2024-03-18,High
52477,251,Starter,West,207.03,completed,2024-03-18,High
52478,729,Mid-Market,West,179.7,completed,2024-03-18,High
52479,735,Starter,East,36.71,completed,2024-03-18,High
52480,675,Starter,South,93.64,completed,2024-03-18,High
52481,260,Mid-Market,East,31.93,pending,2024-03-18,High
52482,589,Mid-Market,North,269.43,completed,2024-03-18,High
52483,228,Starter,North,174.71,shipped,2024-03-18,High
52484,515,Mid-Market,West,121.15,shipped,2024-03-18,High
52485,509,Enterprise,Central,78.01,completed,2024-03-18,High
52486,791,Mid-Market,West,45.55,shipped,2024-03-18,High
52487,121,SMB,Central,31.88,completed,2024-03-18,High
52488,79,Starter,Central,537.23,completed,2024-03-18,High
52489,331,Starter,Central,48.41,pending,2024-03-18,High
52490,604,Mid-Market,Central,24.26,completed,2024-03-18,High
52491,690,Mid-Market,West,504.22,completed,2024-03-18,High
52492,482,Starter,South,134.43,completed,2024-03-18,High
52493,8,SMB,North,253.93,pending,2024-03-18,High
52494,47,Starter,Central,21.71,completed,2024-03-18,High
52495,76,SMB,North,140.53,completed,2024-03-18,High
52496,800,Enterprise,North,91.18,completed,2024-03-18,High
52497,481,Starter,West,236.74,shipped,2024-03-19,High
52498,34,Enterprise,West,20.88,completed,2024-03-19,High
52499,90,Starter,West,92.05,completed,2024-03-19,High
52500,262,Enterprise,South,255.72,completed,2024-03-19,High
52501,811,Enterprise,West,125.94,completed,2024-03-19,High
52502,321,Starter,West,134.79,completed,2024-03-19,High
52503,830,Starter,South,30.33,completed,2024-03-19,High
52504,35,Enterprise,West,36.29,completed,2024-03-19,High
52505,358,Starter,South,184.52,completed,2024-03-19,High
52506,856,Mid-Market,North,183.61,completed,2024-03-19,High
52507,145,Starter,North,595.23,completed,2024-03-19,High
52508,268,SMB,North,201.69,completed,2024-03-19,High
52509,432,SMB,West,116.96,completed,2024-03-19,High
52510,66,Starter,Central,307.08,completed,2024-03-19,High
52511,338,SMB,South,31.55,completed,2024-03-19,High
52512,130,Starter,South,104.48,completed,2024-03-19,High
52513,724,SMB,North,65.76,completed,2024-03-19,High
52514,505,Starter,West,31.58,completed,2024-03-19,High
52515,828,Starter,North,231.27,completed,2024-03-19,High
52516,630,Starter,North,122.25,cancelled,2024-03-19,High
52517,824,Starter,North,137.05,completed,2024-03-19,High
52518,700,Starter,West,94.46,pending,2024-03-19,High
52519,715,Starter,East,107.52,completed,2024-03-19,High
52520,792,Starter,West,33.5,completed,2024-03-19,High
52521,268,SMB,North,182.63,shipped,2024-03-19,High
52522,523,Enterprise,North,99.96,completed,2024-03-19,High
52523,861,SMB,South,269.55,completed,2024-03-19,High
52524,32,Mid-Market,North,47.78,cancelled,2024-03-19,High
52525,772,SMB,West,49.42,completed,2024-03-19,High
52526,596,Starter,East,170.67,completed,2024-03-19,High
52527,136,Starter,East,295.62,completed,2024-03-19,High
52528,254,Starter,West,110.86,pending,2024-03-19,High
52529,532,Enterprise,East,209.72,pending,2024-03-20,High
52530,862,Starter,East,1111.22,completed,2024-03-20,High
52531,219,Starter,North,709.81,completed,2024-03-20,High
52532,758,Starter,South,219.58,shipped,2024-03-20,High
52533,269,Starter,East,216.82,completed,2024-03-20,High
52534,794,Starter,West,57.68,completed,2024-03-20,High
52535,315,SMB,Central,283.95,completed,2024-03-20,High
52536,425,Mid-Market,Central,92.9,completed,2024-03-20,High
52537,209,Mid-Market,Central,505.5,completed,2024-03-20,High
52538,819,Mid-Market,West,27.74,pending,2024-03-20,High
52539,278,Starter,East,100.86,shipped,2024-03-20,High
52540,360,Starter,North,136.74,completed,2024-03-20,High
52541,634,Starter,South,92.92,completed,2024-03-20,High
52542,674,Starter,West,50.47,completed,2024-03-20,High
52543,301,Mid-Market,North,149.84,completed,2024-03-20,High
52544,474,SMB,North,226.54,completed,2024-03-20,High
52545,894,Starter,South,170.28,completed,2024-03-20,High
52546,197,SMB,West,55.07,completed,2024-03-20,High
52547,807,Enterprise,West,212.3,completed,2024-03-20,High
52548,41,Mid-Market,South,59.54,completed,2024-03-20,High
52549,46,Starter,North,43.89,completed,2024-03-20,High
52550,416,Starter,Central,191.0,completed,2024-03-20,High
52551,384,SMB,South,292.52,completed,2024-03-20,High
52552,769,Starter,West,113.53,shipped,2024-03-20,High
52553,798,Starter,North,128.7,shipped,2024-03-20,High
52554,64,Starter,Central,69.09,completed,2024-03-20,High
52555,368,Enterprise,South,117.37,completed,2024-03-20,High
52556,353,Starter,North,36.23,completed,2024-03-20,High
52557,308,Starter,North,482.96,completed,2024-03-20,High
52558,211,Starter,West,256.69,completed,2024-03-20,High
52559,2,Enterprise,East,180.38,cancelled,2024-03-20,Low
52560,565,Starter,South,130.89,completed,2024-03-20,High
52561,603,Mid-Market,South,250.65,completed,2024-03-21,High
52562,210,Mid-Market,South,117.41,completed,2024-03-21,High
52563,248,Enterprise,South,68.5,completed,2024-03-21,High
52564,237,Starter,South,41.22,completed,2024-03-21,High
52565,343,Mid-Market,West,171.44,completed,2024-03-21,High
52566,601,Mid-Market,East,412.66,completed,2024-03-21,High
52567,887,Starter,West,40.02,completed,2024-03-21,High
52568,196,Starter,South,44.77,cancelled,2024-03-21,High
52569,493,Starter,South,100.27,completed,2024-03-21,High
52570,450,Mid-Market,West,261.68,completed,2024-03-21,High
52571,696,Starter,South,67.2,completed,2024-03-21,High
52572,563,Mid-Market,South,58.94,completed,2024-03-21,High
52573,335,Mid-Market,North,160.12,completed,2024-03-21,High
52574,654,SMB,Central,130.06,completed,2024-03-21,High
52575,651,Mid-Market,Central,24.32,completed,2024-03-21,High
52576,318,Mid-Market,West,27.75,completed,2024-03-21,High
52577,140,Enterprise,North,169.51,completed,2024-03-21,High
52578,50,Mid-Market,Central,108.86,completed,2024-03-21,High
52579,711,SMB,East,545.95,completed,2024-03-21,High
52580,799,Starter,South,185.23,completed,2024-03-21,High
52581,16,Mid-Market,North,16.52,completed,2024-03-21,High
52582,301,Mid-Market,North,113.38,completed,2024-03-21,High
52583,126,Starter,South,95.28,completed,2024-03-21,High
52584,1003,,,31.93,completed,2024-03-21,High
52585,345,Starter,East,400.0,cancelled,2024-03-21,High
52586,899,Mid-Market,South,260.22,completed,2024-03-21,High
52587,341,Starter,North,54.22,cancelled,2024-03-21,High
52588,211,Starter,West,59.35,completed,2024-03-21,High
52589,196,Starter,South,19.88,completed,2024-03-21,High
52590,57,Mid-Market,East,67.8,completed,2024-03-21,High
52591,157,Starter,North,146.78,completed,2024-03-21,High
52592,122,SMB,North,96.93,completed,2024-03-21,High
52593,699,Mid-Market,Central,537.31,completed,2024-03-22,High
52594,575,SMB,North,23.66,cancelled,2024-03-22,High
52595,841,Mid-Market,East,149.26,completed,2024-03-22,High
52596,680,SMB,South,308.12,completed,2024-03-22,High
52597,79,Starter,Central,113.3,shipped,2024-03-22,High
52598,438,SMB,West,15.45,shipped,2024-03-22,High
52599,699,Mid-Market,Central,56.72,completed,2024-03-22,High
52600,858,Starter,East,73.68,completed,2024-03-22,High
52601,630,Starter,North,522.18,completed,2024-03-22,High
52602,207,Mid-Market,South,379.18,completed,2024-03-22,High
52603,82,Starter,South,461.89,completed,2024-03-22,High
52604,498,Mid-Market,North,277.1,completed,2024-03-22,High
52605,269,Starter,East,80.0,completed,2024-03-22,High
52606,192,SMB,East,369.47,pending,2024-03-22,High
52607,186,Starter,West,615.0,pending,2024-03-22,High
52608,665,Mid-Market,Central,79.63,completed,2024-03-22,High
52609,538,Mid-Market,South,60.28,completed,2024-03-22,High
52610,660,Starter,West,133.75,completed,2024-03-22,High
52611,65,Starter,North,46.08,completed,2024-03-22,High
52612,574,Starter,East,19.98,completed,2024-03-22,High
52613,631,SMB,East,452.35,pending,2024-03-22,High
52614,343,Mid-Market,West,405.03,completed,2024-03-22,High
52615,568,Starter,South,41.63,completed,2024-03-22,High
52616,489,Enterprise,Central,93.57,completed,2024-03-22,High
52617,754,Starter,West,281.71,cancelled,2024-03-22,High
52618,890,Mid-Market,West,177.26,pending,2024-03-22,High
52619,813,Mid-Market,North,90.33,shipped,2024-03-22,High
52620,640,Starter,West,219.49,completed,2024-03-22,High
52621,422,SMB,East,356.02,completed,2024-03-22,High
52622,463,SMB,South,405.87,completed,2024-03-22,High
52623,549,Starter,East,86.43,completed,2024-03-22,High
52624,291,Mid-Market,Central,43.59,shipped,2024-03-22,High
52625,255,Mid-Market,Central,381.0,completed,2024-03-23,High
52626,797,Enterprise,Central,29.57,completed,2024-03-23,High
52627,582,Enterprise,North,206.85,completed,2024-03-23,High
52628,847,Mid-Market,West,37.71,completed,2024-03-23,High
52629,256,Starter,West,88.99,completed,2024-03-23,High
52630,102,Starter,North,94.54,completed,2024-03-23,High
52631,448,SMB,South,40.93,completed,2024-03-23,High
52632,686,Starter,North,398.97,completed,2024-03-23,High
52633,558,Mid-Market,South,15.4,pending,2024-03-23,High
52634,73,Mid-Market,North,351.38,completed,2024-03-23,High
52635,620,SMB,North,337.9,completed,2024-03-23,High
52636,148,Starter,West,72.18,completed,2024-03-23,High
52637,653,Starter,East,197.75,completed,2024-03-23,High
52638,107,Starter,Central,58.72,shipped,2024-03-23,High
52639,851,Mid-Market,Central,228.3,completed,2024-03-23,High
52640,281,SMB,North,138.53,completed,2024-03-23,High
52641,668,Mid-Market,West,68.55,cancelled,2024-03-23,High
52642,732,SMB,Central,91.68,shipped,2024-03-23,High
52643,398,Starter,South,190.62,completed,2024-03-23,High
52644,502,Starter,West,369.82,completed,2024-03-23,High
52645,736,SMB,West,36.01,completed,2024-03-23,High
52646,171,Starter,Central,142.07,shipped,2024-03-23,High
52647,842,Starter,East,58.9,completed,2024-03-23,High
52648,375,Mid-Market,East,257.45,completed,2024-03-23,High
52649,735,Starter,East,25.92,completed,2024-03-23,High
52650,49,Starter,North,190.17,completed,2024-03-23,High
52651,537,SMB,West,43.85,shipped,2024-03-23,High
52652,60,Starter,South,151.09,pending,2024-03-23,High
52653,725,Starter,South,285.9,completed,2024-03-23,High
52654,859,Starter,South,226.02,completed,2024-03-23,High
52655,567,Starter,South,224.72,completed,2024-03-23,High
52656,392,Starter,South,124.42,pending,2024-03-23,High
52657,822,Mid-Market,Central,347.11,shipped,2024-03-24,High
52658,859,Starter,South,148.05,cancelled,2024-03-24,High
52659,49,Starter,North,389.28,cancelled,2024-03-24,High
52660,260,Mid-Market,East,133.62,completed,2024-03-24,High
52661,284,Mid-Market,Central,120.77,shipped,2024-03-24,High
52662,203,Mid-Market,South,52.72,completed,2024-03-24,High
52663,621,Mid-Market,North,133.05,completed,2024-03-24,High
52664,743,SMB,North,37.73,completed,2024-03-24,High
52665,499,Enterprise,Central,320.68,completed,2024-03-24,High
52666,529,Mid-Market,East,184.0,shipped,2024-03-24,High
52667,268,SMB,North,773.55,completed,2024-03-24,High
52668,288,Starter,West,29.49,pending,2024-03-24,High
52669,822,Mid-Market,Central,56.3,completed,2024-03-24,High
52670,659,Starter,East,329.53,completed,2024-03-24,High
52671,897,Starter,Central,90.44,completed,2024-03-24,High
52672,276,Starter,South,109.19,completed,2024-03-24,High
52673,893,SMB,West,310.62,completed,2024-03-24,High
52674,619,SMB,North,125.67,completed,2024-03-24,High
52675,694,Mid-Market,West,47.25,shipped,2024-03-24,High
52676,820,Starter,West,348.89,completed,2024-03-24,High
52677,429,Starter,Central,19.73,completed,2024-03-24,High
52678,832,Starter,North,353.64,shipped,2024-03-24,High
52679,369,Mid-Market,South,22.78,completed,2024-03-24,High
52680,886,Mid-Market,North,179.42,completed,2024-03-24,High
52681,487,Mid-Market,West,26.16,completed,2024-03-24,High
52682,210,Mid-Market,South,198.74,completed,2024-03-24,High
52683,385,SMB,West,20.18,completed,2024-03-24,High
52684,485,Starter,Central,292.21,completed,2024-03-24,High
52685,558,Mid-Market,South,109.09,completed,2024-03-24,High
52686,892,SMB,Central,29.72,completed,2024-03-24,High
52687,135,Enterprise,East,199.04,completed,2024-03-24,High
52688,810,Mid-Market,West,115.79,completed,2024-03-24,High
52689,83,Starter,Central,46.78,cancelled,2024-03-25,High
52690,39,Starter,Central,17.37,completed,2024-03-25,High
52691,220,SMB,North,96.19,completed,2024-03-25,High
52692,860,Mid-Market,East,28.43,pending,2024-03-25,High
52693,406,SMB,East,29.84,shipped,2024-03-25,High
52694,443,Starter,West,61.66,shipped,2024-03-25,High
52695,781,Starter,West,164.32,cancelled,2024-03-25,High
52696,515,Mid-Market,West,128.22,completed,2024-03-25,High
52697,588,Mid-Market,North,25.72,completed,2024-03-25,High
52698,557,Mid-Market,West,533.34,completed,2024-03-25,High
52699,23,Starter,South,342.28,completed,2024-03-25,High
52700,315,SMB,Central,60.01,completed,2024-03-25,High
52701,662,Enterprise,Central,34.57,completed,2024-03-25,High
52702,220,SMB,North,443.14,shipped,2024-03-25,High
52703,138,SMB,Central,107.75,completed,2024-03-25,High
52704,789,Starter,East,70.91,completed,2024-03-25,High
52705,719,Mid-Market,North,116.11,completed,2024-03-25,High
52706,20,Starter,Central,237.25,completed,2024-03-25,High
52707,596,Starter,East,42.66,shipped,2024-03-25,High
52708,797,Enterprise,Central,233.83,cancelled,2024-03-25,High
52709,591,Mid-Market,Central,222.61,shipped,2024-03-25,High
52710,107,Starter,Central,131.27,completed,2024-03-25,High
52711,420,SMB,West,316.31,pending,2024-03-25,High
52712,187,SMB,North,36.26,completed,2024-03-25,High
52713,875,Mid-Market,West,150.76,shipped,2024-03-25,High
52714,804,Starter,West,104.5,completed,2024-03-25,High
52715,491,Starter,South,97.3,completed,2024-03-25,High
52716,6,Mid-Market,North,58.67,cancelled,2024-03-25,High
52717,573,Starter,West,84.85,completed,2024-03-25,High
52718,630,Starter,North,32.17,shipped,2024-03-25,High
52719,70,Enterprise,West,58.47,completed,2024-03-25,High
52720,861,SMB,South,62.61,shipped,2024-03-25,High
52721,239,Starter,East,206.3,cancelled,2024-03-26,High
52722,740,Starter,Central,22.47,completed,2024-03-26,High
52723,303,Starter,South,172.99,completed,2024-03-26,High
52724,443,Starter,West,52.54,completed,2024-03-26,High
52725,874,Starter,Central,27.81,pending,2024-03-26,High
52726,428,SMB,North,68.67,completed,2024-03-26,High
52727,504,SMB,North,53.13,completed,2024-03-26,High
52728,409,Enterprise,Central,135.46,completed,2024-03-26,High
52729,499,Enterprise,Central,81.33,completed,2024-03-26,High
52730,261,Starter,East,522.18,completed,2024-03-26,High
52731,116,SMB,North,511.77,completed,2024-03-26,High
52732,313,Mid-Market,West,102.97,pending,2024-03-26,High
52733,866,Starter,South,252.78,completed,2024-03-26,High
52734,608,Starter,East,17.0,completed,2024-03-26,High
52735,59,Mid-Market,Central,134.05,completed,2024-03-26,High
52736,283,Starter,West,218.98,completed,2024-03-26,High
52737,203,Mid-Market,South,51.68,pending,2024-03-26,High
52738,227,Enterprise,South,24.47,completed,2024-03-26,High
52739,65,Starter,North,40.43,completed,2024-03-26,High
52740,847,Mid-Market,West,102.47,completed,2024-03-26,High
52741,228,Starter,North,120.9,pending,2024-03-26,High
52742,630,Starter,North,86.92,cancelled,2024-03-26,High
52743,290,Starter,North,101.97,completed,2024-03-26,High
52744,768,SMB,North,110.3,completed,2024-03-26,High
52745,579,Starter,East,235.08,completed,2024-03-26,High
52746,739,Starter,North,31.68,shipped,2024-03-26,High
52747,201,Starter,East,234.77,completed,2024-03-26,High
52748,300,Mid-Market,North,190.01,cancelled,2024-03-26,High
52749,657,Starter,West,218.02,shipped,2024-03-26,High
52750,261,Starter,East,213.9,pending,2024-03-26,High
52751,399,SMB,West,110.4,completed,2024-03-26,High
52752,296,Starter,West,50.62,completed,2024-03-26,High
52753,464,Starter,West,130.38,shipped,2024-03-27,High
52754,3,SMB,Central,490.45,completed,2024-03-27,High
52755,607,Mid-Market,Central,148.2,completed,2024-03-27,High
52756,338,SMB,South,16.67,completed,2024-03-27,High
52757,491,Starter,South,24.24,completed,2024-03-27,High
52758,730,Mid-Market,South,756.38,completed,2024-03-27,High
52759,881,Mid-Market,Central,26.2,completed,2024-03-27,High
52760,833,Mid-Market,North,22.07,completed,2024-03-27,High
52761,58,Mid-Market,Central,80.32,completed,2024-03-27,High
52762,802,Mid-Market,North,537.61,completed,2024-03-27,High
52763,137,Starter,Central,72.56,completed,2024-03-27,High
52764,164,Starter,Central,94.12,completed,2024-03-27,High
52765,341,Starter,North,165.8,shipped,2024-03-27,High
52766,76,SMB,North,18.66,shipped,2024-03-27,High
52767,193,Enterprise,Central,357.07,shipped,2024-03-27,High
52768,359,Enterprise,North,124.92,shipped,2024-03-27,High
52769,720,SMB,South,109.33,completed,2024-03-27,High
52770,364,Starter,Central,310.7,completed,2024-03-27,High
52771,872,Starter,West,473.89,completed,2024-03-27,High
52772,825,Starter,South,97.6,completed,2024-03-27,High
52773,192,SMB,East,43.39,completed,2024-03-27,High
52774,501,Starter,East,268.69,completed,2024-03-27,High
52775,129,Mid-Market,East,92.44,pending,2024-03-27,High
52776,154,Starter,West,426.27,completed,2024-03-27,High
52777,149,Mid-Market,Central,464.06,completed,2024-03-27,High
52778,229,SMB,South,33.3,cancelled,2024-03-27,High
52779,824,Starter,North,485.44,shipped,2024-03-27,High
52780,726,SMB,Central,83.89,completed,2024-03-27,High
52781,840,Starter,South,170.88,pending,2024-03-27,High
52782,273,SMB,Central,20.31,completed,2024-03-27,High
52783,587,Mid-Market,North,344.58,shipped,2024-03-27,High
52784,155,Enterprise,South,168.91,completed,2024-03-27,High
52785,821,SMB,South,169.74,completed,2024-03-28,High
52786,288,Starter,West,363.69,shipped,2024-03-28,High
52787,401,Mid-Market,Central,121.5,completed,2024-03-28,High
52788,810,Mid-Market,West,94.28,completed,2024-03-28,High
52789,355,Mid-Market,South,316.63,completed,2024-03-28,High
52790,291,Mid-Market,Central,218.46,completed,2024-03-28,High
52791,233,Starter,Central,461.32,cancelled,2024-03-28,High
52792,93,SMB,South,437.32,completed,2024-03-28,High
52793,1017,,,87.27,completed,2024-03-28,High
52794,653,Starter,East,103.86,completed,2024-03-28,High
52795,853,Mid-Market,South,59.35,completed,2024-03-28,High
52796,98,Starter,West,177.11,completed,2024-03-28,High
52797,839,Starter,West,83.01,completed,2024-03-28,High
52798,313,Mid-Market,West,246.34,cancelled,2024-03-28,High
52799,681,SMB,North,34.44,completed,2024-03-28,High
52800,492,Starter,East,33.56,completed,2024-03-28,High
52801,12,Enterprise,North,49.31,completed,2024-03-28,High
52802,771,Mid-Market,North,28.21,completed,2024-03-28,High
52803,878,Starter,North,160.15,completed,2024-03-28,High
52804,500,Enterprise,West,38.91,shipped,2024-03-28,High
52805,695,Mid-Market,Central,41.15,cancelled,2024-03-28,High
52806,818,Starter,Central,17.15,completed,2024-03-28,High
52807,218,SMB,East,243.55,completed,2024-03-28,High
52808,565,Starter,South,265.93,cancelled,2024-03-28,High
52809,849,Starter,South,41.51,completed,2024-03-28,High
52810,315,SMB,Central,216.79,completed,2024-03-28,High
52811,228,Starter,North,100.25,pending,2024-03-28,High
52812,1003,,,56.09,shipped,2024-03-28,High
52813,767,SMB,East,160.69,completed,2024-03-28,High
52814,536,Enterprise,East,44.49,completed,2024-03-28,High
52815,22,Mid-Market,East,227.13,completed,2024-03-28,High
52816,537,SMB,West,22.32,completed,2024-03-28,High
52817,395,Starter,West,494.61,shipped,2024-03-29,High
52818,9,Starter,West,26.19,completed,2024-03-29,High
52819,554,Starter,West,144.93,completed,2024-03-29,High
52820,573,Starter,West,363.72,completed,2024-03-29,High
52821,179,Enterprise,East,16.8,completed,2024-03-29,High
52822,483,Starter,East,118.53,completed,2024-03-29,High
52823,358,Starter,South,79.62,shipped,2024-03-29,High
52824,805,Starter,East,145.24,completed,2024-03-29,High
52825,271,SMB,North,53.32,completed,2024-03-29,High
52826,256,Starter,West,25.07,completed,2024-03-29,High
52827,583,Starter,South,162.5,shipped,2024-03-29,High
52828,164,Starter,Central,95.9,completed,2024-03-29,High
52829,478,Starter,East,161.12,completed,2024-03-29,High
52830,455,Mid-Market,Central,50.46,completed,2024-03-29,High
52831,887,Starter,West,77.04,completed,2024-03-29,High
52832,291,Mid-Market,Central,138.72,shipped,2024-03-29,High
52833,541,Enterprise,South,149.88,completed,2024-03-29,High
52834,349,Starter,West,84.86,shipped,2024-03-29,High
52835,331,Starter,Central,64.29,pending,2024-03-29,High
52836,279,SMB,East,62.97,cancelled,2024-03-29,High
52837,119,SMB,East,43.8,completed,2024-03-29,High
52838,357,Mid-Market,North,74.05,completed,2024-03-29,High
52839,135,Enterprise,East,48.37,completed,2024-03-29,High
52840,824,Starter,North,165.69,completed,2024-03-29,High
52841,481,Starter,West,141.27,shipped,2024-03-29,High
52842,216,Mid-Market,South,87.33,pending,2024-03-29,High
52843,613,Starter,West,74.14,completed,2024-03-29,High
52844,883,Mid-Market,Central,55.7,completed,2024-03-29,High
52845,13,SMB,Central,130.01,completed,2024-03-29,High
52846,856,Mid-Market,North,391.82,completed,2024-03-29,High
52847,882,Starter,South,188.61,shipped,2024-03-29,High
52848,202,Mid-Market,Central,219.63,completed,2024-03-29,High
52849,621,Mid-Market,North,284.71,completed,2024-03-30,High
52850,63,SMB,West,80.0,completed,2024-03-30,High
52851,575,SMB,North,24.74,cancelled,2024-03-30,High
52852,73,Mid-Market,North,161.15,completed,2024-03-30,High
52853,304,Starter,West,46.36,pending,2024-03-30,High
52854,416,Starter,Central,141.26,shipped,2024-03-30,High
52855,330,Mid-Market,Central,216.78,completed,2024-03-30,High
52856,615,SMB,Central,244.62,completed,2024-03-30,High
52857,294,Starter,North,68.9,completed,2024-03-30,High
52858,778,SMB,Central,122.75,completed,2024-03-30,High
52859,405,Starter,South,160.52,pending,2024-03-30,High
52860,44,Enterprise,West,271.79,completed,2024-03-30,High
52861,302,Starter,West,229.94,completed,2024-03-30,High
52862,555,SMB,South,678.12,completed,2024-03-30,High
52863,857,Mid-Market,Central,16.22,completed,2024-03-30,High
52864,432,SMB,West,101.3,completed,2024-03-30,High
52865,129,Mid-Market,East,59.37,completed,2024-03-30,High
52866,340,Mid-Market,Central,34.16,completed,2024-03-30,High
52867,660,Starter,West,378.74,completed,2024-03-30,High
52868,72,Mid-Market,South,944.37,completed,2024-03-30,High
52869,239,Starter,East,44.88,completed,2024-03-30,High
52870,319,Mid-Market,South,20.88,completed,2024-03-30,High
52871,156,Mid-Market,North,63.25,pending,2024-03-30,High
52872,211,Starter,West,285.15,completed,2024-03-30,High
52873,695,Mid-Market,Central,67.2,completed,2024-03-30,High
52874,496,Starter,West,23.79,completed,2024-03-30,High
52875,385,SMB,West,23.09,completed,2024-03-30,High
52876,143,Starter,South,98.64,completed,2024-03-30,High
52877,333,Mid-Market,East,417.85,cancelled,2024-03-30,High
52878,559,SMB,Central,65.51,completed,2024-03-30,High
52879,191,Mid-Market,Central,98.57,completed,2024-03-30,High
52880,508,SMB,East,31.13,completed,2024-03-30,High
52881,90,Starter,West,117.06,completed,2024-03-31,High
52882,831,Mid-Market,East,193.88,completed,2024-03-31,High
52883,863,Starter,South,62.44,completed,2024-03-31,High
52884,578,Enterprise,North,67.8,cancelled,2024-03-31,High
52885,614,Mid-Market,South,291.75,completed,2024-03-31,High
52886,201,Starter,East,16.56,completed,2024-03-31,High
52887,160,SMB,East,166.78,pending,2024-03-31,High
52888,746,SMB,Central,90.1,shipped,2024-03-31,High
52889,194,Starter,North,68.15,cancelled,2024-03-31,High
52890,279,SMB,East,175.76,completed,2024-03-31,High
52891,303,Starter,South,284.97,completed,2024-03-31,High
52892,400,SMB,West,137.6,shipped,2024-03-31,High
52893,195,Starter,Central,19.74,completed,2024-03-31,High
52894,340,Mid-Market,Central,107.82,completed,2024-03-31,High
52895,266,SMB,Central,108.2,shipped,2024-03-31,High
52896,276,Starter,South,132.72,completed,2024-03-31,High
52897,265,SMB,South,181.74,pending,2024-03-31,High
52898,792,Starter,West,17.93,cancelled,2024-03-31,High
52899,111,Starter,South,119.58,pending,2024-03-31,High
52900,495,Starter,South,148.12,completed,2024-03-31,High
52901,846,Starter,South,78.09,completed,2024-03-31,High
52902,403,Starter,Central,180.56,shipped,2024-03-31,High
52903,672,SMB,East,53.85,cancelled,2024-03-31,High
52904,659,Starter,East,72.27,completed,2024-03-31,High
52905,563,Mid-Market,South,508.54,completed,2024-03-31,High
52906,886,Mid-Market,North,79.17,pending,2024-03-31,High
52907,663,Starter,East,78.81,completed,2024-03-31,High
52908,651,Mid-Market,Central,150.83,completed,2024-03-31,High
52909,613,Starter,West,545.94,completed,2024-03-31,High
52910,790,Enterprise,South,626.89,completed,2024-03-31,High
52911,709,Starter,North,145.0,shipped,2024-03-31,High
52912,100,Mid-Market,Central,15.16,completed,2024-03-31,High
52913,1001,,,361.38,completed,2024-04-01,High
52914,399,SMB,West,141.68,completed,2024-04-01,High
52915,726,SMB,Central,83.36,completed,2024-04-01,High
52916,498,Mid-Market,North,280.09,completed,2024-04-01,High
52917,324,Starter,West,91.58,shipped,2024-04-01,High
52918,114,SMB,North,20.2,completed,2024-04-01,High
52919,477,Mid-Market,North,273.12,completed,2024-04-01,High
52920,830,Starter,South,133.4,completed,2024-04-01,High
52921,95,SMB,Central,76.91,completed,2024-04-01,High
52922,193,Enterprise,Central,58.33,completed,2024-04-01,High
52923,424,Starter,Central,150.14,completed,2024-04-01,High
52924,54,SMB,East,49.99,completed,2024-04-01,High
52925,276,Starter,South,73.7,completed,2024-04-01,High
52926,822,Mid-Market,Central,166.81,completed,2024-04-01,High
52927,651,Mid-Market,Central,334.98,pending,2024-04-01,High
52928,26,SMB,South,129.18,shipped,2024-04-01,High
52929,677,Mid-Market,North,228.51,completed,2024-04-01,High
52930,202,Mid-Market,Central,230.99,completed,2024-04-01,High
52931,849,Starter,South,178.75,pending,2024-04-01,High
52932,272,SMB,Central,57.32,completed,2024-04-01,High
52933,206,Mid-Market,South,317.37,shipped,2024-04-01,High
52934,428,SMB,North,100.98,completed,2024-04-01,High
52935,766,Starter,North,21.78,completed,2024-04-01,High
52936,554,Starter,West,57.08,pending,2024-04-01,High
52937,528,Starter,North,232.58,completed,2024-04-01,High
52938,870,Enterprise,Central,25.75,completed,2024-04-01,High
52939,726,SMB,Central,38.91,pending,2024-04-01,High
52940,19,Starter,South,192.74,shipped,2024-04-01,High
52941,762,Starter,North,349.68,completed,2024-04-01,High
52942,5,Mid-Market,Central,165.66,completed,2024-04-01,High
52943,853,Mid-Market,South,52.71,completed,2024-04-01,High
52944,527,Starter,Central,23.23,shipped,2024-04-01,High
52945,804,Starter,West,158.23,cancelled,2024-04-02,High
52946,725,Starter,South,22.28,shipped,2024-04-02,High
52947,229,SMB,South,157.29,shipped,2024-04-02,High
52948,869,SMB,North,53.35,completed,2024-04-02,High
52949,259,Starter,North,367.54,shipped,2024-04-02,High
52950,751,Mid-Market,North,111.68,shipped,2024-04-02,High
52951,672,SMB,East,53.03,shipped,2024-04-02,High
52952,43,Mid-Market,North,302.75,completed,2024-04-02,High
52953,99,Mid-Market,East,58.96,pending,2024-04-02,High
52954,191,Mid-Market,Central,69.92,completed,2024-04-02,High
52955,651,Mid-Market,Central,284.62,completed,2024-04-02,High
52956,540,Mid-Market,Central,70.4,completed,2024-04-02,High
52957,103,Starter,West,94.19,completed,2024-04-02,High
52958,323,Starter,North,79.08,completed,2024-04-02,High
52959,75,SMB,Central,33.56,shipped,2024-04-02,High
52960,380,Starter,North,20.95,completed,2024-04-02,High
52961,619,SMB,North,208.4,completed,2024-04-02,High
52962,237,Starter,South,170.4,completed,2024-04-02,High
52963,863,Starter,South,64.77,pending,2024-04-02,High
52964,452,Starter,East,67.56,completed,2024-04-02,High
52965,626,Starter,East,450.08,completed,2024-04-02,High
52966,743,SMB,North,674.37,completed,2024-04-02,High
52967,509,Enterprise,Central,111.21,completed,2024-04-02,High
52968,633,Starter,South,258.27,shipped,2024-04-02,High
52969,468,SMB,Central,215.16,pending,2024-04-02,High
52970,620,SMB,North,67.93,shipped,2024-04-02,High
52971,540,Mid-Market,Central,24.05,completed,2024-04-02,High
52972,492,Starter,East,38.07,completed,2024-04-02,High
52973,857,Mid-Market,Central,288.3,completed,2024-04-02,High
52974,214,Mid-Market,Central,212.08,completed,2024-04-02,High
52975,648,Starter,West,178.75,completed,2024-04-02,High
52976,114,SMB,North,36.0,completed,2024-04-02,High
52977,525,SMB,West,168.22,completed,2024-04-03,High
52978,205,Starter,East,236.86,cancelled,2024-04-03,High
52979,800,Enterprise,North,310.56,shipped,2024-04-03,High
52980,618,Starter,Central,17.0,completed,2024-04-03,High
52981,374,Starter,North,188.03,completed,2024-04-03,High
52982,443,Starter,West,17.89,cancelled,2024-04-03,High
52983,75,SMB,Central,199.07,completed,2024-04-03,High
52984,675,Starter,South,166.43,shipped,2024-04-03,High
52985,495,Starter,South,39.09,completed,2024-04-03,High
52986,789,Starter,East,232.94,pending,2024-04-03,High
52987,79,Starter,Central,25.62,shipped,2024-04-03,High
52988,548,Starter,North,277.65,completed,2024-04-03,High
52989,426,Starter,North,60.56,completed,2024-04-03,High
52990,596,Starter,East,190.12,completed,2024-04-03,High
52991,665,Mid-Market,Central,400.94,pending,2024-04-03,High
52992,795,Mid-Market,Central,77.29,completed,2024-04-03,High
52993,524,SMB,Central,119.84,completed,2024-04-03,High
52994,87,SMB,North,108.3,completed,2024-04-03,High
52995,833,Mid-Market,North,40.73,pending,2024-04-03,High
52996,106,Mid-Market,West,148.85,shipped,2024-04-03,High
52997,845,Mid-Market,West,218.8,completed,2024-04-03,High
52998,287,Starter,East,388.11,completed,2024-04-03,High
52999,715,Starter,East,300.37,completed,2024-04-03,High
53000,900,Mid-Market,West,122.01,completed,2024-04-03,High
53001,336,Mid-Market,Central,205.42,completed,2024-04-03,High
53002,332,SMB,South,257.0,completed,2024-04-03,High
53003,500,Enterprise,West,117.03,cancelled,2024-04-03,High
53004,405,Starter,South,33.4,completed,2024-04-03,High
53005,883,Mid-Market,Central,101.42,shipped,2024-04-03,High
53006,494,Mid-Market,Central,292.23,completed,2024-04-03,High
53007,404,SMB,East,151.19,completed,2024-04-03,High
53008,552,SMB,West,208.35,completed,2024-04-03,High
53009,284,Mid-Market,Central,45.73,completed,2024-04-04,High
53010,449,Starter,South,515.05,completed,2024-04-04,High
53011,662,Enterprise,Central,92.65,pending,2024-04-04,High
53012,889,Mid-Market,West,174.04,completed,2024-04-04,High
53013,248,Enterprise,South,17.86,completed,2024-04-04,High
53014,618,Starter,Central,35.43,pending,2024-04-04,High
53015,299,Starter,East,243.51,completed,2024-04-04,High
53016,100,Mid-Market,Central,531.16,completed,2024-04-04,High
53017,1020,,,72.86,completed,2024-04-04,High
53018,428,SMB,North,20.68,shipped,2024-04-04,High
53019,7,Mid-Market,South,82.15,shipped,2024-04-04,High
53020,883,Mid-Market,Central,17.64,completed,2024-04-04,High
53021,217,Starter,Central,47.05,completed,2024-04-04,High
53022,7,Mid-Market,South,224.43,shipped,2024-04-04,High
53023,212,Starter,South,429.9,pending,2024-04-04,High
53024,429,Starter,Central,28.73,completed,2024-04-04,High
53025,858,Starter,East,137.43,pending,2024-04-04,High
53026,673,Mid-Market,South,58.93,completed,2024-04-04,High
53027,1018,,,37.46,completed,2024-04-04,High
53028,41,Mid-Market,South,52.07,completed,2024-04-04,High
53029,598,Mid-Market,South,144.33,completed,2024-04-04,High
53030,42,Starter,West,25.1,completed,2024-04-04,High
53031,497,Starter,North,100.43,pending,2024-04-04,High
53032,805,Starter,East,36.79,completed,2024-04-04,High
53033,450,Mid-Market,West,62.76,completed,2024-04-04,High
53034,411,Starter,East,46.75,completed,2024-04-04,High
53035,25,Starter,Central,336.81,shipped,2024-04-04,High
53036,803,Starter,West,199.66,pending,2024-04-04,High
53037,726,SMB,Central,319.27,completed,2024-04-04,High
53038,736,SMB,West,87.55,completed,2024-04-04,High
53039,68,SMB,West,71.4,completed,2024-04-04,High
53040,58,Mid-Market,Central,86.85,completed,2024-04-04,High
53041,124,Mid-Market,East,17.81,completed,2024-04-05,High
53042,740,Starter,Central,208.49,completed,2024-04-05,High
53043,181,Starter,East,79.56,shipped,2024-04-05,High
53044,882,Starter,South,71.38,completed,2024-04-05,High
53045,29,Starter,South,151.75,completed,2024-04-05,High
53046,788,Starter,North,100.97,completed,2024-04-05,High
53047,161,Starter,South,608.27,completed,2024-04-05,High
53048,360,Starter,North,81.07,completed,2024-04-05,High
53049,527,Starter,Central,157.75,completed,2024-04-05,High
53050,270,Starter,Central,71.02,shipped,2024-04-05,High
53051,257,Enterprise,Central,714.98,completed,2024-04-05,High
53052,499,Enterprise,Central,103.35,completed,2024-04-05,High
53053,52,SMB,West,165.82,completed,2024-04-05,High
53054,611,Mid-Market,Central,35.33,cancelled,2024-04-05,High
53055,449,Starter,South,213.09,completed,2024-04-05,High
53056,163,Starter,East,62.04,pending,2024-04-05,High
53057,253,SMB,East,104.3,completed,2024-04-05,High
53058,137,Starter,Central,337.01,completed,2024-04-05,High
53059,313,Mid-Market,West,543.77,shipped,2024-04-05,High
53060,141,Enterprise,West,97.9,completed,2024-04-05,High
53061,187,SMB,North,285.09,completed,2024-04-05,High
53062,846,Starter,South,23.22,completed,2024-04-05,High
53063,25,Starter,Central,297.16,pending,2024-04-05,High
53064,172,Mid-Market,Central,163.94,completed,2024-04-05,High
53065,260,Mid-Market,East,115.62,completed,2024-04-05,High
53066,755,Mid-Market,East,346.04,completed,2024-04-05,High
53067,593,Mid-Market,Central,294.98,completed,2024-04-05,High
53068,289,Starter,East,67.85,completed,2024-04-05,High
53069,294,Starter,North,250.16,completed,2024-04-05,High
53070,283,Starter,West,30.72,completed,2024-04-05,High
53071,117,SMB,North,274.54,completed,2024-04-05,High
53072,245,Mid-Market,South,183.8,completed,2024-04-05,High
53073,761,Mid-Market,Central,28.8,completed,2024-04-06,High
53074,854,SMB,East,187.37,completed,2024-04-06,High
53075,884,Mid-Market,South,145.31,cancelled,2024-04-06,High
53076,850,Starter,South,150.41,shipped,2024-04-06,High
53077,387,Starter,East,66.56,completed,2024-04-06,High
53078,265,SMB,South,61.49,shipped,2024-04-06,High
53079,81,SMB,West,230.66,pending,2024-04-06,High
53080,138,SMB,Central,59.52,completed,2024-04-06,High
53081,156,Mid-Market,North,103.66,completed,2024-04-06,High
53082,849,Starter,South,193.01,completed,2024-04-06,High
53083,724,SMB,North,27.44,pending,2024-04-06,High
53084,444,Starter,South,150.41,completed,2024-04-06,High
53085,1013,,,148.51,completed,2024-04-06,High
53086,590,Mid-Market,North,187.91,completed,2024-04-06,High
53087,556,Starter,South,84.29,shipped,2024-04-06,High
53088,770,SMB,Central,104.4,completed,2024-04-06,High
53089,655,Starter,West,75.06,shipped,2024-04-06,High
53090,245,Mid-Market,South,262.67,shipped,2024-04-06,High
53091,726,SMB,Central,35.99,completed,2024-04-06,High
53092,620,SMB,North,509.34,completed,2024-04-06,High
53093,580,Starter,Central,166.11,completed,2024-04-06,High
53094,23,Starter,South,341.93,pending,2024-04-06,High
53095,322,SMB,North,98.33,shipped,2024-04-06,High
53096,889,Mid-Market,West,75.58,pending,2024-04-06,High
53097,276,Starter,South,361.48,completed,2024-04-06,High
53098,188,Starter,East,30.62,completed,2024-04-06,High
53099,444,Starter,South,33.68,completed,2024-04-06,High
53100,596,Starter,East,68.36,completed,2024-04-06,High
53101,360,Starter,North,496.99,pending,2024-04-06,High
53102,832,Starter,North,165.39,completed,2024-04-06,High
53103,533,Enterprise,Central,136.18,completed,2024-04-06,High
53104,144,Starter,East,198.3,completed,2024-04-06,High
53105,260,Mid-Market,East,96.06,completed,2024-04-07,High
53106,14,Mid-Market,South,227.87,completed,2024-04-07,High
53107,182,Mid-Market,Central,89.94,completed,2024-04-07,High
53108,893,SMB,West,277.62,shipped,2024-04-07,High
53109,511,Starter,West,61.65,completed,2024-04-07,High
53110,337,SMB,South,63.77,completed,2024-04-07,High
53111,188,Starter,East,125.84,completed,2024-04-07,High
53112,243,Enterprise,South,99.52,shipped,2024-04-07,High
53113,768,SMB,North,171.67,completed,2024-04-07,High
53114,782,Starter,Central,82.95,pending,2024-04-07,High
53115,760,SMB,West,54.31,completed,2024-04-07,High
53116,885,SMB,West,110.18,completed,2024-04-07,High
53117,130,Starter,South,138.47,completed,2024-04-07,High
53118,83,Starter,Central,38.08,completed,2024-04-07,High
53119,661,Starter,Central,137.03,shipped,2024-04-07,High
53120,212,Starter,South,72.69,completed,2024-04-07,High
53121,209,Mid-Market,Central,89.75,completed,2024-04-07,High
53122,214,Mid-Market,Central,64.13,completed,2024-04-07,High
53123,482,Starter,South,416.94,pending,2024-04-07,High
53124,677,Mid-Market,North,187.49,pending,2024-04-07,High
53125,505,Starter,West,60.67,completed,2024-04-07,High
53126,444,Starter,South,170.36,completed,2024-04-07,High
53127,175,Starter,Central,298.15,shipped,2024-04-07,High
53128,606,Starter,East,92.03,shipped,2024-04-07,High
53129,647,Starter,South,280.76,completed,2024-04-07,High
53130,267,Starter,West,40.16,completed,2024-04-07,High
53131,191,Mid-Market,Central,274.56,shipped,2024-04-07,High
53132,72,Mid-Market,South,131.58,completed,2024-04-07,High
53133,311,Starter,East,52.84,completed,2024-04-07,High
53134,896,Mid-Market,West,93.42,shipped,2024-04-07,High
53135,166,SMB,South,678.34,completed,2024-04-07,High
53136,49,Starter,North,244.56,pending,2024-04-07,High
53137,452,Starter,East,143.38,completed,2024-04-08,High
53138,798,Starter,North,33.35,pending,2024-04-08,High
53139,507,Enterprise,North,96.14,completed,2024-04-08,High
53140,343,Mid-Market,West,60.79,shipped,2024-04-08,High
53141,45,Starter,Central,26.05,completed,2024-04-08,High
53142,828,Starter,North,132.2,completed,2024-04-08,High
53143,318,Mid-Market,West,344.98,completed,2024-04-08,High
53144,254,Starter,West,183.87,shipped,2024-04-08,High
53145,182,Mid-Market,Central,58.09,completed,2024-04-08,High
53146,283,Starter,West,142.85,completed,2024-04-08,High
53147,6,Mid-Market,North,445.32,completed,2024-04-08,High
53148,381,Mid-Market,North,207.51,completed,2024-04-08,High
53149,566,Starter,East,190.42,completed,2024-04-08,High
53150,676,Enterprise,South,532.05,cancelled,2024-04-08,High
53151,79,Starter,Central,255.57,completed,2024-04-08,High
53152,352,SMB,West,37.04,completed,2024-04-08,High
53153,478,Starter,East,79.07,cancelled,2024-04-08,High
53154,617,Mid-Market,West,518.47,completed,2024-04-08,High
53155,619,SMB,North,115.92,completed,2024-04-08,High
53156,606,Starter,East,32.76,completed,2024-04-08,High
53157,695,Mid-Market,Central,107.04,completed,2024-04-08,High
53158,242,Enterprise,North,194.1,completed,2024-04-08,High
53159,658,Starter,East,916.64,completed,2024-04-08,High
53160,682,Starter,East,73.71,shipped,2024-04-08,High
53161,210,Mid-Market,South,123.26,completed,2024-04-08,High
53162,465,Enterprise,South,332.64,completed,2024-04-08,High
53163,111,Starter,South,80.84,pending,2024-04-08,High
53164,271,SMB,North,32.36,completed,2024-04-08,High
53165,800,Enterprise,North,461.2,pending,2024-04-08,High
53166,802,Mid-Market,North,115.54,completed,2024-04-08,High
53167,88,Starter,North,119.81,completed,2024-04-08,High
53168,163,Starter,East,160.61,completed,2024-04-08,High
53169,1006,,,15.53,completed,2024-04-09,High
53170,412,Enterprise,West,416.33,completed,2024-04-09,High
53171,449,Starter,South,82.28,completed,2024-04-09,High
53172,152,Mid-Market,North,90.86,completed,2024-04-09,High
53173,873,Starter,North,43.69,completed,2024-04-09,High
53174,586,Mid-Market,South,86.26,completed,2024-04-09,High
53175,111,Starter,South,259.4,completed,2024-04-09,High
53176,15,Mid-Market,South,256.41,completed,2024-04-09,High
53177,423,Mid-Market,East,426.86,completed,2024-04-09,High
53178,421,SMB,South,92.43,completed,2024-04-09,High
53179,587,Mid-Market,North,200.02,completed,2024-04-09,High
53180,571,Starter,South,121.16,completed,2024-04-09,High
53181,890,Mid-Market,West,259.46,completed,2024-04-09,High
53182,104,Starter,West,202.0,completed,2024-04-09,High
53183,893,SMB,West,83.81,cancelled,2024-04-09,High
53184,399,SMB,West,76.57,completed,2024-04-09,High
53185,679,Enterprise,West,58.64,completed,2024-04-09,High
53186,758,Starter,South,143.89,pending,2024-04-09,High
53187,302,Starter,West,512.98,pending,2024-04-09,High
53188,174,Mid-Market,South,48.48,pending,2024-04-09,Low
53189,355,Mid-Market,South,30.01,completed,2024-04-09,High
53190,873,Starter,North,34.07,completed,2024-04-09,High
53191,263,Mid-Market,South,244.25,shipped,2024-04-09,High
53192,526,Starter,South,79.64,shipped,2024-04-09,High
53193,134,Starter,North,53.11,completed,2024-04-09,High
53194,371,Mid-Market,South,80.28,completed,2024-04-09,High
53195,207,Mid-Market,South,170.49,cancelled,2024-04-09,High
53196,476,Enterprise,South,133.71,completed,2024-04-09,High
53197,491,Starter,South,219.15,completed,2024-04-09,High
53198,268,SMB,North,77.12,completed,2024-04-09,High
53199,59,Mid-Market,Central,105.23,completed,2024-04-09,High
53200,533,Enterprise,Central,31.13,completed,2024-04-09,High
53201,663,Starter,East,26.38,completed,2024-04-10,High
53202,891,SMB,West,108.06,cancelled,2024-04-10,High
53203,450,Mid-Market,West,68.84,completed,2024-04-10,High
53204,566,Starter,East,157.32,completed,2024-04-10,High
53205,807,Enterprise,West,21.59,shipped,2024-04-10,High
53206,855,Mid-Market,West,34.48,completed,2024-04-10,High
53207,211,Starter,West,315.58,completed,2024-04-10,High
53208,639,Starter,North,140.31,completed,2024-04-10,High
53209,405,Starter,South,201.75,completed,2024-04-10,High
53210,313,Mid-Market,West,291.75,completed,2024-04-10,High
53211,73,Mid-Market,North,108.5,completed,2024-04-10,High
53212,366,Starter,South,229.73,pending,2024-04-10,High
53213,670,Starter,Central,126.54,shipped,2024-04-10,High
53214,124,Mid-Market,East,52.8,completed,2024-04-10,High
53215,228,Starter,North,76.8,completed,2024-04-10,High
53216,428,SMB,North,116.1,completed,2024-04-10,High
53217,427,Starter,West,72.16,completed,2024-04-10,High
53218,678,Starter,Central,76.31,completed,2024-04-10,High
53219,540,Mid-Market,Central,76.74,pending,2024-04-10,High
53220,737,Starter,East,34.66,completed,2024-04-10,High
53221,492,Starter,East,28.27,completed,2024-04-10,High
53222,381,Mid-Market,North,22.14,completed,2024-04-10,High
53223,370,Mid-Market,South,32.64,completed,2024-04-10,High
53224,233,Starter,Central,78.17,shipped,2024-04-10,High
53225,785,Mid-Market,South,150.16,pending,2024-04-10,High
53226,791,Mid-Market,West,46.27,completed,2024-04-10,High
53227,806,SMB,Central,343.4,completed,2024-04-10,High
53228,592,Starter,North,262.84,cancelled,2024-04-10,High
53229,671,Mid-Market,West,125.26,shipped,2024-04-10,High
53230,523,Enterprise,North,208.22,cancelled,2024-04-10,High
53231,780,Starter,East,83.43,completed,2024-04-10,High
53232,750,Starter,Central,20.62,completed,2024-04-10,High
53233,246,Enterprise,East,367.03,completed,2024-04-11,High
53234,166,SMB,South,35.51,completed,2024-04-11,High
53235,637,Starter,Central,458.3,shipped,2024-04-11,High
53236,405,Starter,South,142.25,completed,2024-04-11,High
53237,163,Starter,East,69.7,completed,2024-04-11,High
53238,85,Starter,North,117.64,completed,2024-04-11,High
53239,776,Mid-Market,West,119.46,shipped,2024-04-11,High
53240,132,Mid-Market,South,18.53,completed,2024-04-11,High
53241,654,SMB,Central,80.88,completed,2024-04-11,High
53242,468,SMB,Central,216.98,completed,2024-04-11,High
53243,803,Starter,West,122.02,completed,2024-04-11,High
53244,853,Mid-Market,South,57.0,completed,2024-04-11,High
53245,343,Mid-Market,West,76.22,completed,2024-04-11,High
53246,729,Mid-Market,West,313.23,pending,2024-04-11,High
53247,763,Mid-Market,West,126.84,completed,2024-04-11,High
53248,480,Starter,North,127.73,completed,2024-04-11,High
53249,658,Starter,East,503.44,cancelled,2024-04-11,High
53250,822,Mid-Market,Central,73.04,cancelled,2024-04-11,High
53251,587,Mid-Market,North,112.96,completed,2024-04-11,High
53252,214,Mid-Market,Central,265.47,completed,2024-04-11,High
53253,109,Mid-Market,East,228.39,completed,2024-04-11,High
53254,803,Starter,West,61.35,completed,2024-04-11,High
53255,823,Starter,West,39.57,cancelled,2024-04-11,High
53256,48,Starter,South,195.95,shipped,2024-04-11,High
53257,776,Mid-Market,West,59.69,completed,2024-04-11,High
53258,652,Starter,Central,398.96,completed,2024-04-11,High
53259,187,SMB,North,35.76,completed,2024-04-11,High
53260,596,Starter,East,72.48,completed,2024-04-11,High
53261,762,Starter,North,23.45,completed,2024-04-11,High
53262,855,Mid-Market,West,197.26,completed,2024-04-11,High
53263,580,Starter,Central,347.82,completed,2024-04-11,High
53264,476,Enterprise,South,166.54,completed,2024-04-11,High
53265,850,Starter,South,431.5,completed,2024-04-12,High
53266,116,SMB,North,35.63,completed,2024-04-12,High
53267,88,Starter,North,28.77,completed,2024-04-12,High
53268,550,SMB,South,288.41,pending,2024-04-12,High
53269,807,Enterprise,West,305.18,completed,2024-04-12,High
53270,141,Enterprise,West,281.71,completed,2024-04-12,High
53271,664,Mid-Market,South,255.64,completed,2024-04-12,High
53272,445,SMB,Central,82.47,completed,2024-04-12,High
53273,328,Starter,North,51.78,completed,2024-04-12,High
53274,476,Enterprise,South,411.35,completed,2024-04-12,High
53275,149,Mid-Market,Central,70.01,completed,2024-04-12,High
53276,429,Starter,Central,91.23,completed,2024-04-12,High
53277,641,Mid-Market,Central,195.38,completed,2024-04-12,High
53278,390,SMB,West,67.08,completed,2024-04-12,High
53279,422,SMB,East,271.5,shipped,2024-04-12,High
53280,446,Enterprise,South,25.89,completed,2024-04-12,High
53281,519,Enterprise,Central,249.94,completed,2024-04-12,High
53282,487,Mid-Market,West,153.14,completed,2024-04-12,High
53283,260,Mid-Market,East,142.64,completed,2024-04-12,High
53284,385,SMB,West,106.98,completed,2024-04-12,High
53285,630,Starter,North,63.66,completed,2024-04-12,High
53286,586,Mid-Market,South,108.56,pending,2024-04-12,High
53287,806,SMB,Central,104.68,completed,2024-04-12,High
53288,452,Starter,East,146.47,completed,2024-04-12,High
53289,501,Starter,East,64.6,completed,2024-04-12,High
53290,551,Starter,West,27.12,completed,2024-04-12,High
53291,542,Starter,East,38.51,completed,2024-04-12,High
53292,755,Mid-Market,East,195.19,cancelled,2024-04-12,High
53293,606,Starter,East,18.41,completed,2024-04-12,High
53294,557,Mid-Market,West,306.15,shipped,2024-04-12,High
53295,233,Starter,Central,192.82,completed,2024-04-12,High
53296,869,SMB,North,234.21,shipped,2024-04-12,High
53297,462,Starter,East,286.17,pending,2024-04-13,High
53298,782,Starter,Central,34.64,shipped,2024-04-13,High
53299,101,Mid-Market,South,274.28,pending,2024-04-13,High
53300,146,Mid-Market,East,120.37,completed,2024-04-13,High
53301,421,SMB,South,340.11,completed,2024-04-13,High
53302,486,Enterprise,North,341.51,completed,2024-04-13,High
53303,825,Starter,South,18.67,completed,2024-04-13,High
53304,721,Enterprise,East,87.4,pending,2024-04-13,High
53305,88,Starter,North,127.11,completed,2024-04-13,High
53306,584,Starter,West,185.15,completed,2024-04-13,High
53307,345,Starter,East,65.57,completed,2024-04-13,High
53308,608,Starter,East,58.58,pending,2024-04-13,High
53309,787,Starter,South,87.01,pending,2024-04-13,High
53310,414,Starter,South,119.25,completed,2024-04-13,High
53311,338,SMB,South,467.84,completed,2024-04-13,High
53312,477,Mid-Market,North,230.39,completed,2024-04-13,High
53313,763,Mid-Market,West,99.14,completed,2024-04-13,High
53314,35,Enterprise,West,23.38,completed,2024-04-13,High
53315,202,Mid-Market,Central,42.68,completed,2024-04-13,High
53316,620,SMB,North,106.3,completed,2024-04-13,High
53317,168,Mid-Market,West,267.16,completed,2024-04-13,High
53318,658,Starter,East,86.87,completed,2024-04-13,High
53319,477,Mid-Market,North,130.99,shipped,2024-04-13,High
53320,834,Mid-Market,North,348.57,shipped,2024-04-13,High
53321,644,Starter,West,382.66,completed,2024-04-13,High
53322,393,Starter,East,51.46,shipped,2024-04-13,High
53323,676,Enterprise,South,21.69,completed,2024-04-13,High
53324,44,Enterprise,West,69.67,completed,2024-04-13,High
53325,457,Mid-Market,East,193.51,completed,2024-04-13,High
53326,28,Starter,East,467.73,shipped,2024-04-13,High
53327,333,Mid-Market,East,27.02,completed,2024-04-13,High
53328,817,Starter,North,19.33,completed,2024-04-13,High
53329,270,Starter,Central,338.32,completed,2024-04-14,High
53330,429,Starter,Central,221.84,shipped,2024-04-14,High
53331,537,SMB,West,743.98,shipped,2024-04-14,High
53332,689,SMB,South,90.82,completed,2024-04-14,High
53333,69,Mid-Market,North,95.69,shipped,2024-04-14,High
53334,890,Mid-Market,West,43.37,completed,2024-04-14,High
53335,431,Mid-Market,Central,33.47,cancelled,2024-04-14,High
53336,559,SMB,Central,144.67,shipped,2024-04-14,High
53337,502,Starter,West,82.95,completed,2024-04-14,High
53338,8,SMB,North,27.56,shipped,2024-04-14,High
53339,571,Starter,South,342.04,completed,2024-04-14,High
53340,412,Enterprise,West,48.16,cancelled,2024-04-14,High
53341,614,Mid-Market,South,222.1,shipped,2024-04-14,High
53342,12,Enterprise,North,64.74,completed,2024-04-14,High
53343,422,SMB,East,266.42,completed,2024-04-14,High
53344,325,Enterprise,West,33.9,completed,2024-04-14,High
53345,13,SMB,Central,226.63,shipped,2024-04-14,High
53346,151,Enterprise,East,30.49,shipped,2024-04-14,High
53347,864,Starter,West,103.84,completed,2024-04-14,High
53348,509,Enterprise,Central,213.64,completed,2024-04-14,High
53349,546,Starter,South,43.53,completed,2024-04-14,High
53350,352,SMB,West,65.46,completed,2024-04-14,High
53351,764,SMB,East,315.11,completed,2024-04-14,High
53352,368,Enterprise,South,339.58,completed,2024-04-14,High
53353,454,Enterprise,South,21.9,completed,2024-04-14,High
53354,492,Starter,East,42.6,completed,2024-04-14,High
53355,858,Starter,East,33.74,completed,2024-04-14,High
53356,681,SMB,North,44.71,pending,2024-04-14,High
53357,289,Starter,East,541.93,completed,2024-04-14,High
53358,44,Enterprise,West,135.33,completed,2024-04-14,High
53359,414,Starter,South,109.7,completed,2024-04-14,High
53360,784,Starter,East,639.72,completed,2024-04-14,High
53361,193,Enterprise,Central,137.11,completed,2024-04-15,High
53362,632,SMB,Central,177.32,completed,2024-04-15,High
53363,409,Enterprise,Central,75.69,completed,2024-04-15,High
53364,53,Enterprise,South,87.22,shipped,2024-04-15,High
53365,314,Enterprise,East,150.36,completed,2024-04-15,High
53366,465,Enterprise,South,25.85,completed,2024-04-15,High
53367,390,SMB,West,59.33,completed,2024-04-15,High
53368,876,Mid-Market,East,47.87,completed,2024-04-15,High
53369,794,Starter,West,17.4,shipped,2024-04-15,High
53370,406,SMB,East,130.47,shipped,2024-04-15,High
53371,869,SMB,North,138.51,completed,2024-04-15,High
53372,631,SMB,East,87.66,completed,2024-04-15,High
53373,520,Mid-Market,West,61.95,pending,2024-04-15,High
53374,200,SMB,Central,173.36,completed,2024-04-15,High
53375,273,SMB,Central,36.69,completed,2024-04-15,High
53376,403,Starter,Central,124.66,completed,2024-04-15,High
53377,348,Mid-Market,North,234.2,completed,2024-04-15,High
53378,104,Starter,West,41.92,shipped,2024-04-15,High
53379,401,Mid-Market,Central,224.91,completed,2024-04-15,High
53380,43,Mid-Market,North,229.56,completed,2024-04-15,High
53381,785,Mid-Market,South,24.27,completed,2024-04-15,High
53382,396,Enterprise,South,17.84,pending,2024-04-15,High
53383,736,SMB,West,562.08,completed,2024-04-15,High
53384,127,SMB,North,47.24,shipped,2024-04-15,High
53385,607,Mid-Market,Central,274.01,completed,2024-04-15,High
53386,718,Enterprise,South,138.78,shipped,2024-04-15,High
53387,111,Starter,South,61.08,completed,2024-04-15,High
53388,216,Mid-Market,South,35.88,completed,2024-04-15,High
53389,267,Starter,West,117.98,completed,2024-04-15,High
53390,234,Starter,West,93.47,pending,2024-04-15,High
53391,813,Mid-Market,North,195.04,completed,2024-04-15,High
53392,562,Mid-Market,Central,366.77,completed,2024-04-15,High
53393,379,SMB,North,260.4,completed,2024-04-16,High
53394,569,Enterprise,South,63.12,completed,2024-04-16,High
53395,32,Mid-Market,North,331.71,shipped,2024-04-16,High
53396,587,Mid-Market,North,283.82,completed,2024-04-16,High
53397,413,Enterprise,South,412.05,shipped,2024-04-16,High
53398,19,Starter,South,107.06,completed,2024-04-16,High
53399,499,Enterprise,Central,234.53,cancelled,2024-04-16,High
53400,635,Mid-Market,West,149.35,completed,2024-04-16,High
53401,271,SMB,North,70.77,completed,2024-04-16,High
53402,390,SMB,West,793.58,completed,2024-04-16,High
53403,219,Starter,North,20.86,shipped,2024-04-16,High
53404,864,Starter,West,41.56,completed,2024-04-16,High
53405,884,Mid-Market,South,349.6,completed,2024-04-16,High
53406,267,Starter,West,24.37,pending,2024-04-16,High
53407,711,SMB,East,341.82,pending,2024-04-16,High
53408,222,Starter,South,203.41,shipped,2024-04-16,High
53409,817,Starter,North,20.61,completed,2024-04-16,High
53410,771,Mid-Market,North,99.14,completed,2024-04-16,High
53411,369,Mid-Market,South,225.65,shipped,2024-04-16,High
53412,573,Starter,West,146.24,completed,2024-04-16,High
53413,637,Starter,Central,427.03,completed,2024-04-16,High
53414,549,Starter,East,318.34,completed,2024-04-16,High
53415,638,Mid-Market,South,75.67,cancelled,2024-04-16,High
53416,184,SMB,North,28.26,completed,2024-04-16,High
53417,247,Starter,South,448.05,shipped,2024-04-16,High
53418,632,SMB,Central,124.25,completed,2024-04-16,High
53419,343,Mid-Market,West,26.6,shipped,2024-04-16,High
53420,232,Starter,Central,269.39,completed,2024-04-16,High
53421,226,Mid-Market,East,319.32,completed,2024-04-16,High
53422,113,Enterprise,South,168.01,completed,2024-04-16,High
53423,225,Starter,East,104.0,shipped,2024-04-16,High
53424,757,Starter,South,177.78,completed,2024-04-16,High
53425,38,Mid-Market,East,198.98,shipped,2024-04-17,High
53426,33,Mid-Market,East,350.28,completed,2024-04-17,High
53427,277,SMB,West,483.06,completed,2024-04-17,High
53428,785,Mid-Market,South,123.33,completed,2024-04-17,High
53429,175,Starter,Central,255.29,completed,2024-04-17,High
53430,440,Mid-Market,North,515.77,shipped,2024-04-17,High
53431,465,Enterprise,South,39.6,completed,2024-04-17,High
53432,237,Starter,South,17.77,cancelled,2024-04-17,High
53433,434,Mid-Market,West,319.84,cancelled,2024-04-17,High
53434,569,Enterprise,South,47.59,completed,2024-04-17,High
53435,173,Starter,North,21.51,completed,2024-04-17,High
53436,500,Enterprise,West,41.17,completed,2024-04-17,High
53437,763,Mid-Market,West,87.7,cancelled,2024-04-17,High
53438,544,Starter,South,52.13,completed,2024-04-17,High
53439,154,Starter,West,69.63,completed,2024-04-17,High
53440,640,Starter,West,570.11,shipped,2024-04-17,High
53441,354,Mid-Market,South,197.82,completed,2024-04-17,High
53442,381,Mid-Market,North,201.82,completed,2024-04-17,High
53443,194,Starter,North,29.92,completed,2024-04-17,High
53444,658,Starter,East,212.57,completed,2024-04-17,High
53445,69,Mid-Market,North,216.68,completed,2024-04-17,High
53446,237,Starter,South,176.71,completed,2024-04-17,High
53447,367,Enterprise,South,53.9,pending,2024-04-17,High
53448,431,Mid-Market,Central,97.5,completed,2024-04-17,High
53449,491,Starter,South,295.89,completed,2024-04-17,High
53450,682,Starter,East,181.39,completed,2024-04-17,High
53451,653,Starter,East,212.95,completed,2024-04-17,High
53452,710,Starter,South,147.78,completed,2024-04-17,High
53453,544,Starter,South,104.56,completed,2024-04-17,High
53454,313,Mid-Market,West,228.48,completed,2024-04-17,High
53455,850,Starter,South,25.55,completed,2024-04-17,High
53456,404,SMB,East,182.74,completed,2024-04-17,High
53457,533,Enterprise,Central,896.96,completed,2024-04-18,High
53458,596,Starter,East,242.25,completed,2024-04-18,High
53459,127,SMB,North,66.49,completed,2024-04-18,High
53460,366,Starter,South,63.82,completed,2024-04-18,High
53461,722,Mid-Market,West,180.04,completed,2024-04-18,High
53462,686,Starter,North,354.29,completed,2024-04-18,High
53463,651,Mid-Market,Central,144.39,completed,2024-04-18,High
53464,765,Mid-Market,North,127.43,shipped,2024-04-18,High
53465,533,Enterprise,Central,41.22,completed,2024-04-18,High
53466,66,Starter,Central,203.53,completed,2024-04-18,High
53467,894,Starter,South,196.75,completed,2024-04-18,High
53468,501,Starter,East,526.47,pending,2024-04-18,High
53469,655,Starter,West,68.54,completed,2024-04-18,High
53470,223,Mid-Market,West,226.86,shipped,2024-04-18,High
53471,602,Starter,South,100.39,shipped,2024-04-18,High
53472,645,Mid-Market,West,137.63,completed,2024-04-18,High
53473,663,Starter,East,269.29,completed,2024-04-18,High
53474,549,Starter,East,52.65,completed,2024-04-18,High
53475,249,Enterprise,Central,77.98,completed,2024-04-18,High
53476,773,Mid-Market,South,237.62,completed,2024-04-18,High
53477,277,SMB,West,141.76,shipped,2024-04-18,High
53478,783,Starter,South,29.55,completed,2024-04-18,High
53479,108,SMB,Central,99.37,completed,2024-04-18,High
53480,301,Mid-Market,North,147.51,shipped,2024-04-18,High
53481,536,Enterprise,East,375.39,completed,2024-04-18,High
53482,507,Enterprise,North,46.33,cancelled,2024-04-18,High
53483,441,Mid-Market,East,260.95,completed,2024-04-18,High
53484,611,Mid-Market,Central,36.0,completed,2024-04-18,High
53485,504,SMB,North,56.61,completed,2024-04-18,High
53486,727,Mid-Market,North,56.83,shipped,2024-04-18,High
53487,1008,,,329.92,completed,2024-04-18,High
53488,818,Starter,Central,48.29,pending,2024-04-18,High
53489,401,Mid-Market,Central,246.94,completed,2024-04-19,High
53490,111,Starter,South,107.93,pending,2024-04-19,High
53491,720,SMB,South,1065.44,shipped,2024-04-19,High
53492,305,SMB,East,289.04,pending,2024-04-19,High
53493,66,Starter,Central,216.89,completed,2024-04-19,High
53494,111,Starter,South,321.87,completed,2024-04-19,High
53495,618,Starter,Central,165.78,completed,2024-04-19,High
53496,830,Starter,South,293.35,completed,2024-04-19,High
53497,529,Mid-Market,East,60.39,completed,2024-04-19,High
53498,614,Mid-Market,South,30.42,shipped,2024-04-19,High
53499,657,Starter,West,158.54,completed,2024-04-19,High
53500,880,Mid-Market,Central,100.56,pending,2024-04-19,High
53501,504,SMB,North,98.38,completed,2024-04-19,High
53502,653,Starter,East,127.22,completed,2024-04-19,High
53503,113,Enterprise,South,82.27,completed,2024-04-19,High
53504,891,SMB,West,162.55,shipped,2024-04-19,High
53505,485,Starter,Central,19.66,completed,2024-04-19,High
53506,649,SMB,East,540.44,pending,2024-04-19,High
53507,58,Mid-Market,Central,402.96,completed,2024-04-19,High
53508,787,Starter,South,425.63,pending,2024-04-19,High
53509,137,Starter,Central,83.12,completed,2024-04-19,High
53510,250,SMB,West,128.86,completed,2024-04-19,High
53511,813,Mid-Market,North,477.29,completed,2024-04-19,High
53512,742,Starter,North,363.95,shipped,2024-04-19,High
53513,699,Mid-Market,Central,249.27,completed,2024-04-19,High
53514,852,SMB,East,93.47,pending,2024-04-19,High
53515,280,SMB,East,139.63,completed,2024-04-19,High
53516,311,Starter,East,251.19,shipped,2024-04-19,High
53517,191,Mid-Market,Central,62.83,completed,2024-04-19,High
53518,424,Starter,Central,162.71,completed,2024-04-19,High
53519,97,Starter,East,278.98,completed,2024-04-19,High
53520,363,Starter,North,199.37,pending,2024-04-19,High
53521,331,Starter,Central,112.94,cancelled,2024-04-20,High
53522,892,SMB,Central,146.78,completed,2024-04-20,High
53523,593,Mid-Market,Central,687.12,pending,2024-04-20,High
53524,610,Starter,North,153.19,completed,2024-04-20,High
53525,808,Enterprise,East,246.0,shipped,2024-04-20,High
53526,460,Mid-Market,Central,209.53,completed,2024-04-20,High
53527,802,Mid-Market,North,196.34,completed,2024-04-20,High
53528,113,Enterprise,South,204.01,completed,2024-04-20,High
53529,199,SMB,West,105.88,completed,2024-04-20,High
53530,868,Mid-Market,South,111.41,completed,2024-04-20,High
53531,285,Starter,Central,109.63,shipped,2024-04-20,High
53532,347,Starter,North,20.07,completed,2024-04-20,High
53533,252,Starter,East,56.38,pending,2024-04-20,High
53534,111,Starter,South,40.19,shipped,2024-04-20,High
53535,568,Starter,South,341.32,completed,2024-04-20,High
53536,69,Mid-Market,North,63.23,completed,2024-04-20,High
53537,602,Starter,South,37.35,completed,2024-04-20,High
53538,226,Mid-Market,East,34.14,pending,2024-04-20,High
53539,329,Starter,West,195.59,cancelled,2024-04-20,High
53540,843,Mid-Market,West,15.92,shipped,2024-04-20,High
53541,707,Starter,Central,110.6,completed,2024-04-20,High
53542,65,Starter,North,33.98,shipped,2024-04-20,High
53543,767,SMB,East,299.23,completed,2024-04-20,High
53544,664,Mid-Market,South,492.13,completed,2024-04-20,High
53545,321,Starter,West,493.23,completed,2024-04-20,High
53546,156,Mid-Market,North,102.5,pending,2024-04-20,High
53547,725,Starter,South,170.14,cancelled,2024-04-20,High
53548,278,Starter,East,152.33,completed,2024-04-20,High
53549,784,Starter,East,79.63,shipped,2024-04-20,High
53550,367,Enterprise,South,103.07,pending,2024-04-20,High
53551,649,SMB,East,24.97,completed,2024-04-20,High
53552,425,Mid-Market,Central,253.22,completed,2024-04-20,High
53553,778,SMB,Central,56.32,completed,2024-04-21,High
53554,798,Starter,North,107.57,completed,2024-04-21,High
53555,303,Starter,South,113.27,completed,2024-04-21,High
53556,383,Starter,West,138.39,completed,2024-04-21,High
53557,1019,,,270.46,shipped,2024-04-21,High
53558,597,Starter,West,191.59,completed,2024-04-21,High
53559,748,Starter,East,178.18,completed,2024-04-21,High
53560,193,Enterprise,Central,127.22,completed,2024-04-21,High
53561,40,Starter,East,30.13,completed,2024-04-21,High
53562,308,Starter,North,92.13,cancelled,2024-04-21,High
53563,102,Starter,North,488.09,completed,2024-04-21,High
53564,488,Starter,West,827.16,completed,2024-04-21,High
53565,109,Mid-Market,East,211.68,pending,2024-04-21,High
53566,698,Starter,Central,53.72,completed,2024-04-21,High
53567,182,Mid-Market,Central,31.12,shipped,2024-04-21,High
53568,332,SMB,South,95.36,completed,2024-04-21,High
53569,430,Mid-Market,South,306.29,completed,2024-04-21,High
53570,800,Enterprise,North,206.95,pending,2024-04-21,High
53571,497,Starter,North,337.99,completed,2024-04-21,High
53572,708,SMB,South,158.48,completed,2024-04-21,High
53573,221,Starter,North,35.95,completed,2024-04-21,High
53574,489,Enterprise,Central,33.29,completed,2024-04-21,High
53575,604,Mid-Market,Central,22.38,pending,2024-04-21,High
53576,360,Starter,North,140.58,shipped,2024-04-21,High
53577,48,Starter,South,56.74,completed,2024-04-21,High
53578,700,Starter,West,213.86,completed,2024-04-21,High
53579,360,Starter,North,188.87,shipped,2024-04-21,High
53580,188,Starter,East,72.43,pending,2024-04-21,High
53581,561,SMB,Central,44.18,completed,2024-04-21,High
53582,164,Starter,Central,31.2,pending,2024-04-21,High
53583,534,Starter,North,215.52,completed,2024-04-21,High
53584,75,SMB,Central,104.8,completed,2024-04-21,High
53585,190,Mid-Market,North,73.63,cancelled,2024-04-22,High
53586,383,Starter,West,306.37,completed,2024-04-22,High
53587,65,Starter,North,150.07,completed,2024-04-22,High
53588,700,Starter,West,124.47,completed,2024-04-22,High
53589,265,SMB,South,219.02,completed,2024-04-22,High
53590,76,SMB,North,268.58,completed,2024-04-22,High
53591,443,Starter,West,188.79,shipped,2024-04-22,High
53592,155,Enterprise,South,101.97,completed,2024-04-22,High
53593,319,Mid-Market,South,86.54,completed,2024-04-22,High
53594,702,Mid-Market,South,236.54,completed,2024-04-22,High
53595,567,Starter,South,124.44,completed,2024-04-22,High
53596,500,Enterprise,West,197.81,completed,2024-04-22,High
53597,720,SMB,South,346.64,completed,2024-04-22,High
53598,296,Starter,West,386.35,completed,2024-04-22,High
53599,495,Starter,South,63.8,cancelled,2024-04-22,High
53600,125,Mid-Market,West,46.22,completed,2024-04-22,High
53601,362,Starter,Central,60.43,pending,2024-04-22,High
53602,182,Mid-Market,Central,223.77,completed,2024-04-22,High
53603,827,Starter,South,84.32,shipped,2024-04-22,High
53604,93,SMB,South,43.56,completed,2024-04-22,High
53605,846,Starter,South,30.54,shipped,2024-04-22,High
53606,438,SMB,West,74.47,completed,2024-04-22,High
53607,258,Starter,East,36.95,cancelled,2024-04-22,High
53608,835,Starter,East,40.51,completed,2024-04-22,High
53609,1,Starter,West,187.75,shipped,2024-04-22,High
53610,841,Mid-Market,East,17.99,pending,2024-04-22,High
53611,206,Mid-Market,South,33.76,shipped,2024-04-22,High
53612,670,Starter,Central,294.04,completed,2024-04-22,High
53613,225,Starter,East,294.57,completed,2024-04-22,High
53614,131,Starter,East,74.9,pending,2024-04-22,High
53615,1014,,,28.81,completed,2024-04-22,High
53616,547,Mid-Market,Central,198.1,completed,2024-04-22,High
53617,122,SMB,North,81.97,completed,2024-04-23,High
53618,321,Starter,West,21.98,completed,2024-04-23,High
53619,471,Mid-Market,North,40.77,completed,2024-04-23,High
53620,714,Starter,South,37.14,completed,2024-04-23,High
53621,205,Starter,East,148.42,completed,2024-04-23,High
53622,290,Starter,North,357.59,completed,2024-04-23,High
53623,660,Starter,West,251.31,completed,2024-04-23,High
53624,138,SMB,Central,133.62,shipped,2024-04-23,High
53625,704,Mid-Market,South,97.27,completed,2024-04-23,High
53626,540,Mid-Market,Central,159.62,completed,2024-04-23,High
53627,329,Starter,West,103.0,completed,2024-04-23,High
53628,613,Starter,West,57.37,cancelled,2024-04-23,High
53629,656,Mid-Market,North,185.54,completed,2024-04-23,High
53630,528,Starter,North,324.82,completed,2024-04-23,High
53631,61,Starter,East,84.99,completed,2024-04-23,High
53632,452,Starter,East,291.34,completed,2024-04-23,High
53633,248,Enterprise,South,99.6,completed,2024-04-23,High
53634,74,SMB,West,91.96,shipped,2024-04-23,High
53635,171,Starter,Central,19.31,completed,2024-04-23,High
53636,63,SMB,West,193.25,completed,2024-04-23,High
53637,22,Mid-Market,East,262.15,completed,2024-04-23,High
53638,365,Enterprise,West,178.4,pending,2024-04-23,High
53639,572,SMB,North,39.62,completed,2024-04-23,High
53640,74,SMB,West,31.35,completed,2024-04-23,High
53641,77,SMB,North,142.6,completed,2024-04-23,High
53642,25,Starter,Central,92.0,completed,2024-04-23,High
53643,375,Mid-Market,East,99.08,shipped,2024-04-23,High
53644,33,Mid-Market,East,530.37,completed,2024-04-23,High
53645,872,Starter,West,208.06,completed,2024-04-23,High
53646,17,Starter,South,94.6,completed,2024-04-23,High
53647,307,Starter,North,17.89,completed,2024-04-23,High
53648,332,SMB,South,20.2,completed,2024-04-23,High
53649,629,Mid-Market,South,188.18,pending,2024-04-24,High
53650,407,Starter,West,287.78,completed,2024-04-24,High
53651,78,Mid-Market,East,199.5,completed,2024-04-24,High
53652,144,Starter,East,93.1,completed,2024-04-24,High
53653,425,Mid-Market,Central,19.74,shipped,2024-04-24,High
53654,179,Enterprise,East,528.52,completed,2024-04-24,High
53655,240,Mid-Market,North,658.95,cancelled,2024-04-24,High
53656,94,Starter,Central,134.56,completed,2024-04-24,High
53657,383,Starter,West,25.99,completed,2024-04-24,High
53658,630,Starter,North,131.8,completed,2024-04-24,High
53659,833,Mid-Market,North,349.31,completed,2024-04-24,High
53660,10,SMB,East,185.91,completed,2024-04-24,High
53661,25,Starter,Central,205.94,completed,2024-04-24,High
53662,363,Starter,North,28.32,completed,2024-04-24,High
53663,406,SMB,East,31.89,completed,2024-04-24,High
53664,339,Starter,East,35.43,completed,2024-04-24,High
53665,372,Mid-Market,South,367.1,completed,2024-04-24,High
53666,890,Mid-Market,West,126.93,shipped,2024-04-24,High
53667,813,Mid-Market,North,250.23,completed,2024-04-24,High
53668,856,Mid-Market,North,33.37,shipped,2024-04-24,High
53669,1007,,,408.92,completed,2024-04-24,High
53670,229,SMB,South,273.17,completed,2024-04-24,High
53671,303,Starter,South,53.19,cancelled,2024-04-24,High
53672,324,Starter,West,325.94,completed,2024-04-24,High
53673,19,Starter,South,60.87,completed,2024-04-24,High
53674,339,Starter,East,49.48,completed,2024-04-24,High
53675,262,Enterprise,South,61.03,completed,2024-04-24,High
53676,195,Starter,Central,376.12,shipped,2024-04-24,High
53677,475,Starter,West,385.81,pending,2024-04-24,High
53678,833,Mid-Market,North,74.85,completed,2024-04-24,High
53679,734,Starter,Central,198.34,completed,2024-04-24,High
53680,1,Starter,West,183.93,shipped,2024-04-24,High
53681,669,Mid-Market,East,261.42,completed,2024-04-25,High
53682,56,Enterprise,South,67.76,completed,2024-04-25,High
53683,113,Enterprise,South,122.04,completed,2024-04-25,High
53684,68,SMB,West,180.25,completed,2024-04-25,High
53685,189,Starter,East,18.99,shipped,2024-04-25,High
53686,118,Mid-Market,South,85.92,completed,2024-04-25,High
53687,262,Enterprise,South,193.55,completed,2024-04-25,High
53688,69,Mid-Market,North,58.67,completed,2024-04-25,High
53689,140,Enterprise,North,489.46,shipped,2024-04-25,High
53690,702,Mid-Market,South,19.59,completed,2024-04-25,High
53691,195,Starter,Central,490.82,shipped,2024-04-25,High
53692,771,Mid-Market,North,51.65,shipped,2024-04-25,High
53693,756,SMB,West,22.51,completed,2024-04-25,High
53694,544,Starter,South,66.9,completed,2024-04-25,High
53695,139,Starter,North,246.46,completed,2024-04-25,High
53696,395,Starter,West,224.42,shipped,2024-04-25,High
53697,512,Starter,Central,50.14,pending,2024-04-25,High
53698,591,Mid-Market,Central,47.87,completed,2024-04-25,High
53699,292,Mid-Market,East,169.33,completed,2024-04-25,High
53700,551,Starter,West,106.9,completed,2024-04-25,High
53701,384,SMB,South,250.74,shipped,2024-04-25,High
53702,343,Mid-Market,West,18.66,completed,2024-04-25,High
53703,618,Starter,Central,156.4,completed,2024-04-25,High
53704,799,Starter,South,211.77,completed,2024-04-25,High
53705,720,SMB,South,767.79,completed,2024-04-25,High
53706,30,Mid-Market,East,185.35,completed,2024-04-25,High
53707,649,SMB,East,54.56,completed,2024-04-25,High
53708,574,Starter,East,32.17,completed,2024-04-25,High
53709,387,Starter,East,168.63,completed,2024-04-25,High
53710,641,Mid-Market,Central,126.09,pending,2024-04-25,High
53711,293,SMB,East,359.11,completed,2024-04-25,High
53712,43,Mid-Market,North,209.53,completed,2024-04-25,High
53713,847,Mid-Market,West,121.92,completed,2024-04-26,High
53714,239,Starter,East,92.52,completed,2024-04-26,High
53715,259,Starter,North,92.72,completed,2024-04-26,High
53716,327,Starter,North,53.49,cancelled,2024-04-26,High
53717,173,Starter,North,17.62,completed,2024-04-26,High
53718,84,Mid-Market,North,143.32,completed,2024-04-26,High
53719,540,Mid-Market,Central,50.82,completed,2024-04-26,High
53720,511,Starter,West,50.04,completed,2024-04-26,High
53721,567,Starter,South,35.1,completed,2024-04-26,High
53722,768,SMB,North,46.53,pending,2024-04-26,High
53723,261,Starter,East,19.85,completed,2024-04-26,High
53724,412,Enterprise,West,183.24,completed,2024-04-26,High
53725,790,Enterprise,South,91.97,cancelled,2024-04-26,High
53726,361,Starter,North,138.67,completed,2024-04-26,High
53727,120,Starter,Central,166.99,completed,2024-04-26,High
53728,226,Mid-Market,East,553.95,completed,2024-04-26,High
53729,728,SMB,East,25.61,completed,2024-04-26,High
53730,421,SMB,South,96.17,completed,2024-04-26,High
53731,207,Mid-Market,South,57.33,shipped,2024-04-26,High
53732,417,Starter,North,112.14,shipped,2024-04-26,High
53733,747,Starter,South,394.75,shipped,2024-04-26,High
53734,772,SMB,West,208.09,completed,2024-04-26,High
53735,1005,,,177.68,shipped,2024-04-26,High
53736,586,Mid-Market,South,102.31,completed,2024-04-26,High
53737,1,Starter,West,181.81,completed,2024-04-26,High
53738,277,SMB,West,19.94,completed,2024-04-26,High
53739,728,SMB,East,147.37,completed,2024-04-26,High
53740,66,Starter,Central,136.04,pending,2024-04-26,High
53741,443,Starter,West,78.84,completed,2024-04-26,High
53742,866,Starter,South,48.76,shipped,2024-04-26,High
53743,495,Starter,South,262.19,completed,2024-04-26,High
53744,1016,,,23.31,completed,2024-04-26,High
53745,330,Mid-Market,Central,25.83,completed,2024-04-27,High
53746,871,Starter,North,102.11,completed,2024-04-27,High
53747,791,Mid-Market,West,58.66,shipped,2024-04-27,High
53748,505,Starter,West,220.24,completed,2024-04-27,High
53749,654,SMB,Central,165.85,cancelled,2024-04-27,High
53750,559,SMB,Central,237.11,completed,2024-04-27,High
53751,144,Starter,East,73.89,completed,2024-04-27,High
53752,582,Enterprise,North,217.36,completed,2024-04-27,High
53753,836,Starter,East,312.41,shipped,2024-04-27,High
53754,300,Mid-Market,North,78.53,completed,2024-04-27,High
53755,590,Mid-Market,North,77.3,completed,2024-04-27,High
53756,156,Mid-Market,North,360.31,completed,2024-04-27,High
53757,797,Enterprise,Central,22.66,completed,2024-04-27,High
53758,359,Enterprise,North,79.66,completed,2024-04-27,High
53759,74,SMB,West,33.95,completed,2024-04-27,High
53760,313,Mid-Market,West,19.41,completed,2024-04-27,High
53761,310,Starter,Central,32.96,completed,2024-04-27,High
53762,742,Starter,North,99.65,completed,2024-04-27,High
53763,553,Starter,Central,189.21,completed,2024-04-27,High
53764,807,Enterprise,West,66.22,completed,2024-04-27,High
53765,28,Starter,East,299.24,completed,2024-04-27,High
53766,537,SMB,West,101.34,completed,2024-04-27,High
53767,434,Mid-Market,West,532.38,completed,2024-04-27,High
53768,868,Mid-Market,South,477.38,completed,2024-04-27,High
53769,756,SMB,West,237.6,completed,2024-04-27,High
53770,579,Starter,East,419.13,completed,2024-04-27,High
53771,455,Mid-Market,Central,199.19,completed,2024-04-27,High
53772,849,Starter,South,353.9,completed,2024-04-27,High
53773,298,Mid-Market,Central,55.47,shipped,2024-04-27,High
53774,784,Starter,East,78.56,completed,2024-04-27,High
53775,844,Enterprise,Central,224.71,completed,2024-04-27,High
53776,614,Mid-Market,South,97.89,completed,2024-04-27,High
53777,683,Mid-Market,West,287.4,completed,2024-04-28,High
53778,720,SMB,South,330.12,completed,2024-04-28,High
53779,50,Mid-Market,Central,68.44,shipped,2024-04-28,High
53780,515,Mid-Market,West,275.12,completed,2024-04-28,High
53781,629,Mid-Market,South,40.13,cancelled,2024-04-28,High
53782,182,Mid-Market,Central,76.01,completed,2024-04-28,High
53783,230,Starter,West,124.46,shipped,2024-04-28,High
53784,588,Mid-Market,North,53.51,shipped,2024-04-28,High
53785,467,Starter,South,144.86,completed,2024-04-28,High
53786,353,Starter,North,144.66,completed,2024-04-28,High
53787,141,Enterprise,West,49.77,completed,2024-04-28,High
53788,407,Starter,West,253.18,pending,2024-04-28,High
53789,563,Mid-Market,South,164.81,completed,2024-04-28,High
53790,795,Mid-Market,Central,72.36,completed,2024-04-28,High
53791,596,Starter,East,54.63,completed,2024-04-28,High
53792,867,Mid-Market,North,331.49,completed,2024-04-28,High
53793,1006,,,285.95,pending,2024-04-28,High
53794,683,Mid-Market,West,54.16,completed,2024-04-28,High
53795,442,Enterprise,North,20.44,completed,2024-04-28,High
53796,547,Mid-Market,Central,259.85,completed,2024-04-28,High
53797,472,Enterprise,West,158.38,completed,2024-04-28,High
53798,372,Mid-Market,South,30.95,shipped,2024-04-28,High
53799,769,Starter,West,147.78,pending,2024-04-28,High
53800,190,Mid-Market,North,105.27,completed,2024-04-28,High
53801,83,Starter,Central,238.45,completed,2024-04-28,High
53802,325,Enterprise,West,50.18,pending,2024-04-28,High
53803,524,SMB,Central,105.54,completed,2024-04-28,High
53804,781,Starter,West,40.48,completed,2024-04-28,High
53805,210,Mid-Market,South,488.83,completed,2024-04-28,High
53806,851,Mid-Market,Central,241.26,completed,2024-04-28,High
53807,368,Enterprise,South,215.18,completed,2024-04-28,High
53808,318,Mid-Market,West,190.78,cancelled,2024-04-28,High
53809,776,Mid-Market,West,97.57,completed,2024-04-29,High
53810,427,Starter,West,400.14,completed,2024-04-29,High
53811,172,Mid-Market,Central,26.36,completed,2024-04-29,High
53812,241,Enterprise,West,258.88,shipped,2024-04-29,High
53813,686,Starter,North,51.36,completed,2024-04-29,High
53814,885,SMB,West,73.74,completed,2024-04-29,High
53815,75,SMB,Central,124.92,completed,2024-04-29,High
53816,793,Starter,South,243.94,shipped,2024-04-29,High
53817,204,SMB,North,288.52,completed,2024-04-29,High
53818,804,Starter,West,146.46,completed,2024-04-29,High
53819,851,Mid-Market,Central,92.38,completed,2024-04-29,High
53820,355,Mid-Market,South,454.22,completed,2024-04-29,High
53821,429,Starter,Central,57.46,cancelled,2024-04-29,High
53822,379,SMB,North,258.75,completed,2024-04-29,High
53823,779,SMB,South,157.03,completed,2024-04-29,High
53824,20,Starter,Central,85.96,completed,2024-04-29,High
53825,785,Mid-Market,South,15.21,completed,2024-04-29,High
53826,709,Starter,North,103.75,completed,2024-04-29,High
53827,206,Mid-Market,South,63.59,shipped,2024-04-29,High
53828,304,Starter,West,31.53,completed,2024-04-29,High
53829,548,Starter,North,26.72,completed,2024-04-29,High
53830,302,Starter,West,79.06,cancelled,2024-04-29,High
53831,7,Mid-Market,South,158.08,completed,2024-04-29,High
53832,243,Enterprise,South,287.58,completed,2024-04-29,High
53833,138,SMB,Central,45.42,completed,2024-04-29,High
53834,143,Starter,South,97.91,shipped,2024-04-29,High
53835,131,Starter,East,89.63,completed,2024-04-29,High
53836,519,Enterprise,Central,123.05,completed,2024-04-29,High
53837,104,Starter,West,263.78,completed,2024-04-29,High
53838,177,Starter,East,136.0,completed,2024-04-29,High
53839,536,Enterprise,East,296.26,completed,2024-04-29,High
53840,329,Starter,West,124.64,completed,2024-04-29,High
53841,701,Starter,North,153.89,completed,2024-04-30,High
53842,313,Mid-Market,West,101.27,completed,2024-04-30,High
53843,734,Starter,Central,274.82,pending,2024-04-30,High
53844,749,Enterprise,South,401.21,completed,2024-04-30,High
53845,69,Mid-Market,North,167.89,completed,2024-04-30,High
53846,474,SMB,North,272.87,completed,2024-04-30,High
53847,10,SMB,East,24.12,completed,2024-04-30,High
53848,436,SMB,West,369.85,completed,2024-04-30,High
53849,340,Mid-Market,Central,46.41,completed,2024-04-30,High
53850,791,Mid-Market,West,59.46,completed,2024-04-30,High
53851,598,Mid-Market,South,23.22,completed,2024-04-30,High
53852,865,Starter,South,519.59,completed,2024-04-30,High
53853,436,SMB,West,301.59,completed,2024-04-30,High
53854,362,Starter,Central,381.6,completed,2024-04-30,High
53855,889,Mid-Market,West,296.81,completed,2024-04-30,High
53856,852,SMB,East,112.95,completed,2024-04-30,High
53857,36,SMB,Central,401.72,pending,2024-04-30,High
53858,612,SMB,North,538.37,pending,2024-04-30,High
53859,150,Starter,North,119.74,completed,2024-04-30,High
53860,734,Starter,Central,43.97,completed,2024-04-30,High
53861,480,Starter,North,176.21,completed,2024-04-30,High
53862,149,Mid-Market,Central,570.98,completed,2024-04-30,High
53863,60,Starter,South,323.53,cancelled,2024-04-30,High
53864,673,Mid-Market,South,311.87,completed,2024-04-30,High
53865,371,Mid-Market,South,422.3,completed,2024-04-30,High
53866,391,Enterprise,South,351.58,pending,2024-04-30,High
53867,145,Starter,North,239.61,completed,2024-04-30,High
53868,333,Mid-Market,East,205.02,completed,2024-04-30,High
53869,756,SMB,West,61.14,completed,2024-04-30,High
53870,268,SMB,North,160.67,completed,2024-04-30,High
53871,113,Enterprise,South,125.56,completed,2024-04-30,High
53872,192,SMB,East,312.01,shipped,2024-04-30,High
53873,162,Starter,West,116.51,completed,2024-05-01,High
53874,1008,,,35.5,completed,2024-05-01,High
53875,662,Enterprise,Central,15.75,pending,2024-05-01,High
53876,127,SMB,North,184.92,completed,2024-05-01,High
53877,789,Starter,East,134.75,completed,2024-05-01,High
53878,116,SMB,North,75.29,completed,2024-05-01,High
53879,729,Mid-Market,West,42.76,completed,2024-05-01,High
53880,460,Mid-Market,Central,109.3,completed,2024-05-01,High
53881,568,Starter,South,30.85,shipped,2024-05-01,High
53882,383,Starter,West,76.45,completed,2024-05-01,High
53883,774,Starter,West,86.51,completed,2024-05-01,High
53884,506,Mid-Market,West,109.0,completed,2024-05-01,High
53885,210,Mid-Market,South,109.28,pending,2024-05-01,High
53886,213,Starter,Central,59.56,completed,2024-05-01,High
53887,899,Mid-Market,South,299.78,pending,2024-05-01,High
53888,345,Starter,East,80.9,completed,2024-05-01,High
53889,330,Mid-Market,Central,54.12,shipped,2024-05-01,High
53890,245,Mid-Market,South,44.0,pending,2024-05-01,High
53891,573,Starter,West,73.42,shipped,2024-05-01,High
53892,104,Starter,West,25.49,completed,2024-05-01,High
53893,623,Starter,East,20.02,completed,2024-05-01,High
53894,820,Starter,West,154.38,completed,2024-05-01,High
53895,127,SMB,North,159.8,completed,2024-05-01,High
53896,77,SMB,North,128.12,shipped,2024-05-01,High
53897,814,Enterprise,Central,230.5,completed,2024-05-01,High
53898,729,Mid-Market,West,20.99,completed,2024-05-01,High
53899,223,Mid-Market,West,427.27,completed,2024-05-01,High
53900,245,Mid-Market,South,29.98,completed,2024-05-01,High
53901,79,Starter,Central,183.14,completed,2024-05-01,High
53902,638,Mid-Market,South,36.48,completed,2024-05-01,High
53903,602,Starter,South,332.92,shipped,2024-05-01,High
53904,496,Starter,West,122.22,completed,2024-05-01,High
53905,650,Starter,East,27.88,completed,2024-05-02,High
53906,379,SMB,North,158.85,completed,2024-05-02,High
53907,330,Mid-Market,Central,16.37,pending,2024-05-02,High
53908,206,Mid-Market,South,239.43,completed,2024-05-02,High
53909,345,Starter,East,172.72,completed,2024-05-02,High
53910,314,Enterprise,East,50.86,completed,2024-05-02,High
53911,721,Enterprise,East,85.44,completed,2024-05-02,High
53912,3,SMB,Central,16.18,completed,2024-05-02,High
53913,58,Mid-Market,Central,192.47,shipped,2024-05-02,High
53914,220,SMB,North,73.44,completed,2024-05-02,High
53915,308,Starter,North,142.15,completed,2024-05-02,High
53916,746,SMB,Central,486.04,completed,2024-05-02,High
53917,1016,,,68.39,completed,2024-05-02,High
53918,235,Mid-Market,West,709.39,completed,2024-05-02,High
53919,391,Enterprise,South,165.25,shipped,2024-05-02,High
53920,757,Starter,South,56.58,completed,2024-05-02,High
53921,821,SMB,South,101.11,completed,2024-05-02,High
53922,631,SMB,East,217.32,completed,2024-05-02,High
53923,82,Starter,South,103.72,shipped,2024-05-02,High
53924,142,Starter,Central,25.65,completed,2024-05-02,High
53925,831,Mid-Market,East,42.7,completed,2024-05-02,High
53926,278,Starter,East,250.03,completed,2024-05-02,High
53927,868,Mid-Market,South,171.78,cancelled,2024-05-02,High
53928,877,SMB,East,141.53,completed,2024-05-02,High
53929,65,Starter,North,42.52,completed,2024-05-02,High
53930,485,Starter,Central,287.8,shipped,2024-05-02,High
53931,180,Mid-Market,South,500.63,completed,2024-05-02,High
53932,499,Enterprise,Central,21.26,completed,2024-05-02,High
53933,550,SMB,South,27.19,completed,2024-05-02,High
53934,327,Starter,North,339.06,completed,2024-05-02,High
53935,401,Mid-Market,Central,268.56,completed,2024-05-02,High
53936,710,Starter,South,159.32,cancelled,2024-05-02,High
53937,836,Starter,East,449.97,shipped,2024-05-03,High
53938,645,Mid-Market,West,170.95,shipped,2024-05-03,High
53939,458,Starter,Central,51.5,completed,2024-05-03,High
53940,658,Starter,East,210.65,completed,2024-05-03,High
53941,895,Starter,Central,170.65,completed,2024-05-03,High
53942,887,Starter,West,652.59,completed,2024-05-03,High
53943,744,Starter,South,51.1,completed,2024-05-03,High
53944,89,SMB,North,151.65,completed,2024-05-03,High
53945,495,Starter,South,242.23,completed,2024-05-03,High
53946,611,Mid-Market,Central,77.1,completed,2024-05-03,High
53947,190,Mid-Market,North,86.63,cancelled,2024-05-03,High
53948,584,Starter,West,343.26,completed,2024-05-03,High
53949,356,Starter,West,92.68,completed,2024-05-03,High
53950,858,Starter,East,162.02,completed,2024-05-03,High
53951,164,Starter,Central,345.06,completed,2024-05-03,High
53952,557,Mid-Market,West,50.33,completed,2024-05-03,High
53953,602,Starter,South,616.59,completed,2024-05-03,High
53954,381,Mid-Market,North,196.58,completed,2024-05-03,High
53955,82,Starter,South,117.81,completed,2024-05-03,High
53956,70,Enterprise,West,99.56,shipped,2024-05-03,High
53957,433,Starter,Central,478.06,completed,2024-05-03,High
53958,880,Mid-Market,Central,49.55,completed,2024-05-03,High
53959,408,Mid-Market,Central,71.03,completed,2024-05-03,High
53960,514,SMB,North,70.18,completed,2024-05-03,High
53961,842,Starter,East,66.16,shipped,2024-05-03,High
53962,672,SMB,East,109.82,completed,2024-05-03,High
53963,416,Starter,Central,693.94,completed,2024-05-03,High
53964,238,Mid-Market,West,344.45,completed,2024-05-03,High
53965,486,Enterprise,North,74.61,shipped,2024-05-03,High
53966,104,Starter,West,97.45,completed,2024-05-03,High
53967,722,Mid-Market,West,181.06,pending,2024-05-03,High
53968,815,SMB,West,17.6,completed,2024-05-03,High
53969,403,Starter,Central,272.35,shipped,2024-05-04,High
53970,168,Mid-Market,West,332.79,pending,2024-05-04,High
53971,118,Mid-Market,South,306.95,completed,2024-05-04,High
53972,472,Enterprise,West,85.51,completed,2024-05-04,High
53973,339,Starter,East,107.98,completed,2024-05-04,High
53974,824,Starter,North,16.87,completed,2024-05-04,High
53975,338,SMB,South,91.47,completed,2024-05-04,High
53976,21,Starter,North,107.55,completed,2024-05-04,High
53977,355,Mid-Market,South,371.23,completed,2024-05-04,High
53978,252,Starter,East,351.63,completed,2024-05-04,High
53979,887,Starter,West,522.64,completed,2024-05-04,High
53980,20,Starter,Central,339.56,completed,2024-05-04,High
53981,201,Starter,East,16.24,completed,2024-05-04,High
53982,433,Starter,Central,168.86,shipped,2024-05-04,High
53983,627,Starter,East,25.6,pending,2024-05-04,High
53984,621,Mid-Market,North,62.74,pending,2024-05-04,High
53985,278,Starter,East,144.52,completed,2024-05-04,High
53986,528,Starter,North,195.9,completed,2024-05-04,High
53987,835,Starter,East,174.47,completed,2024-05-04,High
53988,252,Starter,East,22.55,completed,2024-05-04,High
53989,93,SMB,South,31.41,completed,2024-05-04,High
53990,530,SMB,Central,35.65,completed,2024-05-04,High
53991,31,Starter,South,29.38,shipped,2024-05-04,High
53992,696,Starter,South,44.45,completed,2024-05-04,High
53993,852,SMB,East,189.95,completed,2024-05-04,High
53994,820,Starter,West,281.53,shipped,2024-05-04,High
53995,880,Mid-Market,Central,93.84,completed,2024-05-04,High
53996,414,Starter,South,192.03,completed,2024-05-04,High
53997,160,SMB,East,48.47,completed,2024-05-04,High
53998,488,Starter,West,558.35,shipped,2024-05-04,High
53999,188,Starter,East,79.62,completed,2024-05-04,High
54000,445,SMB,Central,295.49,completed,2024-05-04,High
54001,624,Starter,West,451.07,completed,2024-05-05,High
54002,191,Mid-Market,Central,315.05,completed,2024-05-05,High
54003,623,Starter,East,25.41,completed,2024-05-05,High
54004,314,Enterprise,East,172.61,completed,2024-05-05,High
54005,179,Enterprise,East,34.19,completed,2024-05-05,High
54006,588,Mid-Market,North,15.85,completed,2024-05-05,High
54007,12,Enterprise,North,22.98,completed,2024-05-05,High
54008,22,Mid-Market,East,386.81,completed,2024-05-05,High
54009,247,Starter,South,373.65,completed,2024-05-05,High
54010,207,Mid-Market,South,53.39,completed,2024-05-05,High
54011,703,Starter,North,133.8,completed,2024-05-05,High
54012,588,Mid-Market,North,480.26,completed,2024-05-05,High
54013,688,Starter,Central,117.99,completed,2024-05-05,High
54014,584,Starter,West,90.03,pending,2024-05-05,High
54015,404,SMB,East,114.03,shipped,2024-05-05,High
54016,820,Starter,West,249.25,completed,2024-05-05,High
54017,331,Starter,Central,112.31,shipped,2024-05-05,High
54018,461,Mid-Market,North,244.37,completed,2024-05-05,High
54019,535,SMB,North,99.77,shipped,2024-05-05,High
54020,486,Enterprise,North,58.55,completed,2024-05-05,High
54021,352,SMB,West,74.28,completed,2024-05-05,High
54022,175,Starter,Central,27.15,completed,2024-05-05,High
54023,675,Starter,South,118.19,completed,2024-05-05,High
54024,415,Starter,East,39.04,completed,2024-05-05,High
54025,875,Mid-Market,West,265.34,completed,2024-05-05,High
54026,39,Starter,Central,96.86,completed,2024-05-05,High
54027,111,Starter,South,232.23,shipped,2024-05-05,High
54028,297,SMB,South,478.38,completed,2024-05-05,High
54029,354,Mid-Market,South,299.05,completed,2024-05-05,High
54030,291,Mid-Market,Central,468.82,shipped,2024-05-05,High
54031,317,Starter,Central,140.88,completed,2024-05-05,High
54032,685,Enterprise,Central,42.11,shipped,2024-05-05,High
54033,285,Starter,Central,425.92,completed,2024-05-06,High
54034,437,Mid-Market,West,319.32,completed,2024-05-06,High
54035,786,Enterprise,West,314.72,completed,2024-05-06,High
54036,656,Mid-Market,North,192.27,completed,2024-05-06,High
54037,554,Starter,West,162.09,completed,2024-05-06,High
54038,390,SMB,West,17.23,completed,2024-05-06,High
54039,129,Mid-Market,East,221.78,completed,2024-05-06,High
54040,687,Starter,South,29.4,completed,2024-05-06,High
54041,880,Mid-Market,Central,60.12,completed,2024-05-06,High
54042,230,Starter,West,135.27,completed,2024-05-06,High
54043,178,Starter,South,105.15,shipped,2024-05-06,High
54044,661,Starter,Central,17.39,completed,2024-05-06,High
54045,551,Starter,West,275.58,shipped,2024-05-06,High
54046,343,Mid-Market,West,331.55,completed,2024-05-06,High
54047,511,Starter,West,186.8,shipped,2024-05-06,High
54048,437,Mid-Market,West,131.83,completed,2024-05-06,High
54049,76,SMB,North,500.62,completed,2024-05-06,High
54050,487,Mid-Market,West,34.17,completed,2024-05-06,High
54051,864,Starter,West,215.86,completed,2024-05-06,High
54052,498,Mid-Market,North,35.61,completed,2024-05-06,High
54053,45,Starter,Central,87.15,completed,2024-05-06,High
54054,363,Starter,North,147.1,completed,2024-05-06,High
54055,772,SMB,West,215.39,completed,2024-05-06,High
54056,406,SMB,East,15.56,completed,2024-05-06,High
54057,139,Starter,North,60.29,completed,2024-05-06,High
54058,171,Starter,Central,130.89,completed,2024-05-06,High
54059,537,SMB,West,129.17,cancelled,2024-05-06,High
54060,685,Enterprise,Central,167.26,completed,2024-05-06,High
54061,237,Starter,South,69.33,completed,2024-05-06,High
54062,387,Starter,East,131.65,completed,2024-05-06,High
54063,354,Mid-Market,South,46.57,completed,2024-05-06,High
54064,864,Starter,West,46.03,completed,2024-05-06,High
54065,536,Enterprise,East,143.9,completed,2024-05-07,High
54066,108,SMB,Central,188.5,pending,2024-05-07,High
54067,679,Enterprise,West,34.24,completed,2024-05-07,High
54068,19,Starter,South,34.65,completed,2024-05-07,High
54069,879,Mid-Market,North,139.97,completed,2024-05-07,High
54070,774,Starter,West,62.23,completed,2024-05-07,High
54071,685,Enterprise,Central,89.74,completed,2024-05-07,High
54072,254,Starter,West,91.81,completed,2024-05-07,High
54073,879,Mid-Market,North,44.5,completed,2024-05-07,High
54074,698,Starter,Central,15.2,completed,2024-05-07,High
54075,740,Starter,Central,302.75,completed,2024-05-07,High
54076,367,Enterprise,South,203.29,cancelled,2024-05-07,High
54077,692,Starter,West,190.94,completed,2024-05-07,High
54078,756,SMB,West,133.62,completed,2024-05-07,High
54079,327,Starter,North,196.08,completed,2024-05-07,High
54080,674,Starter,West,426.6,completed,2024-05-07,High
54081,82,Starter,South,179.35,pending,2024-05-07,High
54082,335,Mid-Market,North,61.2,shipped,2024-05-07,High
54083,105,Enterprise,East,141.79,completed,2024-05-07,High
54084,762,Starter,North,102.6,completed,2024-05-07,High
54085,558,Mid-Market,South,136.93,completed,2024-05-07,High
54086,63,SMB,West,124.35,shipped,2024-05-07,High
54087,154,Starter,West,308.61,completed,2024-05-07,High
54088,520,Mid-Market,West,173.25,shipped,2024-05-07,High
54089,566,Starter,East,46.38,completed,2024-05-07,High
54090,129,Mid-Market,East,24.76,completed,2024-05-07,High
54091,75,SMB,Central,97.84,pending,2024-05-07,High
54092,317,Starter,Central,17.36,cancelled,2024-05-07,High
54093,453,Starter,East,72.47,completed,2024-05-07,High
54094,148,Starter,West,83.83,shipped,2024-05-07,High
54095,825,Starter,South,85.64,shipped,2024-05-07,High
54096,727,Mid-Market,North,597.01,shipped,2024-05-07,High
54097,196,Starter,South,69.34,cancelled,2024-05-08,High
54098,445,SMB,Central,61.23,completed,2024-05-08,High
54099,101,Mid-Market,South,35.78,completed,2024-05-08,High
54100,455,Mid-Market,Central,122.31,shipped,2024-05-08,High
54101,87,SMB,North,40.03,completed,2024-05-08,High
54102,305,SMB,East,158.68,completed,2024-05-08,High
54103,412,Enterprise,West,40.29,completed,2024-05-08,High
54104,314,Enterprise,East,143.94,shipped,2024-05-08,High
54105,735,Starter,East,277.54,completed,2024-05-08,High
54106,480,Starter,North,21.52,completed,2024-05-08,High
54107,382,Starter,South,96.64,completed,2024-05-08,High
54108,750,Starter,Central,107.72,completed,2024-05-08,High
54109,366,Starter,South,249.86,completed,2024-05-08,High
54110,191,Mid-Market,Central,109.64,completed,2024-05-08,High
54111,193,Enterprise,Central,140.74,completed,2024-05-08,High
54112,295,Mid-Market,South,249.96,shipped,2024-05-08,High
54113,571,Starter,South,138.06,completed,2024-05-08,High
54114,99,Mid-Market,East,81.55,pending,2024-05-08,High
54115,347,Starter,North,28.46,completed,2024-05-08,High
54116,438,SMB,West,211.35,cancelled,2024-05-08,High
54117,472,Enterprise,West,322.35,completed,2024-05-08,High
54118,634,Starter,South,541.31,completed,2024-05-08,High
54119,731,Mid-Market,North,406.77,completed,2024-05-08,High
54120,72,Mid-Market,South,254.49,completed,2024-05-08,High
54121,752,Enterprise,North,169.7,completed,2024-05-08,High
54122,547,Mid-Market,Central,243.12,completed,2024-05-08,High
54123,140,Enterprise,North,99.87,shipped,2024-05-08,High
54124,73,Mid-Market,North,150.5,completed,2024-05-08,High
54125,594,Starter,Central,79.32,cancelled,2024-05-08,High
54126,682,Starter,East,74.34,completed,2024-05-08,High
54127,407,Starter,West,227.01,cancelled,2024-05-08,High
54128,348,Mid-Market,North,105.75,completed,2024-05-08,High
54129,103,Starter,West,50.77,completed,2024-05-09,High
54130,505,Starter,West,48.84,completed,2024-05-09,High
54131,410,Mid-Market,Central,309.03,pending,2024-05-09,High
54132,22,Mid-Market,East,184.87,completed,2024-05-09,High
54133,573,Starter,West,133.46,completed,2024-05-09,High
54134,766,Starter,North,91.86,completed,2024-05-09,High
54135,376,Starter,Central,99.53,completed,2024-05-09,High
54136,50,Mid-Market,Central,23.87,completed,2024-05-09,High
54137,579,Starter,East,106.02,completed,2024-05-09,High
54138,654,SMB,Central,253.05,shipped,2024-05-09,High
54139,793,Starter,South,88.65,completed,2024-05-09,High
54140,865,Starter,South,87.57,pending,2024-05-09,High
54141,680,SMB,South,17.38,completed,2024-05-09,High
54142,128,SMB,Central,106.83,completed,2024-05-09,High
54143,266,SMB,Central,18.85,cancelled,2024-05-09,High
54144,434,Mid-Market,West,141.72,completed,2024-05-09,High
54145,245,Mid-Market,South,121.02,completed,2024-05-09,High
54146,293,SMB,East,289.9,shipped,2024-05-09,High
54147,136,Starter,East,145.76,completed,2024-05-09,High
54148,888,Mid-Market,Central,73.61,completed,2024-05-09,High
54149,722,Mid-Market,West,123.92,completed,2024-05-09,High
54150,251,Starter,West,195.45,completed,2024-05-09,High
54151,529,Mid-Market,East,29.8,completed,2024-05-09,High
54152,142,Starter,Central,160.56,completed,2024-05-09,High
54153,497,Starter,North,387.66,completed,2024-05-09,High
54154,753,Starter,East,68.31,shipped,2024-05-09,High
54155,8,SMB,North,162.78,completed,2024-05-09,High
54156,131,Starter,East,273.33,completed,2024-05-09,High
54157,871,Starter,North,122.56,completed,2024-05-09,High
54158,612,SMB,North,204.87,shipped,2024-05-09,High
54159,175,Starter,Central,70.88,pending,2024-05-09,High
54160,865,Starter,South,69.81,shipped,2024-05-09,High
54161,489,Enterprise,Central,180.21,shipped,2024-05-10,High
54162,111,Starter,South,198.33,completed,2024-05-10,High
54163,351,Starter,West,429.72,completed,2024-05-10,High
54164,761,Mid-Market,Central,53.2,completed,2024-05-10,High
54165,609,Starter,North,109.73,completed,2024-05-10,High
54166,576,Enterprise,West,58.26,completed,2024-05-10,High
54167,519,Enterprise,Central,27.52,completed,2024-05-10,High
54168,119,SMB,East,92.43,completed,2024-05-10,High
54169,731,Mid-Market,North,85.28,pending,2024-05-10,High
54170,71,SMB,North,62.3,completed,2024-05-10,High
54171,736,SMB,West,67.86,completed,2024-05-10,High
54172,134,Starter,North,82.04,completed,2024-05-10,High
54173,712,Starter,Central,689.28,completed,2024-05-10,High
54174,385,SMB,West,244.15,completed,2024-05-10,High
54175,451,SMB,South,26.11,completed,2024-05-10,High
54176,731,Mid-Market,North,323.84,completed,2024-05-10,High
54177,364,Starter,Central,165.48,completed,2024-05-10,High
54178,621,Mid-Market,North,346.9,completed,2024-05-10,High
54179,207,Mid-Market,South,77.72,completed,2024-05-10,High
54180,286,Mid-Market,Central,108.69,completed,2024-05-10,High
54181,167,Starter,Central,354.83,completed,2024-05-10,High
54182,803,Starter,West,62.74,completed,2024-05-10,High
54183,343,Mid-Market,West,385.65,shipped,2024-05-10,High
54184,187,SMB,North,279.48,completed,2024-05-10,High
54185,397,SMB,East,606.05,shipped,2024-05-10,High
54186,207,Mid-Market,South,73.79,cancelled,2024-05-10,High
54187,528,Starter,North,55.33,pending,2024-05-10,High
54188,829,SMB,Central,75.27,shipped,2024-05-10,High
54189,605,Mid-Market,North,479.0,shipped,2024-05-10,High
54190,815,SMB,West,75.76,completed,2024-05-10,High
54191,399,SMB,West,139.93,completed,2024-05-10,High
54192,1009,,,92.55,completed,2024-05-10,High
54193,274,Enterprise,East,90.68,completed,2024-05-11,High
54194,392,Starter,South,47.24,completed,2024-05-11,High
54195,408,Mid-Market,Central,130.53,completed,2024-05-11,High
54196,39,Starter,Central,298.97,cancelled,2024-05-11,High
54197,195,Starter,Central,22.61,completed,2024-05-11,High
54198,184,SMB,North,345.04,completed,2024-05-11,High
54199,827,Starter,South,179.26,completed,2024-05-11,High
54200,458,Starter,Central,158.86,completed,2024-05-11,High
54201,699,Mid-Market,Central,162.48,completed,2024-05-11,High
54202,896,Mid-Market,West,67.7,completed,2024-05-11,High
54203,638,Mid-Market,South,95.46,completed,2024-05-11,High
54204,900,Mid-Market,West,255.88,completed,2024-05-11,High
54205,825,Starter,South,69.87,completed,2024-05-11,High
54206,149,Mid-Market,Central,110.24,completed,2024-05-11,High
54207,54,SMB,East,17.97,completed,2024-05-11,High
54208,104,Starter,West,213.39,completed,2024-05-11,High
54209,73,Mid-Market,North,96.12,completed,2024-05-11,High
54210,234,Starter,West,126.78,completed,2024-05-11,High
54211,171,Starter,Central,33.27,completed,2024-05-11,High
54212,894,Starter,South,733.98,completed,2024-05-11,High
54213,177,Starter,East,69.03,completed,2024-05-11,High
54214,178,Starter,South,166.17,shipped,2024-05-11,High
54215,16,Mid-Market,North,145.57,completed,2024-05-11,High
54216,424,Starter,Central,245.63,shipped,2024-05-11,High
54217,212,Starter,South,67.19,completed,2024-05-11,High
54218,58,Mid-Market,Central,226.54,completed,2024-05-11,High
54219,558,Mid-Market,South,87.31,shipped,2024-05-11,High
54220,159,Mid-Market,East,94.44,pending,2024-05-11,High
54221,198,SMB,East,182.54,pending,2024-05-11,High
54222,283,Starter,West,245.07,completed,2024-05-11,High
54223,504,SMB,North,179.88,completed,2024-05-11,High
54224,737,Starter,East,360.21,pending,2024-05-11,High
54225,61,Starter,East,65.35,completed,2024-05-12,High
54226,112,Mid-Market,East,361.32,shipped,2024-05-12,High
54227,316,Starter,West,36.04,completed,2024-05-12,High
54228,25,Starter,Central,176.61,pending,2024-05-12,High
54229,756,SMB,West,133.99,pending,2024-05-12,High
54230,828,Starter,North,117.37,completed,2024-05-12,High
54231,376,Starter,Central,70.86,completed,2024-05-12,High
54232,859,Starter,South,120.1,completed,2024-05-12,High
54233,366,Starter,South,41.47,completed,2024-05-12,High
54234,336,Mid-Market,Central,84.14,completed,2024-05-12,High
54235,747,Starter,South,30.58,completed,2024-05-12,High
54236,118,Mid-Market,South,142.24,shipped,2024-05-12,High
54237,295,Mid-Market,South,30.1,cancelled,2024-05-12,High
54238,78,Mid-Market,East,41.21,completed,2024-05-12,High
54239,327,Starter,North,28.4,completed,2024-05-12,High
54240,407,Starter,West,87.02,shipped,2024-05-12,High
54241,185,Starter,East,291.73,pending,2024-05-12,High
54242,726,SMB,Central,371.11,shipped,2024-05-12,High
54243,680,SMB,South,26.19,completed,2024-05-12,High
54244,354,Mid-Market,South,165.99,pending,2024-05-12,High
54245,584,Starter,West,187.99,completed,2024-05-12,High
54246,560,Starter,North,129.46,pending,2024-05-12,High
54247,408,Mid-Market,Central,179.94,pending,2024-05-12,High
54248,194,Starter,North,54.93,pending,2024-05-12,High
54249,834,Mid-Market,North,115.9,completed,2024-05-12,High
54250,470,Enterprise,Central,89.36,pending,2024-05-12,Low
54251,22,Mid-Market,East,29.1,completed,2024-05-12,High
54252,235,Mid-Market,West,162.35,completed,2024-05-12,High
54253,284,Mid-Market,Central,117.54,shipped,2024-05-12,High
54254,287,Starter,East,63.27,completed,2024-05-12,High
54255,468,SMB,Central,111.28,completed,2024-05-12,High
54256,870,Enterprise,Central,238.95,shipped,2024-05-12,High
54257,481,Starter,West,257.66,shipped,2024-05-13,High
54258,54,SMB,East,172.27,shipped,2024-05-13,High
54259,572,SMB,North,109.6,completed,2024-05-13,High
54260,681,SMB,North,143.61,shipped,2024-05-13,High
54261,456,Starter,West,87.92,completed,2024-05-13,High
54262,217,Starter,Central,35.3,shipped,2024-05-13,High
54263,44,Enterprise,West,88.07,completed,2024-05-13,High
54264,109,Mid-Market,East,128.36,shipped,2024-05-13,High
54265,764,SMB,East,152.01,completed,2024-05-13,High
54266,206,Mid-Market,South,426.87,cancelled,2024-05-13,High
54267,378,Mid-Market,East,240.31,completed,2024-05-13,High
54268,771,Mid-Market,North,39.73,completed,2024-05-13,High
54269,658,Starter,East,43.71,completed,2024-05-13,High
54270,129,Mid-Market,East,30.89,shipped,2024-05-13,High
54271,20,Starter,Central,216.02,completed,2024-05-13,High
54272,226,Mid-Market,East,198.69,completed,2024-05-13,High
54273,560,Starter,North,659.24,completed,2024-05-13,High
54274,474,SMB,North,125.73,shipped,2024-05-13,High
54275,718,Enterprise,South,277.66,completed,2024-05-13,High
54276,900,Mid-Market,West,143.86,completed,2024-05-13,High
54277,115,Starter,South,325.82,completed,2024-05-13,High
54278,224,Starter,Central,206.49,shipped,2024-05-13,High
54279,185,Starter,East,169.45,completed,2024-05-13,High
54280,363,Starter,North,139.9,pending,2024-05-13,High
54281,593,Mid-Market,Central,207.54,pending,2024-05-13,High
54282,687,Starter,South,96.62,completed,2024-05-13,High
54283,322,SMB,North,30.23,completed,2024-05-13,High
54284,247,Starter,South,21.12,shipped,2024-05-13,High
54285,893,SMB,West,112.81,cancelled,2024-05-13,High
54286,356,Starter,West,152.18,shipped,2024-05-13,High
54287,650,Starter,East,27.32,completed,2024-05-13,High
54288,388,Mid-Market,East,65.72,completed,2024-05-13,High
54289,551,Starter,West,73.3,completed,2024-05-14,High
54290,54,SMB,East,139.1,completed,2024-05-14,High
54291,214,Mid-Market,Central,63.96,completed,2024-05-14,High
54292,201,Starter,East,30.08,completed,2024-05-14,High
54293,781,Starter,West,42.02,completed,2024-05-14,High
54294,830,Starter,South,43.66,completed,2024-05-14,High
54295,642,Starter,South,292.44,completed,2024-05-14,High
54296,302,Starter,West,65.18,completed,2024-05-14,High
54297,228,Starter,North,203.13,pending,2024-05-14,High
54298,669,Mid-Market,East,140.84,completed,2024-05-14,High
54299,101,Mid-Market,South,581.09,completed,2024-05-14,High
54300,484,Starter,Central,62.79,completed,2024-05-14,High
54301,607,Mid-Market,Central,40.86,completed,2024-05-14,High
54302,681,SMB,North,23.02,completed,2024-05-14,High
54303,435,Mid-Market,West,56.36,completed,2024-05-14,High
54304,110,Mid-Market,Central,187.84,completed,2024-05-14,High
54305,783,Starter,South,28.37,pending,2024-05-14,High
54306,790,Enterprise,South,57.1,completed,2024-05-14,High
54307,85,Starter,North,304.97,completed,2024-05-14,High
54308,524,SMB,Central,146.18,shipped,2024-05-14,High
54309,253,SMB,East,25.81,completed,2024-05-14,High
54310,364,Starter,Central,22.33,shipped,2024-05-14,High
54311,494,Mid-Market,Central,24.46,completed,2024-05-14,High
54312,753,Starter,East,441.77,completed,2024-05-14,High
54313,177,Starter,East,299.44,completed,2024-05-14,High
54314,641,Mid-Market,Central,294.59,cancelled,2024-05-14,High
54315,442,Enterprise,North,401.98,completed,2024-05-14,High
54316,199,SMB,West,120.56,completed,2024-05-14,High
54317,690,Mid-Market,West,57.62,completed,2024-05-14,High
54318,826,Enterprise,Central,91.96,completed,2024-05-14,High
54319,650,Starter,East,205.34,pending,2024-05-14,High
54320,272,SMB,Central,328.16,completed,2024-05-14,High
54321,703,Starter,North,100.66,pending,2024-05-15,High
54322,412,Enterprise,West,129.98,completed,2024-05-15,High
54323,334,Mid-Market,Central,417.76,pending,2024-05-15,High
54324,589,Mid-Market,North,32.06,completed,2024-05-15,High
54325,283,Starter,West,312.4,pending,2024-05-15,High
54326,725,Starter,South,41.03,completed,2024-05-15,High
54327,159,Mid-Market,East,114.21,shipped,2024-05-15,High
54328,607,Mid-Market,Central,51.97,completed,2024-05-15,High
54329,858,Starter,East,153.55,completed,2024-05-15,High
54330,375,Mid-Market,East,137.66,shipped,2024-05-15,High
54331,533,Enterprise,Central,86.71,completed,2024-05-15,High
54332,286,Mid-Market,Central,313.5,pending,2024-05-15,High
54333,36,SMB,Central,176.74,completed,2024-05-15,High
54334,888,Mid-Market,Central,206.59,completed,2024-05-15,High
54335,693,Starter,North,39.49,pending,2024-05-15,High
54336,306,Enterprise,West,337.05,completed,2024-05-15,High
54337,877,SMB,East,42.42,completed,2024-05-15,High
54338,187,SMB,North,52.81,cancelled,2024-05-15,High
54339,336,Mid-Market,Central,35.55,completed,2024-05-15,High
54340,204,SMB,North,102.07,completed,2024-05-15,High
54341,833,Mid-Market,North,343.0,completed,2024-05-15,High
54342,246,Enterprise,East,58.64,pending,2024-05-15,High
54343,584,Starter,West,85.2,cancelled,2024-05-15,High
54344,683,Mid-Market,West,295.69,cancelled,2024-05-15,High
54345,387,Starter,East,159.28,completed,2024-05-15,High
54346,341,Starter,North,223.92,completed,2024-05-15,High
54347,57,Mid-Market,East,51.12,completed,2024-05-15,High
54348,474,SMB,North,204.08,completed,2024-05-15,High
54349,141,Enterprise,West,53.74,completed,2024-05-15,High
54350,382,Starter,South,670.09,completed,2024-05-15,High
54351,821,SMB,South,138.11,pending,2024-05-15,High
54352,481,Starter,West,193.43,shipped,2024-05-15,High
54353,348,Mid-Market,North,33.9,completed,2024-05-16,High
54354,853,Mid-Market,South,58.28,cancelled,2024-05-16,High
54355,420,SMB,West,37.58,cancelled,2024-05-16,High
54356,165,Mid-Market,South,89.19,completed,2024-05-16,High
54357,467,Starter,South,65.14,completed,2024-05-16,High
54358,248,Enterprise,South,213.03,completed,2024-05-16,High
54359,583,Starter,South,32.26,completed,2024-05-16,High
54360,383,Starter,West,224.18,completed,2024-05-16,High
54361,468,SMB,Central,22.02,completed,2024-05-16,High
54362,557,Mid-Market,West,48.85,pending,2024-05-16,High
54363,345,Starter,East,250.51,completed,2024-05-16,High
54364,429,Starter,Central,218.67,completed,2024-05-16,High
54365,282,Starter,West,112.03,completed,2024-05-16,High
54366,485,Starter,Central,22.69,completed,2024-05-16,High
54367,247,Starter,South,156.2,completed,2024-05-16,High
54368,384,SMB,South,93.31,completed,2024-05-16,High
54369,873,Starter,North,72.09,cancelled,2024-05-16,High
54370,753,Starter,East,168.42,completed,2024-05-16,High
54371,685,Enterprise,Central,101.07,shipped,2024-05-16,High
54372,211,Starter,West,29.55,completed,2024-05-16,High
54373,530,SMB,Central,386.45,completed,2024-05-16,High
54374,428,SMB,North,241.1,completed,2024-05-16,High
54375,444,Starter,South,23.7,shipped,2024-05-16,High
54376,66,Starter,Central,126.69,pending,2024-05-16,High
54377,613,Starter,West,28.06,completed,2024-05-16,High
54378,289,Starter,East,287.37,completed,2024-05-16,High
54379,401,Mid-Market,Central,157.4,completed,2024-05-16,High
54380,452,Starter,East,43.39,shipped,2024-05-16,High
54381,610,Starter,North,18.14,completed,2024-05-16,High
54382,378,Mid-Market,East,19.81,completed,2024-05-16,High
54383,500,Enterprise,West,121.2,completed,2024-05-16,High
54384,490,SMB,East,213.85,completed,2024-05-16,High
54385,73,Mid-Market,North,34.32,pending,2024-05-17,High
54386,438,SMB,West,52.52,completed,2024-05-17,High
54387,295,Mid-Market,South,74.46,completed,2024-05-17,High
54388,260,Mid-Market,East,51.9,completed,2024-05-17,High
54389,876,Mid-Market,East,89.47,completed,2024-05-17,High
54390,587,Mid-Market,North,138.02,completed,2024-05-17,High
54391,283,Starter,West,188.25,shipped,2024-05-17,High
54392,274,Enterprise,East,512.7,completed,2024-05-17,High
54393,783,Starter,South,415.71,completed,2024-05-17,High
54394,708,SMB,South,141.64,completed,2024-05-17,High
54395,220,SMB,North,213.72,shipped,2024-05-17,High
54396,715,Starter,East,467.0,completed,2024-05-17,High
54397,1003,,,28.07,shipped,2024-05-17,High
54398,528,Starter,North,15.85,completed,2024-05-17,High
54399,567,Starter,South,19.54,shipped,2024-05-17,High
54400,529,Mid-Market,East,139.29,completed,2024-05-17,High
54401,109,Mid-Market,East,230.85,completed,2024-05-17,High
54402,165,Mid-Market,South,83.61,completed,2024-05-17,High
54403,817,Starter,North,133.2,pending,2024-05-17,High
54404,534,Starter,North,123.96,pending,2024-05-17,High
54405,892,SMB,Central,29.94,shipped,2024-05-17,High
54406,649,SMB,East,73.2,shipped,2024-05-17,High
54407,14,Mid-Market,South,17.94,completed,2024-05-17,High
54408,832,Starter,North,32.6,completed,2024-05-17,High
54409,715,Starter,East,265.58,cancelled,2024-05-17,High
54410,653,Starter,East,280.28,pending,2024-05-17,High
54411,713,Starter,West,257.88,completed,2024-05-17,High
54412,10,SMB,East,209.64,completed,2024-05-17,High
54413,665,Mid-Market,Central,251.48,completed,2024-05-17,High
54414,447,Enterprise,West,181.75,completed,2024-05-17,High
54415,187,SMB,North,181.22,completed,2024-05-17,High
54416,314,Enterprise,East,180.1,completed,2024-05-17,High
54417,70,Enterprise,West,123.25,completed,2024-05-18,High
54418,88,Starter,North,82.73,shipped,2024-05-18,High
54419,855,Mid-Market,West,211.51,shipped,2024-05-18,High
54420,856,Mid-Market,North,68.21,shipped,2024-05-18,High
54421,601,Mid-Market,East,132.43,shipped,2024-05-18,High
54422,279,SMB,East,100.2,completed,2024-05-18,High
54423,728,SMB,East,63.57,shipped,2024-05-18,High
54424,344,Starter,North,566.48,completed,2024-05-18,High
54425,770,SMB,Central,59.91,cancelled,2024-05-18,High
54426,698,Starter,Central,70.51,completed,2024-05-18,High
54427,678,Starter,Central,41.44,pending,2024-05-18,High
54428,62,Starter,East,274.72,completed,2024-05-18,High
54429,616,Enterprise,East,147.5,completed,2024-05-18,High
54430,728,SMB,East,157.41,completed,2024-05-18,High
54431,459,Mid-Market,South,272.69,completed,2024-05-18,High
54432,622,Mid-Market,North,77.99,completed,2024-05-18,High
54433,408,Mid-Market,Central,47.28,completed,2024-05-18,High
54434,337,SMB,South,48.17,shipped,2024-05-18,High
54435,25,Starter,Central,212.86,completed,2024-05-18,High
54436,234,Starter,West,157.83,completed,2024-05-18,High
54437,795,Mid-Market,Central,49.66,completed,2024-05-18,High
54438,899,Mid-Market,South,38.51,completed,2024-05-18,High
54439,525,SMB,West,34.29,completed,2024-05-18,High
54440,749,Enterprise,South,163.25,completed,2024-05-18,High
54441,887,Starter,West,15.02,cancelled,2024-05-18,High
54442,515,Mid-Market,West,17.77,completed,2024-05-18,High
54443,558,Mid-Market,South,89.03,shipped,2024-05-18,High
54444,834,Mid-Market,North,191.33,shipped,2024-05-18,High
54445,421,SMB,South,193.14,pending,2024-05-18,High
54446,89,SMB,North,99.35,completed,2024-05-18,High
54447,862,Starter,East,191.2,completed,2024-05-18,High
54448,276,Starter,South,125.44,completed,2024-05-18,High
54449,802,Mid-Market,North,580.39,pending,2024-05-19,High
54450,786,Enterprise,West,41.59,completed,2024-05-19,High
54451,638,Mid-Market,South,152.69,cancelled,2024-05-19,High
54452,893,SMB,West,116.37,completed,2024-05-19,High
54453,251,Starter,West,47.44,completed,2024-05-19,High
54454,619,SMB,North,222.94,completed,2024-05-19,High
54455,526,Starter,South,63.34,completed,2024-05-19,High
54456,607,Mid-Market,Central,87.12,pending,2024-05-19,High
54457,559,SMB,Central,85.46,completed,2024-05-19,High
54458,309,SMB,Central,57.0,completed,2024-05-19,High
54459,71,SMB,North,99.5,completed,2024-05-19,High
54460,648,Starter,West,111.18,completed,2024-05-19,High
54461,674,Starter,West,219.52,completed,2024-05-19,High
54462,743,SMB,North,232.27,completed,2024-05-19,High
54463,93,SMB,South,40.9,completed,2024-05-19,High
54464,159,Mid-Market,East,149.76,completed,2024-05-19,High
54465,192,SMB,East,354.79,completed,2024-05-19,High
54466,194,Starter,North,32.28,completed,2024-05-19,High
54467,193,Enterprise,Central,111.06,completed,2024-05-19,High
54468,694,Mid-Market,West,223.16,shipped,2024-05-19,High
54469,799,Starter,South,156.82,pending,2024-05-19,High
54470,233,Starter,Central,30.9,shipped,2024-05-19,High
54471,375,Mid-Market,East,90.78,cancelled,2024-05-19,High
54472,345,Starter,East,121.16,completed,2024-05-19,High
54473,200,SMB,Central,837.54,completed,2024-05-19,High
54474,508,SMB,East,44.51,completed,2024-05-19,High
54475,189,Starter,East,621.18,completed,2024-05-19,High
54476,796,SMB,Central,85.78,completed,2024-05-19,High
54477,569,Enterprise,South,48.53,shipped,2024-05-19,High
54478,339,Starter,East,95.19,completed,2024-05-19,High
54479,808,Enterprise,East,157.79,completed,2024-05-19,High
54480,188,Starter,East,51.02,completed,2024-05-19,High
54481,420,SMB,West,66.68,completed,2024-05-20,High
54482,643,Mid-Market,Central,304.18,completed,2024-05-20,High
54483,371,Mid-Market,South,1052.59,shipped,2024-05-20,High
54484,309,SMB,Central,72.45,completed,2024-05-20,High
54485,670,Starter,Central,39.18,pending,2024-05-20,High
54486,776,Mid-Market,West,251.38,cancelled,2024-05-20,High
54487,733,Starter,North,152.61,completed,2024-05-20,High
54488,866,Starter,South,30.87,completed,2024-05-20,High
54489,345,Starter,East,454.97,shipped,2024-05-20,High
54490,111,Starter,South,27.19,completed,2024-05-20,High
54491,425,Mid-Market,Central,162.27,completed,2024-05-20,High
54492,885,SMB,West,97.73,pending,2024-05-20,High
54493,660,Starter,West,137.0,completed,2024-05-20,High
54494,884,Mid-Market,South,50.97,completed,2024-05-20,High
54495,348,Mid-Market,North,189.77,completed,2024-05-20,High
54496,840,Starter,South,496.78,completed,2024-05-20,High
54497,644,Starter,West,106.99,completed,2024-05-20,High
54498,898,SMB,East,126.02,completed,2024-05-20,High
54499,571,Starter,South,56.13,completed,2024-05-20,High
54500,112,Mid-Market,East,348.66,completed,2024-05-20,High
54501,551,Starter,West,546.97,cancelled,2024-05-20,High
54502,598,Mid-Market,South,246.48,pending,2024-05-20,High
54503,783,Starter,South,132.39,completed,2024-05-20,High
54504,349,Starter,West,486.28,completed,2024-05-20,High
54505,836,Starter,East,40.06,completed,2024-05-20,High
54506,132,Mid-Market,South,112.65,completed,2024-05-20,High
54507,186,Starter,West,130.7,pending,2024-05-20,High
54508,327,Starter,North,116.57,completed,2024-05-20,High
54509,799,Starter,South,258.24,completed,2024-05-20,High
54510,408,Mid-Market,Central,181.48,completed,2024-05-20,High
54511,165,Mid-Market,South,35.31,shipped,2024-05-20,High
54512,420,SMB,West,78.8,pending,2024-05-20,High
54513,435,Mid-Market,West,77.12,completed,2024-05-21,High
54514,47,Starter,Central,140.08,completed,2024-05-21,High
54515,584,Starter,West,66.68,completed,2024-05-21,High
54516,310,Starter,Central,33.71,completed,2024-05-21,High
54517,320,Starter,East,174.06,completed,2024-05-21,High
54518,378,Mid-Market,East,300.61,pending,2024-05-21,High
54519,445,SMB,Central,417.38,completed,2024-05-21,High
54520,521,Starter,South,554.46,pending,2024-05-21,High
54521,270,Starter,Central,242.88,cancelled,2024-05-21,High
54522,490,SMB,East,37.57,completed,2024-05-21,High
54523,169,Mid-Market,Central,302.71,completed,2024-05-21,High
54524,558,Mid-Market,South,91.61,pending,2024-05-21,High
54525,405,Starter,South,211.35,completed,2024-05-21,High
54526,564,Mid-Market,North,128.66,completed,2024-05-21,High
54527,220,SMB,North,279.57,completed,2024-05-21,High
54528,876,Mid-Market,East,98.14,completed,2024-05-21,High
54529,668,Mid-Market,West,24.57,completed,2024-05-21,High
54530,29,Starter,South,137.07,completed,2024-05-21,High
54531,320,Starter,East,43.18,completed,2024-05-21,High
54532,387,Starter,East,520.1,completed,2024-05-21,High
54533,439,SMB,South,127.29,completed,2024-05-21,High
54534,238,Mid-Market,West,135.97,completed,2024-05-21,High
54535,858,Starter,East,371.7,completed,2024-05-21,High
54536,86,Starter,Central,161.96,completed,2024-05-21,High
54537,123,Starter,North,69.09,completed,2024-05-21,High
54538,83,Starter,Central,67.67,shipped,2024-05-21,High
54539,515,Mid-Market,West,119.45,shipped,2024-05-21,High
54540,722,Mid-Market,West,317.17,shipped,2024-05-21,High
54541,676,Enterprise,South,252.51,pending,2024-05-21,High
54542,690,Mid-Market,West,508.48,completed,2024-05-21,High
54543,749,Enterprise,South,26.19,completed,2024-05-21,High
54544,379,SMB,North,61.86,completed,2024-05-21,High
54545,595,SMB,North,27.54,pending,2024-05-22,High
54546,815,SMB,West,223.59,shipped,2024-05-22,High
54547,63,SMB,West,37.77,completed,2024-05-22,High
54548,816,Starter,South,30.79,completed,2024-05-22,High
54549,256,Starter,West,138.72,completed,2024-05-22,High
54550,863,Starter,South,94.52,completed,2024-05-22,High
54551,832,Starter,North,203.34,completed,2024-05-22,High
54552,726,SMB,Central,115.13,pending,2024-05-22,High
54553,732,SMB,Central,98.1,completed,2024-05-22,High
54554,137,Starter,Central,98.14,pending,2024-05-22,High
54555,164,Starter,Central,323.21,completed,2024-05-22,High
54556,1011,,,90.43,completed,2024-05-22,High
54557,622,Mid-Market,North,75.83,pending,2024-05-22,High
54558,791,Mid-Market,West,76.99,completed,2024-05-22,High
54559,625,Starter,South,47.84,completed,2024-05-22,High
54560,96,Starter,Central,310.66,shipped,2024-05-22,High
54561,41,Mid-Market,South,38.78,pending,2024-05-22,High
54562,505,Starter,West,373.89,completed,2024-05-22,High
54563,778,SMB,Central,65.0,completed,2024-05-22,High
54564,622,Mid-Market,North,359.53,completed,2024-05-22,High
54565,837,Enterprise,West,249.68,pending,2024-05-22,High
54566,414,Starter,South,145.84,cancelled,2024-05-22,High
54567,93,SMB,South,181.06,completed,2024-05-22,High
54568,340,Mid-Market,Central,74.14,completed,2024-05-22,High
54569,142,Starter,Central,143.08,pending,2024-05-22,High
54570,804,Starter,West,66.88,completed,2024-05-22,High
54571,190,Mid-Market,North,92.19,completed,2024-05-22,High
54572,239,Starter,East,232.01,completed,2024-05-22,High
54573,465,Enterprise,South,56.94,completed,2024-05-22,High
54574,332,SMB,South,288.81,completed,2024-05-22,High
54575,181,Starter,East,85.71,completed,2024-05-22,High
54576,781,Starter,West,128.95,completed,2024-05-22,High
54577,182,Mid-Market,Central,441.99,pending,2024-05-23,High
54578,615,SMB,Central,186.5,completed,2024-05-23,High
54579,289,Starter,East,170.6,completed,2024-05-23,High
54580,828,Starter,North,201.52,pending,2024-05-23,High
54581,454,Enterprise,South,390.36,shipped,2024-05-23,High
54582,230,Starter,West,57.86,completed,2024-05-23,High
54583,754,Starter,West,157.49,completed,2024-05-23,High
54584,238,Mid-Market,West,91.72,completed,2024-05-23,High
54585,616,Enterprise,East,16.79,completed,2024-05-23,High
54586,98,Starter,West,35.08,completed,2024-05-23,High
54587,602,Starter,South,73.95,completed,2024-05-23,High
54588,147,Starter,East,139.86,completed,2024-05-23,High
54589,450,Mid-Market,West,334.89,shipped,2024-05-23,High
54590,90,Starter,West,249.9,completed,2024-05-23,High
54591,787,Starter,South,135.89,completed,2024-05-23,High
54592,807,Enterprise,West,26.51,completed,2024-05-23,High
54593,432,SMB,West,65.51,completed,2024-05-23,High
54594,871,Starter,North,83.52,completed,2024-05-23,High
54595,41,Mid-Market,South,160.82,shipped,2024-05-23,High
54596,288,Starter,West,25.07,shipped,2024-05-23,High
54597,646,SMB,East,128.32,shipped,2024-05-23,High
54598,272,SMB,Central,362.6,completed,2024-05-23,High
54599,503,Starter,North,198.34,completed,2024-05-23,High
54600,639,Starter,North,254.24,completed,2024-05-23,High
54601,215,SMB,West,186.7,completed,2024-05-23,High
54602,781,Starter,West,49.71,shipped,2024-05-23,High
54603,402,Enterprise,North,32.56,pending,2024-05-23,High
54604,327,Starter,North,280.34,shipped,2024-05-23,High
54605,136,Starter,East,193.36,shipped,2024-05-23,High
54606,174,Mid-Market,South,143.37,cancelled,2024-05-23,Low
54607,179,Enterprise,East,46.48,completed,2024-05-23,High
54608,137,Starter,Central,153.7,cancelled,2024-05-23,High
54609,846,Starter,South,19.77,completed,2024-05-24,High
54610,32,Mid-Market,North,33.98,shipped,2024-05-24,High
54611,26,SMB,South,71.07,completed,2024-05-24,High
54612,116,SMB,North,102.98,completed,2024-05-24,High
54613,679,Enterprise,West,34.27,shipped,2024-05-24,High
54614,424,Starter,Central,34.16,completed,2024-05-24,High
54615,109,Mid-Market,East,209.14,pending,2024-05-24,High
54616,351,Starter,West,141.5,completed,2024-05-24,High
54617,661,Starter,Central,129.45,completed,2024-05-24,High
54618,742,Starter,North,105.34,completed,2024-05-24,High
54619,356,Starter,West,577.89,completed,2024-05-24,High
54620,50,Mid-Market,Central,22.66,completed,2024-05-24,High
54621,232,Starter,Central,44.88,completed,2024-05-24,High
54622,211,Starter,West,171.41,completed,2024-05-24,High
54623,768,SMB,North,36.99,completed,2024-05-24,High
54624,149,Mid-Market,Central,148.51,completed,2024-05-24,High
54625,235,Mid-Market,West,140.82,completed,2024-05-24,High
54626,30,Mid-Market,East,546.1,cancelled,2024-05-24,High
54627,141,Enterprise,West,337.33,completed,2024-05-24,High
54628,872,Starter,West,451.58,completed,2024-05-24,High
54629,542,Starter,East,33.09,completed,2024-05-24,High
54630,652,Starter,Central,318.91,completed,2024-05-24,High
54631,869,SMB,North,35.73,completed,2024-05-24,High
54632,55,Starter,South,165.33,completed,2024-05-24,High
54633,85,Starter,North,205.99,completed,2024-05-24,High
54634,436,SMB,West,41.31,completed,2024-05-24,High
54635,204,SMB,North,165.22,completed,2024-05-24,High
54636,509,Enterprise,Central,23.08,shipped,2024-05-24,High
54637,406,SMB,East,67.07,completed,2024-05-24,High
54638,446,Enterprise,South,396.05,completed,2024-05-24,High
54639,487,Mid-Market,West,43.26,completed,2024-05-24,High
54640,775,SMB,Central,25.12,completed,2024-05-24,High
54641,273,SMB,Central,102.96,completed,2024-05-25,High
54642,177,Starter,East,300.19,completed,2024-05-25,High
54643,250,SMB,West,26.97,completed,2024-05-25,High
54644,525,SMB,West,80.9,completed,2024-05-25,High
54645,401,Mid-Market,Central,360.05,completed,2024-05-25,High
54646,694,Mid-Market,West,33.86,completed,2024-05-25,High
54647,520,Mid-Market,West,70.8,completed,2024-05-25,High
54648,590,Mid-Market,North,241.05,completed,2024-05-25,High
54649,264,Starter,South,132.53,completed,2024-05-25,High
54650,856,Mid-Market,North,282.87,completed,2024-05-25,High
54651,303,Starter,South,32.75,shipped,2024-05-25,High
54652,544,Starter,South,394.9,shipped,2024-05-25,High
54653,233,Starter,Central,424.8,completed,2024-05-25,High
54654,313,Mid-Market,West,40.32,pending,2024-05-25,High
54655,1009,,,20.17,completed,2024-05-25,High
54656,188,Starter,East,703.41,completed,2024-05-25,High
54657,571,Starter,South,113.74,completed,2024-05-25,High
54658,481,Starter,West,142.32,completed,2024-05-25,High
54659,232,Starter,Central,158.53,completed,2024-05-25,High
54660,18,Starter,Central,248.86,completed,2024-05-25,High
54661,369,Mid-Market,South,265.69,completed,2024-05-25,High
54662,308,Starter,North,47.34,pending,2024-05-25,High
54663,92,SMB,East,55.5,completed,2024-05-25,High
54664,58,Mid-Market,Central,329.13,cancelled,2024-05-25,High
54665,471,Mid-Market,North,271.82,completed,2024-05-25,High
54666,466,Starter,West,159.2,completed,2024-05-25,High
54667,485,Starter,Central,800.98,completed,2024-05-25,High
54668,499,Enterprise,Central,214.31,completed,2024-05-25,High
54669,864,Starter,West,51.47,completed,2024-05-25,High
54670,123,Starter,North,296.25,completed,2024-05-25,High
54671,650,Starter,East,95.35,completed,2024-05-25,High
54672,325,Enterprise,West,20.52,completed,2024-05-25,High
54673,457,Mid-Market,East,73.16,completed,2024-05-26,High
54674,503,Starter,North,231.3,completed,2024-05-26,High
54675,162,Starter,West,498.61,cancelled,2024-05-26,High
54676,47,Starter,Central,63.47,completed,2024-05-26,High
54677,592,Starter,North,57.46,pending,2024-05-26,High
54678,307,Starter,North,139.39,completed,2024-05-26,High
54679,125,Mid-Market,West,265.45,completed,2024-05-26,High
54680,375,Mid-Market,East,220.87,completed,2024-05-26,High
54681,381,Mid-Market,North,138.13,completed,2024-05-26,High
54682,1004,,,164.7,cancelled,2024-05-26,High
54683,35,Enterprise,West,56.58,completed,2024-05-26,High
54684,508,SMB,East,100.0,pending,2024-05-26,High
54685,255,Mid-Market,Central,59.23,shipped,2024-05-26,High
54686,210,Mid-Market,South,338.67,completed,2024-05-26,High
54687,709,Starter,North,32.91,completed,2024-05-26,High
54688,407,Starter,West,185.79,completed,2024-05-26,High
54689,517,Starter,West,60.22,completed,2024-05-26,High
54690,780,Starter,East,111.82,completed,2024-05-26,High
54691,538,Mid-Market,South,68.38,completed,2024-05-26,High
54692,1012,,,73.57,completed,2024-05-26,High
54693,419,Starter,East,60.25,completed,2024-05-26,High
54694,88,Starter,North,224.63,completed,2024-05-26,High
54695,565,Starter,South,83.29,pending,2024-05-26,High
54696,177,Starter,East,209.39,completed,2024-05-26,High
54697,713,Starter,West,106.34,completed,2024-05-26,High
54698,461,Mid-Market,North,133.86,completed,2024-05-26,High
54699,449,Starter,South,132.56,shipped,2024-05-26,High
54700,453,Starter,East,573.53,completed,2024-05-26,High
54701,22,Mid-Market,East,83.61,cancelled,2024-05-26,High
54702,792,Starter,West,49.92,cancelled,2024-05-26,High
54703,848,Enterprise,North,379.21,pending,2024-05-26,High
54704,846,Starter,South,43.83,completed,2024-05-26,High
54705,241,Enterprise,West,284.75,completed,2024-05-27,High
54706,878,Starter,North,39.42,pending,2024-05-27,High
54707,493,Starter,South,176.26,shipped,2024-05-27,High
54708,397,SMB,East,39.47,pending,2024-05-27,High
54709,889,Mid-Market,West,399.76,completed,2024-05-27,High
54710,607,Mid-Market,Central,139.86,completed,2024-05-27,High
54711,19,Starter,South,74.91,completed,2024-05-27,High
54712,485,Starter,Central,37.68,shipped,2024-05-27,High
54713,437,Mid-Market,West,84.59,shipped,2024-05-27,High
54714,668,Mid-Market,West,198.13,completed,2024-05-27,High
54715,179,Enterprise,East,87.91,completed,2024-05-27,High
54716,629,Mid-Market,South,57.37,completed,2024-05-27,High
54717,797,Enterprise,Central,144.2,completed,2024-05-27,High
54718,573,Starter,West,96.15,completed,2024-05-27,High
54719,211,Starter,West,42.19,completed,2024-05-27,High
54720,573,Starter,West,40.08,completed,2024-05-27,High
54721,416,Starter,Central,199.37,completed,2024-05-27,High
54722,322,SMB,North,566.38,pending,2024-05-27,High
54723,509,Enterprise,Central,54.81,shipped,2024-05-27,High
54724,1007,,,237.52,shipped,2024-05-27,High
54725,349,Starter,West,28.75,shipped,2024-05-27,High
54726,881,Mid-Market,Central,87.09,completed,2024-05-27,High
54727,88,Starter,North,120.99,shipped,2024-05-27,High
54728,722,Mid-Market,West,61.95,cancelled,2024-05-27,High
54729,832,Starter,North,128.12,completed,2024-05-27,High
54730,691,Starter,West,336.34,completed,2024-05-27,High
54731,83,Starter,Central,448.54,shipped,2024-05-27,High
54732,474,SMB,North,30.9,pending,2024-05-27,High
54733,830,Starter,South,62.59,completed,2024-05-27,High
54734,175,Starter,Central,595.44,completed,2024-05-27,High
54735,295,Mid-Market,South,62.29,pending,2024-05-27,High
54736,772,SMB,West,191.99,pending,2024-05-27,High
54737,821,SMB,South,58.84,completed,2024-05-28,High
54738,241,Enterprise,West,81.09,completed,2024-05-28,High
54739,296,Starter,West,46.85,completed,2024-05-28,High
54740,457,Mid-Market,East,306.0,completed,2024-05-28,High
54741,458,Starter,Central,336.39,pending,2024-05-28,High
54742,575,SMB,North,67.84,completed,2024-05-28,High
54743,604,Mid-Market,Central,275.24,completed,2024-05-28,High
54744,647,Starter,South,81.53,pending,2024-05-28,High
54745,235,Mid-Market,West,30.64,completed,2024-05-28,High
54746,68,SMB,West,227.87,shipped,2024-05-28,High
54747,483,Starter,East,151.12,completed,2024-05-28,High
54748,429,Starter,Central,63.11,shipped,2024-05-28,High
54749,288,Starter,West,58.75,cancelled,2024-05-28,High
54750,704,Mid-Market,South,572.12,completed,2024-05-28,High
54751,454,Enterprise,South,312.62,shipped,2024-05-28,High
54752,508,SMB,East,263.95,cancelled,2024-05-28,High
54753,146,Mid-Market,East,35.55,cancelled,2024-05-28,High
54754,144,Starter,East,226.09,completed,2024-05-28,High
54755,596,Starter,East,51.22,completed,2024-05-28,High
54756,837,Enterprise,West,583.4,completed,2024-05-28,High
54757,639,Starter,North,23.02,completed,2024-05-28,High
54758,883,Mid-Market,Central,80.11,completed,2024-05-28,High
54759,1016,,,98.96,completed,2024-05-28,High
54760,124,Mid-Market,East,275.76,shipped,2024-05-28,High
54761,576,Enterprise,West,233.01,completed,2024-05-28,High
54762,132,Mid-Market,South,85.5,pending,2024-05-28,High
54763,658,Starter,East,140.05,shipped,2024-05-28,High
54764,11,Mid-Market,South,285.81,completed,2024-05-28,High
54765,734,Starter,Central,17.76,completed,2024-05-28,High
54766,433,Starter,Central,258.06,shipped,2024-05-28,High
54767,870,Enterprise,Central,455.33,completed,2024-05-28,High
54768,582,Enterprise,North,19.89,completed,2024-05-28,High
54769,190,Mid-Market,North,22.0,pending,2024-05-29,High
54770,646,SMB,East,78.36,completed,2024-05-29,High
54771,40,Starter,East,28.78,pending,2024-05-29,High
54772,399,SMB,West,112.88,pending,2024-05-29,High
54773,185,Starter,East,210.69,completed,2024-05-29,High
54774,43,Mid-Market,North,140.52,shipped,2024-05-29,High
54775,239,Starter,East,47.8,completed,2024-05-29,High
54776,316,Starter,West,174.55,pending,2024-05-29,High
54777,490,SMB,East,188.21,shipped,2024-05-29,High
54778,1001,,,419.22,completed,2024-05-29,High
54779,814,Enterprise,Central,38.81,completed,2024-05-29,High
54780,375,Mid-Market,East,191.81,completed,2024-05-29,High
54781,122,SMB,North,378.59,completed,2024-05-29,High
54782,481,Starter,West,119.44,cancelled,2024-05-29,High
54783,733,Starter,North,82.37,completed,2024-05-29,High
54784,810,Mid-Market,West,43.08,completed,2024-05-29,High
54785,480,Starter,North,317.37,completed,2024-05-29,High
54786,491,Starter,South,90.19,completed,2024-05-29,High
54787,175,Starter,Central,403.31,shipped,2024-05-29,High
54788,227,Enterprise,South,297.34,completed,2024-05-29,High
54789,305,SMB,East,85.89,shipped,2024-05-29,High
54790,443,Starter,West,142.97,shipped,2024-05-29,High
54791,129,Mid-Market,East,19.13,completed,2024-05-29,High
54792,574,Starter,East,60.82,completed,2024-05-29,High
54793,104,Starter,West,200.82,completed,2024-05-29,High
54794,664,Mid-Market,South,184.94,completed,2024-05-29,High
54795,806,SMB,Central,80.4,completed,2024-05-29,High
54796,649,SMB,East,263.01,pending,2024-05-29,High
54797,433,Starter,Central,55.35,cancelled,2024-05-29,High
54798,486,Enterprise,North,107.78,completed,2024-05-29,High
54799,549,Starter,East,110.95,completed,2024-05-29,High
54800,407,Starter,West,77.51,completed,2024-05-29,High
54801,845,Mid-Market,West,479.06,shipped,2024-05-30,High
54802,175,Starter,Central,193.95,completed,2024-05-30,High
54803,178,Starter,South,131.22,completed,2024-05-30,High
54804,238,Mid-Market,West,122.16,completed,2024-05-30,High
54805,722,Mid-Market,West,41.03,shipped,2024-05-30,High
54806,154,Starter,West,84.83,completed,2024-05-30,High
54807,368,Enterprise,South,182.57,completed,2024-05-30,High
54808,122,SMB,North,402.68,completed,2024-05-30,High
54809,661,Starter,Central,269.3,completed,2024-05-30,High
54810,662,Enterprise,Central,68.58,pending,2024-05-30,High
54811,63,SMB,West,100.36,completed,2024-05-30,High
54812,802,Mid-Market,North,27.98,completed,2024-05-30,High
54813,721,Enterprise,East,31.17,pending,2024-05-30,High
54814,466,Starter,West,110.3,completed,2024-05-30,High
54815,50,Mid-Market,Central,128.32,completed,2024-05-30,High
54816,653,Starter,East,60.98,pending,2024-05-30,High
54817,49,Starter,North,169.41,shipped,2024-05-30,High
54818,50,Mid-Market,Central,197.3,completed,2024-05-30,High
54819,749,Enterprise,South,68.31,shipped,2024-05-30,High
54820,421,SMB,South,228.09,shipped,2024-05-30,High
54821,890,Mid-Market,West,49.53,completed,2024-05-30,High
54822,268,SMB,North,132.87,completed,2024-05-30,High
54823,334,Mid-Market,Central,259.66,completed,2024-05-30,High
54824,306,Enterprise,West,130.51,cancelled,2024-05-30,High
54825,109,Mid-Market,East,372.83,cancelled,2024-05-30,High
54826,382,Starter,South,24.04,completed,2024-05-30,High
54827,608,Starter,East,148.12,completed,2024-05-30,High
54828,855,Mid-Market,West,138.75,completed,2024-05-30,High
54829,31,Starter,South,176.98,completed,2024-05-30,High
54830,360,Starter,North,283.83,completed,2024-05-30,High
54831,532,Enterprise,East,209.11,completed,2024-05-30,High
54832,500,Enterprise,West,249.3,completed,2024-05-30,High
54833,822,Mid-Market,Central,66.12,completed,2024-05-31,High
54834,362,Starter,Central,88.53,shipped,2024-05-31,High
54835,680,SMB,South,162.84,shipped,2024-05-31,High
54836,514,SMB,North,135.93,shipped,2024-05-31,High
54837,209,Mid-Market,Central,502.03,completed,2024-05-31,High
54838,475,Starter,West,46.02,shipped,2024-05-31,High
54839,712,Starter,Central,79.91,pending,2024-05-31,High
54840,546,Starter,South,142.56,completed,2024-05-31,High
54841,147,Starter,East,318.7,completed,2024-05-31,High
54842,522,Starter,South,412.5,cancelled,2024-05-31,High
54843,648,Starter,West,76.43,completed,2024-05-31,High
54844,854,SMB,East,25.42,completed,2024-05-31,High
54845,731,Mid-Market,North,97.13,completed,2024-05-31,High
54846,289,Starter,East,90.22,completed,2024-05-31,High
54847,197,SMB,West,660.62,completed,2024-05-31,High
54848,414,Starter,South,99.6,completed,2024-05-31,High
54849,544,Starter,South,69.73,completed,2024-05-31,High
54850,530,SMB,Central,83.21,completed,2024-05-31,High
54851,17,Starter,South,90.86,shipped,2024-05-31,High
54852,535,SMB,North,273.51,cancelled,2024-05-31,High
54853,726,SMB,Central,27.67,completed,2024-05-31,High
54854,635,Mid-Market,West,72.08,completed,2024-05-31,High
54855,25,Starter,Central,523.62,completed,2024-05-31,High
54856,274,Enterprise,East,39.93,completed,2024-05-31,High
54857,503,Starter,North,218.57,cancelled,2024-05-31,High
54858,526,Starter,South,81.1,completed,2024-05-31,High
54859,649,SMB,East,145.76,completed,2024-05-31,High
54860,369,Mid-Market,South,30.73,completed,2024-05-31,High
54861,384,SMB,South,69.88,completed,2024-05-31,High
54862,528,Starter,North,119.23,completed,2024-05-31,High
54863,1020,,,54.54,completed,2024-05-31,High
54864,324,Starter,West,132.09,shipped,2024-05-31,High
54865,639,Starter,North,52.22,completed,2024-06-01,High
54866,770,SMB,Central,172.52,completed,2024-06-01,High
54867,688,Starter,Central,367.07,completed,2024-06-01,High
54868,752,Enterprise,North,28.4,completed,2024-06-01,High
54869,850,Starter,South,51.62,completed,2024-06-01,High
54870,428,SMB,North,294.09,completed,2024-06-01,High
54871,578,Enterprise,North,164.77,shipped,2024-06-01,High
54872,871,Starter,North,27.3,completed,2024-06-01,High
54873,737,Starter,East,114.93,completed,2024-06-01,High
54874,451,SMB,South,50.31,completed,2024-06-01,High
54875,1006,,,48.3,completed,2024-06-01,High
54876,628,SMB,South,438.63,completed,2024-06-01,High
54877,54,SMB,East,230.03,completed,2024-06-01,High
54878,315,SMB,Central,193.72,completed,2024-06-01,High
54879,317,Starter,Central,55.95,completed,2024-06-01,High
54880,41,Mid-Market,South,33.93,completed,2024-06-01,High
54881,638,Mid-Market,South,322.0,completed,2024-06-01,High
54882,184,SMB,North,15.88,completed,2024-06-01,High
54883,876,Mid-Market,East,88.68,completed,2024-06-01,High
54884,205,Starter,East,63.78,completed,2024-06-01,High
54885,138,SMB,Central,141.73,completed,2024-06-01,High
54886,221,Starter,North,58.25,completed,2024-06-01,High
54887,874,Starter,Central,70.92,completed,2024-06-01,High
54888,269,Starter,East,299.61,completed,2024-06-01,High
54889,889,Mid-Market,West,153.64,shipped,2024-06-01,High
54890,541,Enterprise,South,38.62,cancelled,2024-06-01,High
54891,514,SMB,North,209.45,completed,2024-06-01,High
54892,114,SMB,North,49.88,completed,2024-06-01,High
54893,597,Starter,West,100.11,completed,2024-06-01,High
54894,533,Enterprise,Central,171.03,completed,2024-06-01,High
54895,517,Starter,West,62.6,completed,2024-06-01,High
54896,655,Starter,West,87.7,pending,2024-06-01,High
54897,871,Starter,North,213.72,completed,2024-06-02,High
54898,127,SMB,North,431.88,cancelled,2024-06-02,High
54899,581,Starter,Central,128.01,completed,2024-06-02,High
54900,523,Enterprise,North,16.5,completed,2024-06-02,High
54901,831,Mid-Market,East,76.98,shipped,2024-06-02,High
54902,807,Enterprise,West,91.28,pending,2024-06-02,High
54903,132,Mid-Market,South,77.14,shipped,2024-06-02,High
54904,631,SMB,East,100.98,shipped,2024-06-02,High
54905,616,Enterprise,East,165.22,completed,2024-06-02,High
54906,844,Enterprise,Central,34.37,completed,2024-06-02,High
54907,625,Starter,South,62.75,completed,2024-06-02,High
54908,171,Starter,Central,121.28,completed,2024-06-02,High
54909,888,Mid-Market,Central,71.88,cancelled,2024-06-02,High
54910,582,Enterprise,North,723.01,shipped,2024-06-02,High
54911,750,Starter,Central,99.7,shipped,2024-06-02,High
54912,771,Mid-Market,North,320.8,completed,2024-06-02,High
54913,244,Starter,North,355.24,completed,2024-06-02,High
54914,108,SMB,Central,286.19,pending,2024-06-02,High
54915,165,Mid-Market,South,22.21,completed,2024-06-02,High
54916,33,Mid-Market,East,457.75,completed,2024-06-02,High
54917,575,SMB,North,35.67,shipped,2024-06-02,High
54918,583,Starter,South,20.25,completed,2024-06-02,High
54919,541,Enterprise,South,95.26,cancelled,2024-06-02,High
54920,659,Starter,East,47.47,completed,2024-06-02,High
54921,573,Starter,West,45.54,completed,2024-06-02,High
54922,229,SMB,South,65.91,completed,2024-06-02,High
54923,215,SMB,West,57.83,completed,2024-06-02,High
54924,227,Enterprise,South,188.18,completed,2024-06-02,High
54925,633,Starter,South,46.01,completed,2024-06-02,High
54926,881,Mid-Market,Central,132.5,pending,2024-06-02,High
54927,619,SMB,North,659.95,pending,2024-06-02,High
54928,610,Starter,North,99.95,completed,2024-06-02,High
54929,645,Mid-Market,West,169.03,completed,2024-06-03,High
54930,795,Mid-Market,Central,537.87,completed,2024-06-03,High
54931,850,Starter,South,37.21,shipped,2024-06-03,High
54932,376,Starter,Central,96.35,completed,2024-06-03,High
54933,175,Starter,Central,299.76,completed,2024-06-03,High
54934,400,SMB,West,418.91,completed,2024-06-03,High
54935,733,Starter,North,152.91,completed,2024-06-03,High
54936,536,Enterprise,East,38.22,completed,2024-06-03,High
54937,177,Starter,East,362.61,shipped,2024-06-03,High
54938,523,Enterprise,North,43.76,cancelled,2024-06-03,High
54939,315,SMB,Central,80.28,completed,2024-06-03,High
54940,102,Starter,North,85.62,completed,2024-06-03,High
54941,763,Mid-Market,West,103.94,completed,2024-06-03,High
54942,751,Mid-Market,North,249.22,completed,2024-06-03,High
54943,380,Starter,North,258.03,completed,2024-06-03,High
54944,898,SMB,East,205.76,completed,2024-06-03,High
54945,247,Starter,South,18.36,shipped,2024-06-03,High
54946,752,Enterprise,North,139.81,completed,2024-06-03,High
54947,481,Starter,West,221.45,completed,2024-06-03,High
54948,490,SMB,East,103.22,completed,2024-06-03,High
54949,703,Starter,North,449.89,completed,2024-06-03,High
54950,153,Mid-Market,South,275.43,completed,2024-06-03,High
54951,827,Starter,South,167.48,completed,2024-06-03,High
54952,898,SMB,East,24.67,completed,2024-06-03,High
54953,785,Mid-Market,South,173.48,pending,2024-06-03,High
54954,440,Mid-Market,North,378.85,completed,2024-06-03,High
54955,485,Starter,Central,86.57,completed,2024-06-03,High
54956,335,Mid-Market,North,288.15,completed,2024-06-03,High
54957,541,Enterprise,South,71.35,completed,2024-06-03,High
54958,845,Mid-Market,West,141.63,completed,2024-06-03,High
54959,836,Starter,East,171.8,shipped,2024-06-03,High
54960,265,SMB,South,184.98,completed,2024-06-03,High
54961,561,SMB,Central,336.26,completed,2024-06-04,High
54962,732,SMB,Central,55.11,completed,2024-06-04,High
54963,557,Mid-Market,West,60.65,completed,2024-06-04,High
54964,814,Enterprise,Central,197.63,completed,2024-06-04,High
54965,778,SMB,Central,44.26,pending,2024-06-04,High
54966,793,Starter,South,108.62,completed,2024-06-04,High
54967,551,Starter,West,18.04,shipped,2024-06-04,High
54968,289,Starter,East,37.79,completed,2024-06-04,High
54969,125,Mid-Market,West,185.38,completed,2024-06-04,High
54970,602,Starter,South,221.43,completed,2024-06-04,High
54971,549,Starter,East,33.38,completed,2024-06-04,High
54972,111,Starter,South,53.76,completed,2024-06-04,High
54973,559,SMB,Central,30.62,shipped,2024-06-04,High
54974,364,Starter,Central,100.22,completed,2024-06-04,High
54975,521,Starter,South,35.22,completed,2024-06-04,High
54976,221,Starter,North,101.25,shipped,2024-06-04,High
54977,57,Mid-Market,East,212.57,completed,2024-06-04,High
54978,566,Starter,East,187.51,shipped,2024-06-04,High
54979,93,SMB,South,64.37,completed,2024-06-04,High
54980,260,Mid-Market,East,183.02,completed,2024-06-04,High
54981,84,Mid-Market,North,409.06,completed,2024-06-04,High
54982,873,Starter,North,79.05,completed,2024-06-04,High
54983,224,Starter,Central,74.87,shipped,2024-06-04,High
54984,557,Mid-Market,West,142.1,pending,2024-06-04,High
54985,166,SMB,South,57.26,completed,2024-06-04,High
54986,611,Mid-Market,Central,173.15,completed,2024-06-04,High
54987,638,Mid-Market,South,282.8,completed,2024-06-04,High
54988,488,Starter,West,107.24,completed,2024-06-04,High
54989,526,Starter,South,185.68,completed,2024-06-04,High
54990,191,Mid-Market,Central,173.28,completed,2024-06-04,High
54991,440,Mid-Market,North,20.91,shipped,2024-06-04,High
54992,890,Mid-Market,West,45.39,completed,2024-06-04,High
54993,655,Starter,West,350.98,cancelled,2024-06-05,High
54994,35,Enterprise,West,434.27,completed,2024-06-05,High
54995,188,Starter,East,242.42,cancelled,2024-06-05,High
54996,614,Mid-Market,South,396.22,completed,2024-06-05,High
54997,878,Starter,North,69.82,completed,2024-06-05,High
54998,664,Mid-Market,South,57.7,shipped,2024-06-05,High
54999,222,Starter,South,87.75,shipped,2024-06-05,High
55000,476,Enterprise,South,23.54,shipped,2024-06-05,High
